"","baseMean","log2FoldChange","lfcSE","stat","pvalue","padj"
"ENSG00000000005.6",6.74156736441195,-2.86597933692682,0.344208874999632,-8.32627960836244,8.34226327320606e-17,3.95349083421882e-15
"ENSG00000002745.13",36.5139294975192,-2.75298400964588,0.233007428368375,-11.8150053366261,3.26528181365425e-32,9.5571579393731e-30
"ENSG00000002746.15",55.5011115440422,-1.20599906967952,0.276828827223782,-4.3564793514247,1.32171155322952e-05,7.19112129536919e-05
"ENSG00000002822.15",768.654903468208,1.12025943693674,0.171203935262609,6.54342106808686,6.01272261811689e-11,1.07948499980205e-09
"ENSG00000003436.16",883.333671263901,-1.55192621499383,0.150946641607232,-10.2812901199351,8.55743599103887e-25,1.23924792564306e-22
"ENSG00000004846.16",3399.67399603523,1.33178187894498,0.290246503228817,4.58845107220831,4.46546937327503e-06,2.75157654695414e-05
"ENSG00000005001.10",47.6966632721506,-1.24766352638302,0.304059065582824,-4.10335907594627,4.07194520923844e-05,0.000196263698001123
"ENSG00000005102.14",258.638254212182,-1.70687054023381,0.208808461095369,-8.17433609385319,2.97499453425493e-16,1.28798669617399e-14
"ENSG00000005108.16",209.32936203966,-2.08591108501051,0.162929435742031,-12.8025428647109,1.58669090566787e-37,8.45462146427794e-35
"ENSG00000005421.9",3.82708207645685,-1.43104686427161,0.250282307639041,-5.71773082073175,1.07955976509662e-08,1.23062706958162e-07
"ENSG00000005961.19",44.1481697761648,-1.23423859071612,0.170665690675503,-7.2319080995773,4.76254459235558e-13,1.25517361032012e-11
"ENSG00000005981.13",460.96335031276,-1.81404539053928,0.343507126713065,-5.28095416213759,1.28512842501373e-07,1.14202496472997e-06
"ENSG00000006016.11",237.589819459019,-2.37182259112827,0.230863961317967,-10.273680558836,9.26028454446559e-25,1.33637481332319e-22
"ENSG00000006071.15",8.68530697204718,-1.66398770355242,0.300049450511705,-5.54571155092819,2.92761122886906e-08,3.01107096991477e-07
"ENSG00000006128.12",5.27995275022007,-3.37314327402605,0.432602462389393,-7.79732795646878,6.323175656289e-15,2.21215342278353e-13
"ENSG00000006377.11",112.05803077122,-2.06081064522854,0.257707801114009,-7.99669484711036,1.27803455647468e-15,5.03008259812506e-14
"ENSG00000006606.9",14.9011382289215,-1.12569903239136,0.192646729790786,-5.84333320173079,5.11665287063952e-09,6.23997437234506e-08
"ENSG00000006611.17",7.17247336687429,-2.53246433638545,0.405812560119066,-6.24047795771137,4.36235867871255e-10,6.65351748273949e-09
"ENSG00000006740.17",79.6457119315278,-1.10336498080049,0.129244454952429,-8.53703921925781,1.37704824899005e-17,7.45219782871412e-16
"ENSG00000007001.13",3.50429239807634,-1.00995812946117,0.199501631328683,-5.06240536849168,4.13999575694998e-07,3.28183298970732e-06
"ENSG00000007038.11",386.87404848656,-1.34922746454941,0.346167581931208,-3.89761356919186,9.71452682012279e-05,0.000424424643853614
"ENSG00000007129.18",121.030537249312,-1.09237917249243,0.179329702245944,-6.09145701359761,1.11887631365393e-09,1.55840272614224e-08
"ENSG00000007174.18",429.047903155742,-1.33284208364025,0.310135916320648,-4.29760635095948,1.7265242898642e-05,9.13995701634646e-05
"ENSG00000008196.13",436.899049324682,-2.01170125046924,0.42713196339092,-4.70978859671079,2.47973861782078e-06,1.62457276850358e-05
"ENSG00000009694.13",103.360911229846,-1.93710793300147,0.265897135320495,-7.28517789658249,3.212461170527e-13,8.62508470086841e-12
"ENSG00000009790.15",477.53039047129,-1.08396964403936,0.200153213757938,-5.41569942189533,6.10495853794685e-08,5.83565516913861e-07
"ENSG00000009950.16",62.1658965048591,-1.63250728050556,0.22393568535186,-7.29007204876914,3.09789311103609e-13,8.34289746942318e-12
"ENSG00000010282.15",576.307034874383,1.30589885160524,0.403541206387488,3.236097902605,0.00121175815543912,0.00391200034615199
"ENSG00000010319.7",474.30891776813,-1.19482038926814,0.144300701124777,-8.28007334652498,1.23099437311615e-16,5.67842265654312e-15
"ENSG00000010438.17",56.7892693211651,-2.25526349125393,0.375852734651292,-6.00039133238264,1.96842548920696e-09,2.60398174533316e-08
"ENSG00000011028.14",5185.16613564529,-1.87488520434196,0.168434053667539,-11.1312716372823,8.83657908316825e-29,1.91284322840958e-26
"ENSG00000011083.9",4.46411917827803,-1.17775271053758,0.218701339040461,-5.38521033160974,7.23599814034936e-08,6.80566994137135e-07
"ENSG00000011201.12",315.170468168729,-1.05415666928703,0.188179701816459,-5.60186172637899,2.12061695661178e-08,2.24610300587918e-07
"ENSG00000011422.12",3638.7138295374,-1.13426559755668,0.170535388813181,-6.65120363257421,2.90705740944265e-11,5.52208044109942e-10
"ENSG00000011465.18",7798.87609471876,-1.09460408656467,0.187961014230478,-5.82356980273825,5.7603738891388e-09,6.94479181044572e-08
"ENSG00000012223.13",291.419953686859,-1.35442599894581,0.245312659591471,-5.52122341016313,3.36647414623039e-08,3.40846281280457e-07
"ENSG00000012504.15",4.16448541404683,-1.71896590138571,0.31049598666812,-5.53619362308559,3.09115830536042e-08,3.15585167004151e-07
"ENSG00000013293.6",3.97795401014923,-1.4128922918875,0.287838567211508,-4.90862744897309,9.17160177037321e-07,6.6687790788972e-06
"ENSG00000013297.12",634.363449563359,-1.67562806774019,0.267411080139251,-6.26611308277736,3.70171560185361e-10,5.72148396594421e-09
"ENSG00000014257.16",270.851016601113,-1.610597507457,0.261292279800208,-6.16396898021065,7.0943846408809e-10,1.0374975877702e-08
"ENSG00000015133.19",920.140872507263,-1.03279263507349,0.153479096436581,-6.72920716275031,1.70590034373005e-11,3.40377484810891e-10
"ENSG00000015520.15",8.58086767273116,-1.0152845505997,0.200649485509353,-5.05999079948986,4.19276708740028e-07,3.31860189842945e-06
"ENSG00000016391.11",159.311197755997,-1.29516282069727,0.215338435545992,-6.01454551024936,1.80392084601503e-09,2.40857870893005e-08
"ENSG00000016402.13",29.0080058746486,-1.13366492120167,0.315815241687478,-3.58964600677353,0.000331127322707884,0.00125625867516066
"ENSG00000016490.16",0.814408312558197,-1.91983586534213,0.402123209410989,-4.77424784347618,1.80380131105211e-06,1.22479317251998e-05
"ENSG00000017483.15",480.019444477939,-1.219282016693,0.178162521564102,-6.84365042652538,7.72001767935278e-12,1.64543269122698e-10
"ENSG00000018408.15",9836.24606044971,-1.31573627733337,0.134681240209981,-9.76926166763849,1.52559780094637e-22,1.69991677755852e-20
"ENSG00000018607.7",3.45738599287194,-1.25830399522272,0.283253769831902,-4.44232038277714,8.89939157559701e-06,5.06402673418624e-05
"ENSG00000018625.15",87.7198454093063,-2.3288361628222,0.274388909301484,-8.48735529708819,2.11392712091615e-17,1.10514514464801e-15
"ENSG00000019102.12",22.7783590895711,-1.61900005750319,0.176411791110017,-9.17739141650411,4.41660469090437e-20,3.50980734537988e-18
"ENSG00000019169.10",917.623452796955,-1.17774841334281,0.25066461996927,-4.69850277828278,2.6207562511556e-06,1.70914594869809e-05
"ENSG00000019186.10",40.9174576319294,-2.75205465288029,0.302365765271569,-9.1017402397012,8.88958390626931e-20,6.81676912015434e-18
"ENSG00000019505.8",53.9323200154241,-2.97894865288769,0.381414490690857,-7.81026606380872,5.70673878795078e-15,2.01367558911306e-13
"ENSG00000019991.18",347.815789357139,-2.07556692417977,0.188375881171192,-11.0182201207253,3.12170591073026e-28,6.39134685033356e-26
"ENSG00000021645.20",410.528179445773,-1.09892308481416,0.238681968695989,-4.60413114077279,4.14191415457525e-06,2.57357207493581e-05
"ENSG00000021852.13",0.92194967331098,-2.29815163810187,0.622425022026924,-3.69225457970496,0.000222274798298709,0.000882432435465749
"ENSG00000022267.19",1422.02417790314,-1.49595490276151,0.154069964559208,-9.70958166337882,2.74461244542376e-22,2.9399892385748e-20
"ENSG00000022355.18",1.43749054979842,-1.80496394842022,0.368750682368372,-4.89480842944478,9.84015365294997e-07,7.08920898117363e-06
"ENSG00000023839.12",1552.17465437648,1.37786444274119,0.228972260059096,6.01760423898326,1.77017325160046e-09,2.37040651215625e-08
"ENSG00000026559.14",308.919479618839,-2.66958831509139,0.234444038693816,-11.3868892976113,4.86032738821006e-30,1.18131536203969e-27
"ENSG00000027644.5",14.0946726520115,-1.06350390282427,0.198030180615898,-5.37041323457184,7.85564226961093e-08,7.33534495640462e-07
"ENSG00000028277.21",810.678604624202,-1.30832606986273,0.176542362320409,-7.41083359634796,1.25507986297278e-13,3.58512915909793e-12
"ENSG00000029153.14",584.675057831398,-2.348005645659,0.184164702693455,-12.7494878840453,3.13799864103744e-37,1.59050609169266e-34
"ENSG00000029534.21",119.765188121024,-2.00736410924396,0.180597965350752,-11.1150981426912,1.05934090332055e-28,2.28126044682946e-26
"ENSG00000029559.7",30.1279621567333,-1.29855008212187,0.285762096655127,-4.54416487463358,5.51534769320537e-06,3.31159897175674e-05
"ENSG00000030304.14",9.82729759236754,-1.76318986619794,0.278202514967835,-6.33779269177992,2.33080146221385e-10,3.74459877744616e-09
"ENSG00000034971.17",35.4305012435588,-1.09807894437777,0.422242436991894,-2.60058878070291,0.00930639350441324,0.0229509480110617
"ENSG00000035720.8",88.1470492159473,-1.37040346826219,0.256329732669928,-5.34625247718273,8.97939332599768e-08,8.27100028769641e-07
"ENSG00000036473.8",2.40339664433294,-1.04113757771641,0.262692843885717,-3.96332675955707,7.39125050018398e-05,0.000334453079247302
"ENSG00000036565.15",51.9222044930462,-2.47029999542312,0.293529237352345,-8.41585668843555,3.90033903740161e-17,1.96254105414631e-15
"ENSG00000038295.8",60.1134924435783,-1.17121596524047,0.198560309581505,-5.89854018514063,3.66731656800972e-09,4.59930631260169e-08
"ENSG00000038427.16",7372.47550647204,-1.93489095411312,0.180585030618036,-10.71457001442,8.69603975497802e-27,1.52372867845544e-24
"ENSG00000039068.19",12365.0420956047,1.31790338617433,0.259874407378344,5.07130886596167,3.95088942826727e-07,3.14512289633488e-06
"ENSG00000039139.9",58.5196820987913,-2.84020052675374,0.256820741399026,-11.059077671382,1.98124322516591e-28,4.17992035148962e-26
"ENSG00000039537.14",21.8955700943949,-1.03722976145545,0.297731252665187,-3.48377858276728,0.000494388306110421,0.00178041476289414
"ENSG00000040731.10",41.3576188005674,-3.94479489280072,0.427622317180497,-9.22495093055596,2.83690763995217e-20,2.30738855835014e-18
"ENSG00000041353.10",105.452237089502,-1.56764204879778,0.243296631217166,-6.4433364364939,1.16875216410883e-10,1.98511146075567e-09
"ENSG00000042062.13",110.781938828128,-1.37640602093332,0.174057273725377,-7.90777651214375,2.62026661664846e-15,9.72352867153064e-14
"ENSG00000042445.14",7619.91592850545,1.07758043159496,0.110307750333084,9.76885511979989,1.53173136946615e-22,1.70218767854952e-20
"ENSG00000042493.16",20263.90574171,1.13594293928255,0.228997584978743,4.96050182969395,7.03112990043465e-07,5.26821382588543e-06
"ENSG00000042813.8",0.629091315447655,-1.10028550411663,0.434871506410105,-2.53013933517873,0.0114017238306908,0.0273081568519088
"ENSG00000042980.13",352.486192817488,-1.5631976544644,0.18745971769362,-8.33884566613536,7.50192482662112e-17,3.60040415293334e-15
"ENSG00000043039.7",112.905735394655,-1.91670376326086,0.280470890771259,-6.8338776904447,8.26494991104568e-12,1.74635408339034e-10
"ENSG00000043355.12",109.396525111899,-1.40111573140886,0.309429606031129,-4.52805970760245,5.95277632140271e-06,3.54877098689089e-05
"ENSG00000043591.6",72.7008285169723,-4.06959971338864,0.278525553003449,-14.6112256829026,2.3819382249709e-48,3.19348762923357e-45
"ENSG00000044524.11",798.282563176161,-2.65088548650081,0.207605204177832,-12.7688778178706,2.44656242181858e-37,1.25535836266202e-34
"ENSG00000046889.19",194.277368761904,-1.16736911169762,0.155016869993025,-7.53059400405996,5.05100119296265e-14,1.52898551771241e-12
"ENSG00000047457.14",209.139970951096,-1.43034454437239,0.230305721955003,-6.21063398786003,5.27712583504291e-10,7.92655959364126e-09
"ENSG00000047597.7",62.2492364983561,-1.34539791525433,0.215062851195892,-6.25583594643626,3.95392215316947e-10,6.07740061131766e-09
"ENSG00000047648.23",340.43133806051,-1.57936929494696,0.209795961161005,-7.52812059015235,5.14758420208694e-14,1.55482481545885e-12
"ENSG00000047936.11",13.0623376357984,-2.92399657611673,0.353516553131034,-8.27117301925302,1.32647385625423e-16,6.07168572837427e-15
"ENSG00000048462.11",103.010292135707,-1.33423571556748,0.284492434847802,-4.68988117832119,2.73363744319633e-06,1.7785760709788e-05
"ENSG00000048540.15",151.911410235281,-1.5120695245262,0.295203770884774,-5.12212130622275,3.02117419762668e-07,2.4664317816099e-06
"ENSG00000049089.15",1046.64554425958,-2.81198184175681,0.184343454612823,-15.2540368068008,1.54761871281478e-52,3.062958521048e-49
"ENSG00000049192.15",150.789199562676,-2.51059597530261,0.175064630646515,-14.340966339294,1.21353835304286e-46,1.36316435213966e-43
"ENSG00000049323.16",2316.34818829585,-1.72729972477372,0.165262954441234,-10.4518264883612,1.43730130271573e-25,2.26276957361633e-23
"ENSG00000049540.18",1149.82820183649,-1.36648926819037,0.21570969228895,-6.33485335633372,2.37567114969062e-10,3.81067447313303e-09
"ENSG00000050030.16",8.75963266918258,-2.31373840912042,0.283881397072216,-8.15036995373051,3.62812617030477e-16,1.55455855556914e-14
"ENSG00000050165.18",2785.83902885236,-1.20354323909377,0.20786244197861,-5.79009477439711,7.0346719219587e-09,8.3392765094252e-08
"ENSG00000050344.9",1232.96394393615,-1.20967886883978,0.142108604466426,-8.51235485269702,1.70436044099515e-17,9.00084226793399e-16
"ENSG00000050438.17",140.189481471332,-1.55696505154734,0.165323618490905,-9.41768070260932,4.61161621258698e-21,4.1666955005987e-19
"ENSG00000050730.16",45.3230335479574,-1.20160370855457,0.216334886299335,-5.55436864164364,2.78616938414663e-08,2.8812832033815e-07
"ENSG00000052850.8",46.5072825705364,-1.47879964345166,0.255113085746713,-5.79664363011105,6.76552439663482e-09,8.0477597301928e-08
"ENSG00000053328.8",9.6331420146683,-1.72906855276416,0.244296746184082,-7.07773877373411,1.46525591401784e-12,3.54063757548891e-11
"ENSG00000054179.12",75.7095350762982,-2.18986616989733,0.267962803854215,-8.17227666825252,3.02623554865207e-16,1.30744700491764e-14
"ENSG00000054219.11",236.63840801392,-1.14702990604507,0.185356919891196,-6.18822273653648,6.0846313893188e-10,9.03176606438814e-09
"ENSG00000054356.14",215.753670549392,-2.22627171014289,0.262134264945737,-8.49286799878581,2.01599229989852e-17,1.05660368182071e-15
"ENSG00000054392.13",957.3221244835,1.14672444805769,0.105815619463261,10.8370054806118,2.29872516757063e-27,4.36253951664705e-25
"ENSG00000054598.9",682.540342054894,-1.11024384822622,0.142808512713323,-7.77435341305562,7.58337484793637e-15,2.62431494945821e-13
"ENSG00000054803.4",25.632164179943,-3.2824673928607,0.327513577063254,-10.0223857047207,1.21533290961303e-23,1.53065655725263e-21
"ENSG00000055118.16",234.891616250701,-2.25634499386762,0.27720970850673,-8.13948763202439,3.96954146660675e-16,1.69386121596622e-14
"ENSG00000055732.13",2416.9858847326,1.74137885731574,0.236457743423458,7.36443997182706,1.77892078616978e-13,4.98480022385702e-12
"ENSG00000055955.17",4.83535098616006,-1.12867206382126,0.174720093305933,-6.45988702538622,1.04781175968354e-10,1.8032775302678e-09
"ENSG00000055957.11",10.5457359821974,-1.36256665523814,0.256923433567477,-5.30339578729118,1.13668105756669e-07,1.02389982909811e-06
"ENSG00000056291.17",12.5357350827075,-1.33595948557881,0.324290417433917,-4.11963910666908,3.79466277635457e-05,0.000184180514201622
"ENSG00000056558.11",4118.40039321734,-1.90260215726428,0.182211251757591,-10.4417380316088,1.59856752894631e-25,2.4883769152834e-23
"ENSG00000056998.20",7078.53702239652,1.27828404386457,0.174260802151397,7.33546516533308,2.20952706500658e-13,6.11400558427453e-12
"ENSG00000057149.16",49.2855728574865,1.52402144231432,0.488124185980141,3.12220022299064,0.00179504812300382,0.00551981282097402
"ENSG00000057294.15",77.484849618199,-1.9519426261536,0.234629860611805,-8.31924215044006,8.85275211878542e-17,4.15140902927529e-15
"ENSG00000057468.7",13.762497328807,-1.02124777860564,0.217475241947398,-4.69592662346668,2.65400808646179e-06,1.72974571255331e-05
"ENSG00000057657.17",840.078271478153,-1.1064911636259,0.148312844828838,-7.4605214733954,8.61807082285656e-14,2.52242436295468e-12
"ENSG00000058091.17",1058.20460697886,-1.30566396616436,0.161469327130038,-8.08614236134678,6.158419867002e-16,2.54429668501329e-14
"ENSG00000058335.16",525.127736789325,1.30494826458224,0.214947620930006,6.07100585219863,1.27111555589783e-09,1.75206605787039e-08
"ENSG00000058404.20",147.93265770717,-2.15589540891865,0.217690872025033,-9.903471784847,4.02069796725608e-23,4.80196117572119e-21
"ENSG00000059915.17",310.896081020235,-1.10840558543908,0.16858823460632,-6.57463190137424,4.87736768764606e-11,8.8831356631878e-10
"ENSG00000060140.9",18.5804653676747,-1.39049569042687,0.177216736604548,-7.84630005646533,4.28491031074646e-15,1.545915298049e-13
"ENSG00000060566.14",5.22879026264809,-1.18413031175564,0.230467203340969,-5.13795583315062,2.77743136217676e-07,2.29129817933288e-06
"ENSG00000060982.15",1296.31398937153,-2.26743111586965,0.179792713589174,-12.6113626665134,1.82804677433547e-36,8.73302069367018e-34
"ENSG00000061337.15",17467.1759983146,1.15261100669419,0.134092394632895,8.59564787286923,8.27963289993122e-18,4.66284691852224e-16
"ENSG00000061455.11",30.2976478707488,-1.12680745464223,0.177199335973611,-6.35898237683031,2.03094703971231e-10,3.2959867576932e-09
"ENSG00000063660.9",6530.90137015672,-1.41352736005838,0.175244949882795,-8.06600909757316,7.26334000761945e-16,2.96541195871002e-14
"ENSG00000064300.9",8807.09803672632,-2.73808383343492,0.236575676544234,-11.573818041784,5.59368441226948e-31,1.45703244549078e-28
"ENSG00000064692.20",66.133485580803,-1.94296134974924,0.196704522015409,-9.87756320923333,5.20840288807408e-23,6.11501810265918e-21
"ENSG00000064787.13",45.9940735527747,-1.3500087797668,0.21029213956014,-6.41968255489988,1.36558806839113e-10,2.29597780333626e-09
"ENSG00000064989.13",603.09872292712,-1.14403054235306,0.130057893626517,-8.79631762788913,1.41379044107357e-18,8.92336322424051e-17
"ENSG00000065357.20",1408.36488580214,-1.05914243909681,0.126764174401664,-8.35521900486508,6.53114264952308e-17,3.171917121229e-15
"ENSG00000065534.19",2851.61018156675,-1.00901088151408,0.136755663642555,-7.3782017843984,1.60441681317995e-13,4.52086587046679e-12
"ENSG00000065609.14",16.7634445992195,-2.23117409365217,0.372444264898467,-5.99062545441642,2.09035552126528e-09,2.74760772216405e-08
"ENSG00000065717.15",727.461303907372,-1.08723381732011,0.175305579275889,-6.20193505426926,5.57730950829928e-10,8.33827833755161e-09
"ENSG00000065809.13",1684.65772546141,-1.03651951738366,0.135864046485356,-7.62909352545588,2.36410088899387e-14,7.50051611819566e-13
"ENSG00000065923.10",1103.72404093728,-1.8081440194727,0.172940569458815,-10.4552912317274,1.38572397063472e-25,2.18986538659773e-23
"ENSG00000066032.18",399.432599811921,1.1291484333739,0.248473634596346,4.54433902095183,5.51079031763975e-06,3.30944912328619e-05
"ENSG00000066248.15",356.346816708474,-4.33962846619573,0.273386626669232,-15.8735945465475,9.65494232015033e-57,2.86627651935777e-53
"ENSG00000066629.18",525.872319262595,-1.10197790834958,0.155083696144435,-7.10569799241352,1.19715944395764e-12,2.93547733390959e-11
"ENSG00000066813.14",1.29174076023659,-1.30991338276842,0.28848689275076,-4.54063396183522,5.6085329562675e-06,3.36269253791676e-05
"ENSG00000067715.14",196.078728173944,-3.49889350234465,0.262900364698036,-13.3088195079662,2.05706229377614e-40,1.40156759104793e-37
"ENSG00000068615.19",53.887822424579,-1.09292883498181,0.187955943539951,-5.81481391009858,6.07013749556002e-09,7.27681149669644e-08
"ENSG00000068831.19",441.314074240457,-1.26956574898191,0.196621911111228,-6.45688846073583,1.06877608992534e-10,1.83404095167122e-09
"ENSG00000068976.14",44.3365157523816,-1.12554079348386,0.136835795335142,-8.22548508398079,1.94402461262434e-16,8.68790870428953e-15
"ENSG00000068985.5",29.3378794128882,-1.86844725927683,0.511723721716509,-3.65128130665776,0.00026093523899215,0.00101773558586634
"ENSG00000069011.16",79.8900969144574,-1.05126686529227,0.305908077723282,-3.43654496839808,0.000589184538246318,0.00208210932561802
"ENSG00000069018.19",0.629280613102855,-1.64247700065,0.376790803552033,-4.35912178632348,1.30585429624301e-05,7.1160241589684e-05
"ENSG00000069188.17",726.077852911232,-1.6393314178151,0.248173895790397,-6.60557554852445,3.95975907246221e-11,7.33402435693735e-10
"ENSG00000069206.15",0.260070596586028,-1.27110491432709,0.546896660256311,-2.32421407315117,0.0201140234129453,0.0443443157802266
"ENSG00000069424.15",14771.2677406939,1.29222710641618,0.180000707302275,7.17901127047321,7.02173583650913e-13,1.79481786492615e-11
"ENSG00000069431.11",358.954712743438,-1.07555826758404,0.15800140921841,-6.80727009274496,9.94680861334758e-12,2.07326609622845e-10
"ENSG00000069482.7",141.675513786146,-1.11813422907666,0.28387466084236,-3.93883069999537,8.18796794341492e-05,0.000366041006415199
"ENSG00000069974.16",5955.13582318298,1.08742567614742,0.115862145115392,9.3855130600629,6.2610865010412e-21,5.60826028354039e-19
"ENSG00000070019.5",7.5186172798463,-2.14534122157838,0.248207905640661,-8.64332349141314,5.46010448439995e-18,3.15751317680158e-16
"ENSG00000070190.13",241.530887682773,-1.29301016716049,0.187855130141059,-6.88301760079471,5.85977840425932e-12,1.2797903838036e-10
"ENSG00000070193.5",39.7190270552317,-3.20414481297345,0.278644903859529,-11.4990253494416,1.33413396718215e-30,3.40179607018556e-28
"ENSG00000070540.13",4398.37705279578,1.27509128038539,0.124911100036841,10.2079901626782,1.82608059010602e-24,2.52144722544805e-22
"ENSG00000070601.10",45.5788715082174,-1.09170236207554,0.231742538512019,-4.71084147556675,2.46696075132608e-06,1.61696613699124e-05
"ENSG00000070669.17",27.9971044356373,-1.30781636210175,0.165879028494234,-7.88415735233954,3.16665054411894e-15,1.16265309111901e-13
"ENSG00000070731.11",1683.72206345778,1.26362659419394,0.169378457090864,7.46037374467319,8.62773941868863e-14,2.52347716903263e-12
"ENSG00000070748.19",1.01066912781748,-1.2653137775442,0.43524631041209,-2.90712120304065,0.00364771832716537,0.0102319274558715
"ENSG00000070886.12",34.5797139670055,1.25724658645872,0.309561182080514,4.06138320705766,4.87828214372485e-05,0.000230897577106812
"ENSG00000070985.13",1.81045074030153,-1.42033897729107,0.265689767533178,-5.34585501910118,8.99912210490901e-08,8.28581109712512e-07
"ENSG00000071203.9",2.70235493731946,1.02529030029311,0.28552922415579,3.59084189481668,0.0003296115461858,0.00125130755229944
"ENSG00000071909.19",31.4367420145072,-1.16157037101215,0.225458846687553,-5.15202835496578,2.57684061969809e-07,2.1406885835677e-06
"ENSG00000072080.11",0.741427209011894,-2.46057974018745,0.559799953814767,-4.39546256376011,1.10537113900164e-05,6.14190311219066e-05
"ENSG00000072133.11",40.3574114389122,-1.35431784213195,0.284452595147522,-4.7611372342361,1.9250508262437e-06,1.29821454551907e-05
"ENSG00000072182.13",54.2694084713503,-2.55833672283309,0.253843020218897,-10.0784205948502,6.88234742697377e-24,8.96690043134432e-22
"ENSG00000072195.15",233.410841688337,-2.29276435859218,0.189199854087942,-12.1182142007704,8.45820577740556e-34,3.05686911756982e-31
"ENSG00000072657.9",118.141564467255,-5.44689256054556,0.332636256971572,-16.3749213935241,2.88880421444754e-60,9.23572928929759e-57
"ENSG00000072818.12",1005.73808851363,-1.05086622089934,0.184363903442936,-5.69995645174981,1.19838037139204e-08,1.35015139592833e-07
"ENSG00000073146.16",10.3851032283332,-1.152219567243,0.174192878261039,-6.61461925852288,3.72509246742417e-11,6.91788619888665e-10
"ENSG00000073605.18",208.151005423321,-1.19744776736747,0.139266220391799,-8.59826427398314,8.09307642547435e-18,4.57016905428757e-16
"ENSG00000073734.10",6.10357077497213,-1.24262187003552,0.201336655204964,-6.17186109886701,6.74907816233036e-10,9.92236245428986e-09
"ENSG00000073756.12",379.925604182437,-1.48391138969239,0.22435402721816,-6.61415089397728,3.73690418141185e-11,6.9367222683269e-10
"ENSG00000074047.22",206.885247777437,-2.15690564790747,0.180578609298124,-11.944413883189,6.94381298030029e-33,2.23719965183907e-30
"ENSG00000074181.9",5936.60675396879,-1.08612679233732,0.132551231102144,-8.19401512386068,2.52653297984984e-16,1.11001864385327e-14
"ENSG00000074416.14",4451.66476556836,-1.11914624728794,0.156409248791834,-7.15524341388157,8.35245796770233e-13,2.10263390704812e-11
"ENSG00000074527.13",492.394883561677,-1.12327205135513,0.185940956210009,-6.0410147083812,1.53148016023552e-09,2.07943085330639e-08
"ENSG00000074706.13",162.577885451444,-1.06049992835341,0.188600107494416,-5.62300808012429,1.87660620245447e-08,2.01123019562694e-07
"ENSG00000075035.10",24.6775634398802,-2.78138064554121,0.266827324710436,-10.4238973596861,1.92883539002946e-25,2.95816444577137e-23
"ENSG00000075043.19",26.2958969141122,-1.90684972961249,0.330473748572,-5.7700490216004,7.92484754284615e-09,9.28594625248863e-08
"ENSG00000075213.11",1878.87233595635,-2.6934286734545,0.240770044094212,-11.1867266693716,4.73595979980189e-29,1.06397816864522e-26
"ENSG00000075340.23",326.953279560572,-2.29658829566346,0.226359169551384,-10.1457709895959,3.46035113409109e-24,4.68466168843954e-22
"ENSG00000075429.9",22.6870730810028,-3.00607092535173,0.276338333496296,-10.8782262935375,1.463835848613e-27,2.8297649088397e-25
"ENSG00000075618.18",14693.8010013769,-1.21923159035884,0.159704268503246,-7.63430809824639,2.27036385709454e-14,7.24181601140165e-13
"ENSG00000075673.12",34.7957243833875,1.4255378501487,0.290850154920351,4.90127932212752,9.52145640800651e-07,6.88586690846644e-06
"ENSG00000075884.14",745.107291839456,-1.13297045403168,0.172766580030279,-6.55781027692463,5.46036157279416e-11,9.86282258533119e-10
"ENSG00000076716.9",1604.03753385431,-1.66708161856607,0.213975760085015,-7.79098351095338,6.64895919081132e-15,2.3183224990646e-13
"ENSG00000077264.15",104.477457658977,-1.99540455230098,0.229827773553441,-8.68217327022489,3.88277313740138e-18,2.29880081391276e-16
"ENSG00000077274.9",54.576883451935,-2.09180639337179,0.290226931312344,-7.2074854801141,5.69945149993188e-13,1.48142966379092e-11
"ENSG00000077279.19",57.4047471949595,-1.32811829206729,0.389326901835573,-3.41131908893418,0.000646493865199216,0.00226003684291444
"ENSG00000077327.16",26.2934526894588,-1.57461882823641,0.269177828437746,-5.84973449475827,4.92358300469001e-09,6.02218825311731e-08
"ENSG00000077498.9",54990.2171781252,3.29469342727944,0.209283852474032,15.7427024986949,7.70801644454275e-56,1.88447399687109e-52
"ENSG00000077943.8",298.568367052445,-2.06411387362264,0.190775563521443,-10.8195925910115,2.78010426647544e-27,5.22752504880352e-25
"ENSG00000078114.19",209.262719938277,-1.74059044547907,0.218408872853813,-7.96941270167211,1.59430204356457e-15,6.12406483684203e-14
"ENSG00000078295.17",984.439085396899,1.29452325609543,0.293622701263434,4.40879826568315,1.03945792123815e-05,5.81218217711557e-05
"ENSG00000078579.9",1.77074080116837,-1.06140102584851,0.322288849535553,-3.29332220887592,0.000990109381694572,0.00327869700597481
"ENSG00000078589.13",278.35744009823,-1.27687558973836,0.229341301693073,-5.56757801718244,2.58304437455645e-08,2.68727134656609e-07
"ENSG00000078725.13",9.7450972691589,-1.85219987078856,0.289611184875268,-6.39547078123478,1.60053447193015e-10,2.66405341299003e-09
"ENSG00000079102.16",137.688282435885,-1.33417538813587,0.161409859030982,-8.26576143579791,1.38805889299649e-16,6.33961579238683e-15
"ENSG00000079112.10",16.2851091368982,-1.03617921650077,0.19265718522401,-5.37835749700154,7.51684440971937e-08,7.05385159983645e-07
"ENSG00000079263.19",393.279425278866,-1.07762875653055,0.198809800949249,-5.42040056066273,5.94656424984714e-08,5.69866505308155e-07
"ENSG00000079393.20",2.6853413633769,-1.11798932309829,0.312443102917513,-3.57821732231818,0.000345945752671988,0.00130497344096507
"ENSG00000079557.5",0.668721967989384,-2.45050257352187,0.763300626917763,-3.21040293575691,0.001325490257316,0.00423378620308696
"ENSG00000079841.18",5.9067108030052,-3.67855803765324,0.346312492712172,-10.6220772136874,2.35266705051065e-26,3.97485967289934e-24
"ENSG00000080166.16",63772.7738069605,1.47715429996381,0.279416047261804,5.28657646702647,1.2462673345673e-07,1.11176997122314e-06
"ENSG00000080224.17",12.7483825350556,-1.41832306022171,0.319319268321482,-4.44170834938086,8.92474731864485e-06,5.0756752607761e-05
"ENSG00000080293.10",4.4495950961783,-2.05262416431454,0.257342037517734,-7.97624898020439,1.50847496370406e-15,5.8158846420657e-14
"ENSG00000080511.5",326.601842091098,2.37947482078823,0.341770985056037,6.96219083781524,3.35021239855763e-12,7.6464320543027e-11
"ENSG00000080709.16",534.879816212803,1.28391055950444,0.226558462714786,5.66701655775599,1.45305306205184e-08,1.60488417127289e-07
"ENSG00000080854.16",271.990344288311,-1.38612717653274,0.206649916943991,-6.7076106152437,1.97836985339762e-11,3.89896412011185e-10
"ENSG00000080910.13",1.17480136524509,-3.17982251092088,0.774594304939156,-4.10514573970519,4.04060059789985e-05,0.000194938927400814
"ENSG00000081051.8",1.58908194947098,-3.14939978357618,0.594361464793312,-5.29879537979701,1.16569179127338e-07,1.04662955776418e-06
"ENSG00000081237.20",3225.13958379993,-1.23139968789395,0.206735225067404,-5.95640964181341,2.57839562982557e-09,3.33322796786346e-08
"ENSG00000081800.9",0.447783132606483,-1.6397732199992,0.506363860317616,-3.23832988193639,0.00120231700551985,0.0038845381983377
"ENSG00000081842.18",23.6909879434217,-1.09199660589854,0.28771784829619,-3.79537318371153,0.000147421536832546,0.000613818264259093
"ENSG00000082175.15",18.0646669535957,-1.17730400138545,0.183890753527337,-6.40219249093696,1.53161393767139e-10,2.55753067406582e-09
"ENSG00000082196.21",2163.36792460917,-1.5282495073345,0.290500089696758,-5.26075399470541,1.43465873684623e-07,1.26115242006775e-06
"ENSG00000082293.13",509.553060757368,-2.57291055854579,0.267935763386027,-9.60271419548755,7.78664259159415e-22,7.85505920853971e-20
"ENSG00000082458.12",906.49041234208,-1.03769477588883,0.11771091655018,-8.81562055840813,1.19023946270393e-18,7.62230085499239e-17
"ENSG00000082497.12",249.896623480514,-1.40004301448539,0.200753089915396,-6.97395499653536,3.08152694207937e-12,7.07202776182786e-11
"ENSG00000082556.14",4.18824609344093,-2.12823807247762,0.364942028920849,-5.83171546114027,5.48604125578691e-09,6.63980333934233e-08
"ENSG00000083067.23",147.28068860035,-1.07347685052596,0.188220035345541,-5.70330809127325,1.17504317508801e-08,1.32854038201871e-07
"ENSG00000083454.22",115.323572138915,-1.2055454505666,0.229891699117894,-5.24397120553871,1.57156736646312e-07,1.36761898837814e-06
"ENSG00000083782.8",49.1262903610291,-1.13294394900427,0.305872829001377,-3.70397054456632,0.000212250914834926,0.000848228127150883
"ENSG00000084110.11",28.8206991710088,1.05744483375377,0.268713300679315,3.93521582698186,8.31219644765832e-05,0.000370637816497774
"ENSG00000084453.16",69.0373044127286,-1.33532768554287,0.307658620153131,-4.34029017252381,1.42294687246791e-05,7.68305868896254e-05
"ENSG00000084674.15",14.0788187131776,-1.40019718782569,0.412093213294581,-3.39776813267917,0.000679379748132751,0.00236248168439536
"ENSG00000084734.9",5.71570384493463,-1.9694218953984,0.197685823277489,-9.96238305178789,2.2266045469079e-23,2.72985658343912e-21
"ENSG00000085276.19",268.161326407563,-1.18242210148281,0.127389703747683,-9.28192834033747,1.66438586877329e-20,1.40877633628451e-18
"ENSG00000085552.17",133.815158801794,-2.45566982437542,0.272827874519281,-9.00080253420687,2.24073651783069e-19,1.61123687117784e-17
"ENSG00000086205.18",450.977591405186,-1.98038086567319,0.209896871665094,-9.4350184924768,3.9092528560562e-21,3.58667477270215e-19
"ENSG00000086696.11",13.1944028315972,-1.47477654312758,0.26864154392064,-5.48975605784653,4.02489235062394e-08,4.0183179408271e-07
"ENSG00000086717.18",123.098697124967,-1.00276845959847,0.20482365699198,-4.89576484633186,9.7924108585286e-07,7.0584838727396e-06
"ENSG00000087237.12",371.895508430087,-1.0994693046911,0.211900314609806,-5.18861572582216,2.11863081700216e-07,1.79373668804734e-06
"ENSG00000087303.18",849.134101707461,-1.15376302525184,0.146796335864467,-7.85961732939355,3.85308760165029e-15,1.40352346099728e-13
"ENSG00000087494.16",212.156121082651,-2.17093931968447,0.22114234488686,-9.81693180831179,9.51968711011304e-23,1.09297578914508e-20
"ENSG00000087589.16",109.33887055253,-1.24528205667085,0.159298405166576,-7.81729142466101,5.39720539163841e-15,1.91570945359169e-13
"ENSG00000087842.11",5906.99620636058,1.15517392490232,0.16010818623834,7.21495853549119,5.39504132751081e-13,1.4099637545781e-11
"ENSG00000088320.4",149.418989940879,-2.14605850103239,0.212183354216881,-10.1141699307798,4.78052029745985e-24,6.36820463471238e-22
"ENSG00000088340.17",174.681153804257,-1.6540991802661,0.189327071972676,-8.73672826094739,2.39958770146167e-18,1.4709684962854e-16
"ENSG00000088726.16",32.4075875048122,1.45778443240143,0.331302620888255,4.40015967423671,1.0817125272748e-05,6.02817592633348e-05
"ENSG00000088882.8",2722.6406658076,-1.45568491615749,0.195606295005308,-7.44191241962836,9.92380104961127e-14,2.87624141718231e-12
"ENSG00000088926.14",1.54995750111079,-1.8430373141718,0.324399864616002,-5.68137510277149,1.33616071055754e-08,1.48763759582621e-07
"ENSG00000088992.18",825.052875845124,-2.70398745545009,0.225220154511259,-12.0059746043505,3.30546800853306e-33,1.11474378699943e-30
"ENSG00000089041.17",2913.1201351602,1.06791127701866,0.154446122826427,6.91445830737254,4.69654507411078e-12,1.04439703782874e-10
"ENSG00000089101.19",379.847292661719,1.86971954942877,0.299175027799532,6.24958427573579,4.11546630461316e-10,6.29312032937205e-09
"ENSG00000089169.15",109.764129276875,1.54360446265662,0.272949502294178,5.65527487569098,1.55597053243137e-08,1.70271846416305e-07
"ENSG00000089199.10",244.668097842527,-2.86413921208134,0.265311796094008,-10.7953707835384,3.61998380475587e-27,6.59884942514314e-25
"ENSG00000089250.19",17.5466568374961,-1.99143383064015,0.258265198213148,-7.71080983585177,1.25021836233828e-14,4.1567363443107e-13
"ENSG00000089472.16",439.955029249023,-1.2756181939622,0.158428476080009,-8.05169768418395,8.16533967326699e-16,3.31090582927144e-14
"ENSG00000090382.7",5116.77761011765,-1.0166448300464,0.205661296768046,-4.94329679926613,7.68124068323611e-07,5.69341589653592e-06
"ENSG00000090402.8",2.4427811352237,-3.36468586851149,0.545383368208334,-6.16939581337985,6.85514281210093e-10,1.00569518375058e-08
"ENSG00000090530.10",1407.78795164403,-1.38488970930326,0.223247138125334,-6.20339288974788,5.52586542237753e-10,8.27327156645732e-09
"ENSG00000090534.20",20.977202514445,-1.79949719535337,0.195146033910647,-9.22128500022355,2.93560786475825e-20,2.38300261865395e-18
"ENSG00000090539.15",227.443591522455,-1.45803026203938,0.149883890483654,-9.72773162835926,2.29656990263056e-22,2.49869210191444e-20
"ENSG00000090554.13",6.23662651689434,-1.12034981950399,0.173469872980835,-6.45846912926355,1.05767432629639e-10,1.81949753102362e-09
"ENSG00000091137.14",446.798863175294,-1.15023351673927,0.207508481071044,-5.54306749681941,2.97218224765047e-08,3.05324286581926e-07
"ENSG00000091181.20",15.1115910366454,-1.42372643115138,0.224220878376737,-6.34966039495764,2.15790769864582e-10,3.48028559453308e-09
"ENSG00000091262.16",23.9830316031707,-1.11690868830693,0.139763851173342,-7.99139891273949,1.33416089642159e-15,5.22623894223129e-14
"ENSG00000091490.11",2877.76521882052,-1.12527954437756,0.176542678033457,-6.37398025742143,1.84184310732435e-10,3.01975081761794e-09
"ENSG00000091513.16",3051.16521160648,-1.12939731484334,0.305661886149535,-3.6949235937477,0.000219952919604589,0.000874634830138342
"ENSG00000091583.11",7.76314345691653,-4.52874443233966,0.501242850668217,-9.03503047734705,1.63956736083192e-19,1.20182890036854e-17
"ENSG00000091592.16",789.013286325932,-1.16337735322016,0.149930095726379,-7.75946515330259,8.52882952474882e-15,2.91989466810223e-13
"ENSG00000091704.10",2.76909706266964,-1.84797661190149,0.327484772215661,-5.64293905758929,1.67171532390503e-08,1.8164662037161e-07
"ENSG00000091844.8",172.028095412659,-2.18824937533668,0.197502917503396,-11.0795800031615,1.57610147839003e-28,3.3421392675942e-26
"ENSG00000092421.17",6460.59705681651,1.32479937170569,0.165598794222176,8.00005445648514,1.24364197684733e-15,4.90866551203501e-14
"ENSG00000092607.15",223.719119672598,-1.11177407494251,0.147214693481146,-7.55205916374711,4.28429770606206e-14,1.31025740441024e-12
"ENSG00000092758.18",4656.90663831939,-2.28843170547044,0.228390371323022,-10.0198256704693,1.24722742210014e-23,1.56608054735124e-21
"ENSG00000092850.12",20.1611608751583,-1.814592666133,0.192172811617372,-9.44250464392416,3.63973189625355e-21,3.35420259583349e-19
"ENSG00000094963.14",167.845100091181,-1.26514229310309,0.198927934432458,-6.35980208969917,2.02013862756649e-10,3.28227875093363e-09
"ENSG00000095203.14",87.7399118059342,-1.06311539358254,0.21874875790034,-4.85998368076167,1.17395429569247e-06,8.31490941335555e-06
"ENSG00000095585.17",263.089106006192,-1.12232319550644,0.176034972746148,-6.37556945644482,1.82284353175311e-10,2.99216934625094e-09
"ENSG00000095596.12",25.4323719427384,-1.61979788173472,0.312843166582595,-5.17766745372419,2.24677252532803e-07,1.89105629197415e-06
"ENSG00000095627.9",3.57633782602294,-1.39128741471102,0.264745495674256,-5.25518823716973,1.47873148623477e-07,1.29441950359919e-06
"ENSG00000095713.14",6144.88762851679,1.1448930693686,0.273935925440806,4.17941921099355,2.92254517885737e-05,0.000145888569209308
"ENSG00000095752.7",153.46061528702,-2.16830139493371,0.25070293633744,-8.64888711161816,5.20040736813156e-18,3.02716149907961e-16
"ENSG00000095777.17",26.8817251141229,-1.23497024599396,0.394343684793575,-3.13171046885264,0.00173791169583951,0.00536939172747416
"ENSG00000096088.16",2.74056851328538,-2.16528733963576,0.376494164269433,-5.75118433465598,8.86204235716129e-09,1.0263108423479e-07
"ENSG00000099139.14",232.585475767559,-1.25026015201083,0.16711246090086,-7.48154952222593,7.34513502125886e-14,2.17589808805104e-12
"ENSG00000099194.6",41031.6479521307,1.05610306932032,0.123822025969614,8.52920198204065,1.47360701488689e-17,7.88237512905135e-16
"ENSG00000099250.18",3108.94549312137,-1.59095327611015,0.130885404355018,-12.1553146735505,5.37544124688821e-34,1.9597727114313e-31
"ENSG00000099256.19",142.473469031979,-1.73500881590128,0.20640740373563,-8.40574894359659,4.25139724226783e-17,2.11866393504959e-15
"ENSG00000099260.11",448.816414442995,-1.34496153280522,0.164038466735598,-8.19906183939814,2.42270282144011e-16,1.07005711652172e-14
"ENSG00000099284.15",477.408797044041,-1.39662994303658,0.169675189410722,-8.23119719439854,1.85351551023422e-16,8.30127280564165e-15
"ENSG00000099365.11",103.090881073454,-1.0167940345452,0.15477951055767,-6.56930643391816,5.05501596914417e-11,9.19057627775898e-10
"ENSG00000099399.6",436.04025943417,-1.34077083458584,0.588741433501685,-2.27735090192528,0.0227652795417976,0.0491721519756882
"ENSG00000099715.14",1.00942442431661,-1.58500392909871,0.388866939928667,-4.07595443672702,4.58259920359677e-05,0.000218144528805279
"ENSG00000099812.9",11.3980687051233,-1.16499146270209,0.272887484876846,-4.26912748757185,1.96239087739941e-05,0.000102309194237926
"ENSG00000099834.19",7.80978099595825,-1.67336565245477,0.212894605045045,-7.86006602704051,3.83931027921519e-15,1.39973170021703e-13
"ENSG00000099869.8",2.21217857335992,-2.433153171756,0.367628411618019,-6.61851232076195,3.62831672999175e-11,6.74720805064506e-10
"ENSG00000099937.11",44.6619686810318,-2.64437591012696,0.300625996303255,-8.79623167205893,1.41487328924847e-18,8.92336322424051e-17
"ENSG00000099960.13",593.266894129415,1.31081019935485,0.304362318930874,4.30674271361613,1.65676123973999e-05,8.81707601208654e-05
"ENSG00000099985.4",134.213511865292,-1.0120025680219,0.178523694917281,-5.66872968034192,1.43860127426145e-08,1.58976724703149e-07
"ENSG00000100003.18",714.523654286073,-1.16437774840287,0.133671720462002,-8.71072613099091,3.01934346799963e-18,1.81606299879885e-16
"ENSG00000100012.12",0.793742069106716,-1.31748297892211,0.278938960882917,-4.72319454676365,2.32168559578332e-06,1.53286571456626e-05
"ENSG00000100024.15",14.855512417188,-1.05749781002858,0.17222389931716,-6.14025007110741,8.23916714677812e-10,1.18285411037787e-08
"ENSG00000100033.16",151.095551365741,1.3679397028221,0.260176796790578,5.25773135689414,1.45843356982238e-07,1.27961612896258e-06
"ENSG00000100053.10",2.61558493831456,-1.19521634106896,0.193937955793811,-6.16287995909205,7.14336601201659e-10,1.04392608365483e-08
"ENSG00000100065.15",595.282760449528,-1.06799143753089,0.146116600071376,-7.30917251708013,2.68792490220563e-13,7.34487408188496e-12
"ENSG00000100095.19",10.9167814703545,-1.10690882687376,0.223494721208652,-4.95272917806572,7.31797902196846e-07,5.45071405216941e-06
"ENSG00000100181.22",56.0533435324371,-1.26087831039396,0.229332203083735,-5.49804298497749,3.84029330610564e-08,3.85438952881822e-07
"ENSG00000100218.12",7.4501645832653,-1.51184431221197,0.204023820756192,-7.41013626060176,1.26169714177764e-13,3.60155608561554e-12
"ENSG00000100253.13",9.61257657094519,-1.16091597750277,0.23614971358965,-4.91601687698873,8.83227867415366e-07,6.44577991668436e-06
"ENSG00000100276.10",14.9463643323886,-1.05494266628352,0.137151819741245,-7.6917875991278,1.4509334831317e-14,4.76709070560632e-13
"ENSG00000100314.4",7.03627478928578,-1.23061835793949,0.170773600335537,-7.20613933021009,5.75605069568336e-13,1.49427219871325e-11
"ENSG00000100346.18",46.7228396426638,-1.9888113438159,0.239442155440591,-8.30602004962885,9.89655200187111e-17,4.61639163077179e-15
"ENSG00000100433.16",27.8660346031791,-2.28341350546073,0.284282308952497,-8.03220402238357,9.57369897391365e-16,3.83704992048022e-14
"ENSG00000100473.18",85.9922950801111,-1.88985915533973,0.266378227484871,-7.09464573431425,1.29683253667679e-12,3.15567645722252e-11
"ENSG00000100557.10",0.904305168936712,-1.91631796072513,0.37740853440912,-5.07756922806571,3.82294232519113e-07,3.05556017153065e-06
"ENSG00000100625.9",165.978622455349,-1.07724544480845,0.175982242547428,-6.12133036387536,9.27972779713619e-10,1.31902888749854e-08
"ENSG00000100665.12",0.761441697010294,-2.04275457951247,0.544510586118789,-3.75154245222851,0.00017574998658674,0.000717395496220594
"ENSG00000100678.19",11.421510257707,-2.31914233595293,0.276652148605172,-8.38288206921798,5.16472160666226e-17,2.54936056313654e-15
"ENSG00000100739.11",22.4527627873071,-1.71679776557011,0.219640320980505,-7.81640528435802,5.43531810553934e-15,1.92749736435517e-13
"ENSG00000100842.13",834.217717077969,-1.50928080972229,0.231730619713766,-6.5130832152719,7.36236954637823e-11,1.29658814867192e-09
"ENSG00000100985.7",6368.93249553291,-2.24674451160322,0.21391202459812,-10.5031239633406,8.35678456698325e-26,1.34102193116972e-23
"ENSG00000100987.15",8.40039640802628,-1.35605366367594,0.295389497393895,-4.5907307999772,4.41696727278345e-06,2.72573116245621e-05
"ENSG00000101074.5",5.94050517205553,-1.16719631338507,0.262814202331977,-4.44114626617745,8.94809448905989e-06,5.08686504109297e-05
"ENSG00000101076.17",8.08740840783951,-1.54015763177135,0.298595123557028,-5.15801334403639,2.49583836410698e-07,2.07963179809572e-06
"ENSG00000101188.5",307.812053687742,-4.60261152227717,0.291882211959869,-15.7687290752408,5.10670666069987e-56,1.32653088895005e-52
"ENSG00000101194.18",995.337422194055,-1.53970168376196,0.195982922074083,-7.85630537328112,3.95629840097542e-15,1.43608449031738e-13
"ENSG00000101203.16",419.187998731324,-3.46412048031647,0.378043316431189,-9.16328983942505,5.03387802032242e-20,3.9927106542107e-18
"ENSG00000101204.18",4.88414817141735,-1.38613366843014,0.332880952461173,-4.16405221801275,3.12648561352003e-05,0.000155081746114237
"ENSG00000101210.13",1012.1581674307,-1.63946264323818,0.27333101100552,-5.99808502228483,1.99657983639801e-09,2.63350844685415e-08
"ENSG00000101282.9",133.086246455118,-1.63084858606057,0.284532387941754,-5.73167996043537,9.94407679593159e-09,1.14138558351977e-07
"ENSG00000101306.11",17.031481287847,-1.09837623815201,0.150417062005991,-7.3022051056167,2.83089279197159e-13,7.68501412279054e-12
"ENSG00000101311.16",140.928030171198,-1.79201739404516,0.314490726631672,-5.69815655055528,1.21109817550442e-08,1.36300195966192e-07
"ENSG00000101323.5",2.20114583409654,-3.59202858463709,0.402785553233049,-8.91796777666146,4.74922552513812e-19,3.27342141419221e-17
"ENSG00000101349.17",3.50905073064488,-2.4160769741619,0.422048321615904,-5.72464537925757,1.03650017007335e-08,1.18609636752722e-07
"ENSG00000101441.4",3.85979455046964,-1.73276991859181,0.402795005182086,-4.301865455875,1.69366146962013e-05,8.98658981237733e-05
"ENSG00000101443.18",293.272384859364,-3.62183319652743,0.260829691537522,-13.88581635464,7.72155832212358e-44,6.68590431216875e-41
"ENSG00000101448.14",0.410020049209498,-1.71126015462607,0.455301269772615,-3.75852269307463,0.000170919538996071,0.000699601918431622
"ENSG00000101489.20",19.7170667252469,-1.2540475650078,0.178817741661394,-7.0129929690223,2.33273178275476e-12,5.47757052852279e-11
"ENSG00000101542.10",7.86494489788003,-1.886618004509,0.237447736739135,-7.94540318816212,1.93560174197914e-15,7.34680178996684e-14
"ENSG00000101638.14",469.086469782195,-5.09063494416565,0.305426994731039,-16.6672724807724,2.26705916582605e-62,9.42235130500623e-59
"ENSG00000101680.15",3775.35366938216,1.14546043898284,0.211313306199401,5.4206734993865,5.93749154291613e-08,5.69259569796263e-07
"ENSG00000101746.15",2.30373505698851,-2.08526491981745,0.416790094311675,-5.00315374160041,5.63999248864679e-07,4.33171111507974e-06
"ENSG00000101825.8",3897.97081158286,-1.13270384547872,0.191320584514641,-5.92044942969553,3.21063010739957e-09,4.07157148039192e-08
"ENSG00000101842.14",19.5165773146979,-1.67739872280121,0.192948560925347,-8.69350211660924,3.51435117209044e-18,2.09560205759574e-16
"ENSG00000101850.13",9488.08336787452,1.38761651016971,0.236526894285464,5.86663311316727,4.44733248802621e-09,5.47998911554537e-08
"ENSG00000101890.5",0.747873031488974,-1.44666270285102,0.320546626305499,-4.51311161663037,6.38833798575544e-06,3.77415925179769e-05
"ENSG00000101938.15",1293.7706894665,-2.50063775188275,0.291010747283911,-8.59293952275626,8.47721617531745e-18,4.75479161509506e-16
"ENSG00000101977.21",79.4891315401108,1.09957566251563,0.316901553416907,3.46977050336214,0.000520903243038632,0.00186636039544583
"ENSG00000101986.12",7383.99221914738,1.00642348985884,0.157116966487296,6.40556849053099,1.49810114073079e-10,2.50358180985336e-09
"ENSG00000102053.12",44.2979292244204,-1.31204633918484,0.158594160458483,-8.27298013616525,1.30651472859563e-16,5.98692008267822e-15
"ENSG00000102174.9",140.69211950559,-1.034225807374,0.184707262002425,-5.59926987256421,2.15256473460854e-08,2.27703984473912e-07
"ENSG00000102195.10",1.34452771367231,-2.72855265726898,0.514218979293416,-5.30620760248535,1.11929474991917e-07,1.01020908569252e-06
"ENSG00000102230.14",154.575822242844,-1.001352587669,0.216309380280943,-4.62926104438209,3.66972920063383e-06,2.3084801731004e-05
"ENSG00000102239.5",0.50821398117205,-1.21299424329052,0.362465845521251,-3.34650632129533,0.000818368136313433,0.00277702616602375
"ENSG00000102243.13",1.74732446024295,-1.2835803725021,0.508944946894336,-2.52204168709152,0.0116675880309456,0.027842239980603
"ENSG00000102271.14",96.4404094149814,-1.97483955295506,0.24143339009136,-8.17964554201788,2.84680037495468e-16,1.23635023180634e-14
"ENSG00000102287.19",86.6684778651034,-1.81676679755215,0.188009615044539,-9.66315896727816,4.32322990728144e-22,4.48084991038482e-20
"ENSG00000102290.22",6.05883354651431,-2.15421739171677,0.317872524791795,-6.77698518652333,1.22709463491449e-11,2.51110326028144e-10
"ENSG00000102359.8",918.90396587572,-2.39104424518518,0.190920543621771,-12.5237661690406,5.53453287394117e-36,2.50028538376894e-33
"ENSG00000102383.14",58.7334801673851,-1.28054142444491,0.258940119481942,-4.94531873626566,7.60193779071798e-07,5.64199532960394e-06
"ENSG00000102385.12",89.7757412551621,-1.50284548654113,0.192246467997396,-7.81728529109564,5.39746828871535e-15,1.91570945359169e-13
"ENSG00000102466.16",32.6778165984013,-1.55183254644442,0.228634559378259,-6.78739273128445,1.1417809213304e-11,2.34808009165433e-10
"ENSG00000102468.11",20.9646838573795,-2.09163316492862,0.242620450776017,-8.62100930996774,6.63665134035346e-18,3.80458624838304e-16
"ENSG00000102524.11",1039.4884355796,-1.32955476023909,0.177322203506428,-7.497959837787,6.48187526317713e-14,1.93534267017362e-12
"ENSG00000102678.7",11.7417909941137,-1.88384273507536,0.310073941054821,-6.07546293205688,1.23630537122426e-09,1.70765449780068e-08
"ENSG00000102683.8",8.67827769007005,-1.33657416701652,0.207034717791816,-6.45579727531744,1.07650636638186e-10,1.84654385470751e-09
"ENSG00000102802.10",315.000760213455,-1.37979224483427,0.167044928535813,-8.26000679534819,1.45664174770101e-16,6.6309906153285e-15
"ENSG00000102837.7",6.28207622042627,-2.06862168763192,0.312527553987055,-6.6190057844231,3.61622703605722e-11,6.72773626108372e-10
"ENSG00000102854.16",24.5854104349339,-1.51004619004712,0.260765998748871,-5.7908093742749,7.00480429870337e-09,8.30623898039115e-08
"ENSG00000102935.12",259.283001336595,-1.01378334161473,0.167497342185272,-6.05253389927441,1.42584980587516e-09,1.9506639115136e-08
"ENSG00000103034.14",577.365272315306,-1.85207431998216,0.19055521085562,-9.71935803626718,2.49348543794968e-22,2.69880837948085e-20
"ENSG00000103175.11",1433.47859192569,1.67565046888731,0.290752904368164,5.76314266758116,8.25619469610082e-09,9.62535663280062e-08
"ENSG00000103257.9",42523.9871116278,1.26631467178713,0.148147346748554,8.5476702727347,1.25597919016068e-17,6.85952787141371e-16
"ENSG00000103310.11",0.768862577407606,-1.84150046201693,0.429217357335014,-4.2903681096466,1.78377197900115e-05,9.40587807551965e-05
"ENSG00000103449.12",543.557937792784,-1.94182704185252,0.340477806925586,-5.70324115802625,1.17550487469785e-08,1.32870094104411e-07
"ENSG00000103460.17",43.010955972725,-1.12322655049635,0.356549231948107,-3.15027056532779,0.00163119321095403,0.00508441969654052
"ENSG00000103522.16",337.489922372281,-1.06559345524325,0.207054652989898,-5.14643568669399,2.65482424327119e-07,2.19888013548899e-06
"ENSG00000103528.17",119.004258903077,-1.9951544057468,0.189950743040811,-10.5035356735517,8.32040462234218e-26,1.34035913532475e-23
"ENSG00000103710.11",299.499794320148,-1.14037247092486,0.120484934400041,-9.46485530828716,2.93967765862383e-21,2.74559287298255e-19
"ENSG00000103888.17",2943.45512937837,-1.24168835855276,0.216883240723209,-5.72514664762609,1.03344431671291e-08,1.18292516362495e-07
"ENSG00000104044.16",3165.86948470913,2.00795468198792,0.342438580192655,5.86369293103086,4.52684301339774e-09,5.57300501548687e-08
"ENSG00000104059.4",92.4081856299658,-2.42788055559375,0.281654498824825,-8.62006666225407,6.69151453980412e-18,3.83075381960522e-16
"ENSG00000104213.13",321.0223073386,-1.46737417219933,0.165581656286184,-8.86193679366985,7.86361809942902e-19,5.26292585263235e-17
"ENSG00000104237.11",24.7399554111552,-2.07538032130477,0.285752031168345,-7.26287163321021,3.78957538724832e-13,1.01287673469334e-11
"ENSG00000104332.12",22518.9683217646,-1.24162324042996,0.286091472223159,-4.33995194187914,1.42513880056524e-05,7.69341717483994e-05
"ENSG00000104369.5",348.064787948204,-1.41200385250899,0.227778536441487,-6.19902065650382,5.68155756418817e-10,8.48497648159499e-09
"ENSG00000104371.5",1.18712478991494,-1.34801789722189,0.320440494335898,-4.20676512815777,2.59052127294401e-05,0.000131205514435899
"ENSG00000104447.13",959.111477856846,-1.22014241083042,0.1387451562575,-8.79412617883349,1.44165496761586e-18,9.07849450970457e-17
"ENSG00000104499.7",0.84159050394924,1.16723713731961,0.452879445256734,2.57736832515752,0.00995558040711818,0.0243153219063669
"ENSG00000104689.10",273.574252580388,-1.08901875985823,0.178642032032124,-6.09609478503021,1.08690981401141e-09,1.51883736868119e-08
"ENSG00000104722.14",183.855373127183,-2.86915773626919,0.350775944357742,-8.17945980167631,2.85119166779583e-16,1.23696480268194e-14
"ENSG00000104760.17",10.6788689148049,-3.18615151271302,0.332543186394846,-9.58116612538239,9.59553302692741e-22,9.51812753377463e-20
"ENSG00000104894.12",1868.86839277422,-1.00261099644523,0.188133937059623,-5.32924049810047,9.86243274321899e-08,9.00093170122239e-07
"ENSG00000104899.8",75.7905995537507,-1.04792091337887,0.226071082325996,-4.63536027074777,3.56316348536338e-06,2.250299358436e-05
"ENSG00000104938.18",9.02849035169999,-1.53295773825748,0.312598339469294,-4.90392156548246,9.39420130518802e-07,6.81161539857335e-06
"ENSG00000104967.8",304.577304169681,-1.39364443436193,0.146575003356703,-9.50806346543533,1.94244754752278e-21,1.85590816023315e-19
"ENSG00000104970.11",10.0277726923806,-1.46936448104731,0.228086527858353,-6.44213621402408,1.17803477878905e-10,1.99924383323931e-09
"ENSG00000104972.15",579.812972039055,-1.02507110348377,0.181706070903478,-5.6413695942404,1.68702788659176e-08,1.83166805179014e-07
"ENSG00000105088.8",1172.47688445912,-1.10587420731282,0.207010925801888,-5.34210550978917,9.18731509555013e-08,8.44038881523551e-07
"ENSG00000105122.13",877.528032208634,-1.04037139105482,0.183787332239408,-5.66073503749211,1.50725995048677e-08,1.65726820270188e-07
"ENSG00000105251.11",14.3545841475996,-1.62739099184598,0.267509269884104,-6.0834938264047,1.17591447713376e-09,1.63128696590899e-08
"ENSG00000105255.11",202.613430982229,-1.97818266200433,0.23832212262484,-8.30045754971026,1.03711191740215e-16,4.82152634351994e-15
"ENSG00000105290.13",645.877598096902,-1.17038735523942,0.221892231614845,-5.27457562043429,1.33063642786865e-07,1.17843407660509e-06
"ENSG00000105339.11",978.108417014275,-1.02294544428732,0.110699041356059,-9.24077961070189,2.4470768537978e-20,2.01396847915929e-18
"ENSG00000105369.10",1646.09832148073,-1.32571526961287,0.277448307593789,-4.77824240886645,1.76834115364285e-06,1.20307407149622e-05
"ENSG00000105376.5",217.84359008567,-1.50294804446987,0.202397127278172,-7.42573802643074,1.12152782400764e-13,3.23476331862633e-12
"ENSG00000105427.10",325.406018166768,-1.02381699126646,0.259615952079483,-3.94358275393266,8.02732735702526e-05,0.000359982498503112
"ENSG00000105492.16",21.1141920858951,-1.19374723159574,0.215842732311467,-5.53063435961851,3.19074792725975e-08,3.24715635045959e-07
"ENSG00000105509.11",32.2679605799034,-1.64492202243892,0.250398380866382,-6.56921988372078,5.05795477915665e-11,9.19189840539172e-10
"ENSG00000105519.18",1092.68990779609,-2.00993443291111,0.197131635593274,-10.1958999470691,2.06820063466342e-24,2.84630976085699e-22
"ENSG00000105550.10",0.557789640968433,-1.06582085834248,0.396395578330539,-2.68878089617269,0.00717134721526218,0.0183769364918137
"ENSG00000105605.7",4.33134547768861,-2.53089321781714,0.426892228190691,-5.92864674192804,3.05441385657045e-09,3.88932440890874e-08
"ENSG00000105610.6",9.04131733395833,-1.01585269199432,0.19417448778935,-5.23164862469658,1.68004875325104e-07,1.45380358697938e-06
"ENSG00000105639.20",1705.62065761614,-1.04902786463204,0.146562098103035,-7.15756582506451,8.21221610101537e-13,2.07235048931634e-11
"ENSG00000105664.11",2065.31850359441,-1.21911673570082,0.285326228402944,-4.27271177460475,1.93110002895527e-05,0.000100854962809046
"ENSG00000105679.9",395.791835992447,1.4488252944926,0.254066906852245,5.70253447189474,1.18039030162137e-08,1.33277320608496e-07
"ENSG00000105696.9",215.114701822123,-1.98888374399687,0.277717565655337,-7.1615338385372,7.97793152433007e-13,2.02182189033053e-11
"ENSG00000105697.9",181.983544391727,-1.23115582634423,0.245832054711703,-5.00811754507792,5.49649648646122e-07,4.23203755039462e-06
"ENSG00000105737.9",47.3741743506767,-1.44780222217723,0.181725942310345,-7.96695399551004,1.62633172782028e-15,6.22401712008748e-14
"ENSG00000105767.3",2953.43000344565,-1.05264297835857,0.167005153401826,-6.30305686331628,2.91831761815709e-10,4.59088254526287e-09
"ENSG00000105851.11",524.000272715636,-1.20561145304272,0.173385462449146,-6.9533595032301,3.5668817165835e-12,8.0876561868327e-11
"ENSG00000105855.10",3697.79864016662,-1.36275019161569,0.236563657151233,-5.76060671375442,8.38121210092665e-09,9.76289062047964e-08
"ENSG00000105880.7",186.47928490411,-1.60553680113371,0.216603029984124,-7.41234691523654,1.24083651311669e-13,3.54688082243162e-12
"ENSG00000105894.12",1871.0816046134,-4.0343200141186,0.271292485751347,-14.8707399799354,5.10459937581072e-50,8.15989843297865e-47
"ENSG00000105929.16",493.330337020351,1.56137984941655,0.259989569411613,6.00554804160081,1.90686689952317e-09,2.53205118460007e-08
"ENSG00000105967.16",327.275619697339,-1.17889351564424,0.179929833905081,-6.55196245146395,5.67858222542295e-11,1.02347456397671e-09
"ENSG00000105996.7",49.138721938502,-1.78557011670187,0.181962080669867,-9.81286930842155,9.91095535657047e-23,1.1316459520049e-20
"ENSG00000105997.22",253.049750138636,-1.06120809216806,0.177036523228631,-5.99428904733733,2.04377574814356e-09,2.68808252039059e-08
"ENSG00000106025.9",163.274111038628,-1.04133786372289,0.14566009333114,-7.14909512899693,8.73517824211931e-13,2.19233984359277e-11
"ENSG00000106034.18",564.206168674529,-2.01354267283582,0.200693074296205,-10.0329454810384,1.09209191256159e-23,1.39231668926027e-21
"ENSG00000106038.13",0.567243319835015,-1.60183932107321,0.418522583708872,-3.82736651121189,0.000129521584868303,0.000547280589067351
"ENSG00000106089.12",462.71473302454,-1.40380200514028,0.131021865485599,-10.7142575015051,8.72545655821171e-27,1.52372867845544e-24
"ENSG00000106123.12",441.662935391602,-1.16926894061236,0.209868620877122,-5.5714329075282,2.5265266107279e-08,2.63374715312447e-07
"ENSG00000106128.19",1.59567005563019,-1.95326074103834,0.312853735863688,-6.24336716212135,4.28250025747283e-10,6.5389153453742e-09
"ENSG00000106236.4",4738.22599938409,-3.85161216660758,0.308744369888051,-12.4750847052018,1.02097573233262e-35,4.46671509339033e-33
"ENSG00000106302.10",3.38055062443049,-1.01340086390587,0.364911989748678,-2.77711035092,0.00548445551537285,0.0145787253565637
"ENSG00000106328.10",2.77142963387727,-1.05401468105741,0.183145893537926,-5.75505494934368,8.66136166633393e-09,1.00497909987764e-07
"ENSG00000106333.13",9193.21449357215,-1.72528840827202,0.180554197342055,-9.5555153725034,1.22970330930463e-21,1.20824891114229e-19
"ENSG00000106366.9",5209.46616176223,-1.72355181533837,0.184669037713019,-9.33319324497059,1.02728303415128e-20,8.95431701660543e-19
"ENSG00000106483.12",1199.36961971026,-1.29641247167252,0.242415570402692,-5.34789275094403,8.89841651174637e-08,8.20399261448985e-07
"ENSG00000106484.16",1715.68705009341,-2.2457027797186,0.255758860863259,-8.78054731765191,1.62681055769599e-18,1.01369565815533e-16
"ENSG00000106511.6",854.960254782552,-3.10752008718014,0.260127386525826,-11.9461473422047,6.80053468766163e-33,2.20815486475463e-30
"ENSG00000106536.21",41.5963109012525,-1.78273695642905,0.404913993905637,-4.40275461767445,1.06885034392033e-05,5.96289369047207e-05
"ENSG00000106537.8",1554.46414785764,-2.48826596383787,0.169694103702963,-14.6632435042846,1.10848708943246e-48,1.55030239805447e-45
"ENSG00000106538.10",1790.42927537785,-1.23365668387937,0.170743406250031,-7.22520834610058,5.0033416394782e-13,1.31446830101133e-11
"ENSG00000106631.8",1.18016471588535,-1.66307639858964,0.379569757668902,-4.38147762035442,1.17877153302209e-05,6.49762632035331e-05
"ENSG00000106633.17",43.4006953578537,-1.20175028357119,0.23833780584192,-5.04221426108227,4.60175605261194e-07,3.60456436220614e-06
"ENSG00000106648.14",0.717206022915822,-1.05510438127801,0.402278139291419,-2.62282306251216,0.00872045476899097,0.0217407198793595
"ENSG00000106772.18",1869.95263179518,1.22719209582022,0.236575025313722,5.18732733598078,2.13333563274598e-07,1.8050833788312e-06
"ENSG00000106809.11",126.902624784099,-2.30861363085097,0.272640372995158,-8.46761470243428,2.50469230487203e-17,1.29156354311528e-15
"ENSG00000106819.13",461.349154034314,-1.04905234322399,0.207867640261435,-5.04673234325747,4.49430265431654e-07,3.52970912544793e-06
"ENSG00000106823.12",258.32743603171,-1.33633825874879,0.167246612133116,-7.99022617979942,1.34691410560239e-15,5.25637972366634e-14
"ENSG00000106829.20",1249.33687010901,-1.61382863084989,0.16079610006232,-10.03649112276,1.05355365411723e-23,1.34731682992063e-21
"ENSG00000106927.12",12.8520750772949,-2.38296273550274,0.264883221459563,-8.99627663229144,2.33502445201487e-19,1.67613620508881e-17
"ENSG00000106976.21",1072.19933347237,-1.33226075988801,0.146864201537704,-9.07137849754343,1.17520650872267e-19,8.80070863342911e-18
"ENSG00000107105.15",29.2546580515263,-2.46390319573412,0.246915224186779,-9.97874150469677,1.8884674211517e-23,2.32903510260851e-21
"ENSG00000107147.14",10.4343926645332,-1.14771503626409,0.16792084142329,-6.83485758251391,8.20865364278308e-12,1.73921870296643e-10
"ENSG00000107159.13",92.9367143067375,-1.81382033123302,0.256318701406323,-7.07642603244039,1.4791964821376e-12,3.57017213650423e-11
"ENSG00000107165.13",52660.0079028793,2.52882182698046,0.369752888482277,6.83922129009055,7.9624807787061e-12,1.6927704661104e-10
"ENSG00000107249.23",229.080410908348,-1.79336081333072,0.179553632049734,-9.98788380306329,1.72219036372506e-23,2.13028797312919e-21
"ENSG00000107295.10",171.682472585198,1.82040355492862,0.296148085976141,6.14693675607711,7.89936067844765e-10,1.13997648790848e-08
"ENSG00000107731.12",1687.94324261399,-1.10004646244283,0.127271919934447,-8.64327703243123,5.46232610105466e-18,3.15751317680158e-16
"ENSG00000107736.21",116.360079260326,-1.04165955796206,0.146816384991826,-7.0949816535808,1.29368646403888e-12,3.14986507430485e-11
"ENSG00000107807.13",18.1052622446303,-2.10189087665335,0.443964487482924,-4.73436713051108,2.19739664628812e-06,1.46148502821295e-05
"ENSG00000107859.10",2.51350922161873,-1.6585387235119,0.253431166879041,-6.54433605754377,5.97602800104587e-11,1.07382479800894e-09
"ENSG00000107984.10",592.715327010093,-1.79767834195469,0.281966311955596,-6.37550751891872,1.82358042299544e-10,2.99216934625094e-09
"ENSG00000108001.15",382.365868984186,-1.05947098157092,0.226939972198416,-4.66850758510101,3.03395578675789e-06,1.95317952926319e-05
"ENSG00000108018.15",2375.09679641859,-1.0077494465128,0.219695017515849,-4.58703824013713,4.49578358415795e-06,2.76779376869757e-05
"ENSG00000108231.14",3.97492730207569,-1.33805893237972,0.252896272676771,-5.29093971301786,1.21689477474205e-07,1.08883919543228e-06
"ENSG00000108405.4",98.3049730934587,-1.32488683718254,0.19059524209673,-6.95131117968904,3.61906573888983e-12,8.19257136382022e-11
"ENSG00000108417.4",0.453583724816164,-1.65736969050796,0.698571311792221,-2.37251324600762,0.0176675296308489,0.0397599532333625
"ENSG00000108684.15",10.7429283875255,-3.50393815976009,0.285393489157861,-12.2775686652821,1.19536827809061e-34,4.68697135603792e-32
"ENSG00000108821.14",146988.408047217,-1.15989403752842,0.188600956300546,-6.14999022422806,7.74877228052787e-10,1.12214102272927e-08
"ENSG00000108846.16",423.702790776916,-1.40177924364937,0.176880066701788,-7.92502665669337,2.2809739591749e-15,8.54840754654889e-14
"ENSG00000108878.5",0.721637920541577,-1.78785646287188,0.398416025846448,-4.48741101483936,7.20939080403486e-06,4.20424723722881e-05
"ENSG00000108932.12",2272.78186824855,1.96762868899378,0.257281052918149,7.64777921528391,2.04479901876726e-14,6.57277160232057e-13
"ENSG00000108950.12",1298.7784754601,-1.24995533904728,0.174750286948321,-7.15280850678619,8.50201714267538e-13,2.13640167160746e-11
"ENSG00000109158.11",2.60856321883381,-1.72295232607035,0.42075576690962,-4.09489889758409,4.22352653301237e-05,0.000202817111224795
"ENSG00000109193.12",5.81912815692735,-2.67606696214359,0.51333402847542,-5.21311039926848,1.85700304082166e-07,1.59201238413015e-06
"ENSG00000109321.11",133.985500304033,-2.58308920322929,0.255951577186981,-10.0921011373267,5.98739789836427e-24,7.85010193854308e-22
"ENSG00000109472.14",1851.61406371141,-2.23631842933213,0.169995225523257,-13.1551837555942,1.5889674086593e-39,9.57111064328955e-37
"ENSG00000109610.6",1970.77518372519,-1.9272324198174,0.204635852954638,-9.41786295994088,4.60362016867986e-21,4.1666955005987e-19
"ENSG00000109684.15",31.4916307947847,-1.34706190707323,0.199177967494784,-6.76310700433525,1.35063406170653e-11,2.73696015956348e-10
"ENSG00000109738.11",117.940275059831,-1.13477495707828,0.244470292397384,-4.64177035970374,3.4543665260374e-06,2.1892403408839e-05
"ENSG00000109819.9",1018.07197386715,1.00839340461975,0.233418877917515,4.32010218546287,1.5595696626494e-05,8.34648909593542e-05
"ENSG00000110076.19",922.457709655955,-1.22530146917929,0.21510954671079,-5.69617428847395,1.22525626690261e-08,1.37707141603586e-07
"ENSG00000110148.10",7.65752705847519,-1.02427039215878,0.302706036544719,-3.38371313585439,0.000715126781369341,0.00247272040659505
"ENSG00000110169.11",30.8075232034688,-1.17540348752241,0.15891072891197,-7.39662762590145,1.39686548003181e-13,3.96754741941458e-12
"ENSG00000110195.14",20.2544779494378,-1.30473504697006,0.331424030397473,-3.93675451175132,8.25910191706631e-05,0.000368745078823837
"ENSG00000110243.12",1.23077530573234,-1.86903300184065,0.404426571928203,-4.62143966685864,3.81086166651097e-06,2.38756664512776e-05
"ENSG00000110245.12",11.7263493060967,-5.13085820069036,0.908880657022176,-5.64524963871596,1.6494173724196e-08,1.79411370930394e-07
"ENSG00000110436.13",41.9011339023984,-1.79029113393397,0.209365515319342,-8.55103158322549,1.21993234142009e-17,6.67612870833676e-16
"ENSG00000110492.15",6734.85827151637,-1.1685549528904,0.166525204873114,-7.01728578433995,2.26219605809791e-12,5.32397466402408e-11
"ENSG00000110660.15",644.21393132698,-1.18027729282388,0.164633634950168,-7.1691139734668,7.54846962082386e-13,1.92236209792084e-11
"ENSG00000110665.12",94.4046333347916,-1.22416406455179,0.199221755668049,-6.14473083246761,8.00992271841968e-10,1.15352878732834e-08
"ENSG00000110675.13",36.376415857755,-1.97715482438474,0.308084588840943,-6.41757132942958,1.38465488935414e-10,2.32615305219631e-09
"ENSG00000110680.13",1.48105752427251,-1.2525696778718,0.338323284266387,-3.702286351907,0.000213665266999243,0.000852650583487521
"ENSG00000110777.12",938.793546266133,-1.28024078478511,0.261851862918385,-4.88917959382303,1.01257086002615e-06,7.27475714510059e-06
"ENSG00000110848.8",247.243652685498,-1.46662623656663,0.215966123064255,-6.7910013652015,1.11357871702127e-11,2.29716060672436e-10
"ENSG00000110900.16",1762.60674326227,-2.60477591223189,0.229340724477011,-11.3576684567114,6.79335243505025e-30,1.60423473809976e-27
"ENSG00000111046.4",1.990585383351,-2.38560684562062,0.437464502002918,-5.4532581151115,4.94552022492989e-08,4.82275250090418e-07
"ENSG00000111057.11",1523.89295856491,-1.20038546827717,0.204685273248604,-5.86454242274291,4.50372943325322e-09,5.54619267273689e-08
"ENSG00000111058.8",449.674287998101,-1.27828338115448,0.234030668974534,-5.46203361617353,4.7071091410919e-08,4.62061573268922e-07
"ENSG00000111110.12",2339.05365643612,1.16950075751832,0.137192408343113,8.52452968529752,1.53431958353188e-17,8.16509481827808e-16
"ENSG00000111186.13",195.639749942622,-1.04312849501475,0.173469199857489,-6.013335484753,1.81744365625186e-09,2.42493076215537e-08
"ENSG00000111199.12",1361.39204577132,-1.14917354215214,0.195050244001259,-5.89167959279619,3.82289876047729e-09,4.77282421997468e-08
"ENSG00000111218.12",3.56746522081005,-1.66725662826602,0.250597867967202,-6.65311577385099,2.86952290597947e-11,5.46076515651643e-10
"ENSG00000111249.14",17.1123419170024,-1.00280706515373,0.189249881044623,-5.29885175947496,1.16533195559999e-07,1.04653255701484e-06
"ENSG00000111262.6",5.28904599732862,-1.81801218729916,0.322384327668604,-5.63926975125165,1.70772831966928e-08,1.85075891583037e-07
"ENSG00000111339.12",32.5834358432111,-1.27969937627396,0.268685956077323,-4.76280708882935,1.90918339208277e-06,1.28918732967903e-05
"ENSG00000111344.11",233.035873684696,-1.3998010522048,0.264680832021758,-5.28863779636949,1.23230636471676e-07,1.10073322867737e-06
"ENSG00000111371.16",2622.09218583158,-1.35596460944693,0.204126489462359,-6.64276651706669,3.07849305308795e-11,5.81055078439789e-10
"ENSG00000111404.7",4.30579953520081,-1.41415145017599,0.337964309400315,-4.18432186725653,2.86018623082542e-05,0.000143222964006706
"ENSG00000111490.15",34.5315610516915,-1.05227191064879,0.152441033741785,-6.90281274549213,5.0982816296814e-12,1.12769973971697e-10
"ENSG00000111537.5",66.8915921978547,-1.12327603120867,0.279364414276483,-4.0208271841559,5.79941395901374e-05,0.00026919281099456
"ENSG00000111664.11",42.5909266198558,-1.58499175517733,0.142087051520137,-11.1550752740668,6.76355541663424e-29,1.4795099485587e-26
"ENSG00000111729.14",5.7607808262593,-1.08767337130232,0.186045825643008,-5.84626592691951,5.02730141935724e-09,6.13821097506833e-08
"ENSG00000111732.11",20.3812354768313,-1.17766926894536,0.316961902545105,-3.71549154484827,0.000202809047458076,0.000814882988249474
"ENSG00000111799.21",8189.11394735738,-1.31491545703254,0.171898365066731,-7.64937733132067,2.01954824687422e-14,6.4966303588689e-13
"ENSG00000111817.19",762.497836414289,-1.28206939466708,0.132734953627869,-9.65886798937259,4.50817804947282e-22,4.6493522603521e-20
"ENSG00000111846.19",2561.15156303296,1.28928022705972,0.145585638032136,8.85582015153942,8.30707276266299e-19,5.53298971413139e-17
"ENSG00000111879.20",132.065261679347,-1.20481009897884,0.194611539347148,-6.19084614931131,5.98420971914474e-10,8.88905376508554e-09
"ENSG00000111885.7",1187.05130294121,-1.24819050007179,0.148730946594981,-8.39227160619656,4.76837727704179e-17,2.35932495700489e-15
"ENSG00000111981.5",23.7699229055854,-2.05108137456123,0.234507272984606,-8.74634440312592,2.20375801979342e-18,1.36298498242045e-16
"ENSG00000112038.18",0.745031007212329,-1.23185989486072,0.280252812696615,-4.39553088872746,1.10502348294968e-05,6.14079235169868e-05
"ENSG00000112041.13",8.49778005362362,-1.10668816583232,0.251826182624446,-4.39465092270707,1.10950898613921e-05,6.16159974370897e-05
"ENSG00000112077.17",2.32080928548584,-1.9797013282075,0.47165468875938,-4.19735322342458,2.70052566402314e-05,0.000136130075983177
"ENSG00000112175.8",15.9026266302949,-3.8583135213252,0.319910452263233,-12.0606047537029,1.70526133816339e-33,6.00627726582599e-31
"ENSG00000112183.15",16.1354726927579,-1.69972816465471,0.24137689896953,-7.04180131533327,1.89770303509678e-12,4.51731578148296e-11
"ENSG00000112212.12",6.05083225070235,1.02378725761626,0.219905552161173,4.65557712188145,3.23074441762779e-06,2.06451721226086e-05
"ENSG00000112273.7",0.505752582844285,-1.0644545386299,0.411750858324507,-2.5851908189369,0.00973251173925737,0.0238517986265119
"ENSG00000112297.18",1544.42297523884,-1.16369352899589,0.18402724118094,-6.32348516191531,2.55728770530389e-10,4.08007645327602e-09
"ENSG00000112299.8",90.6788408349972,-1.31675365559168,0.180643924135036,-7.28922194254022,3.11750127098532e-13,8.3809565216489e-12
"ENSG00000112319.19",457.085662442005,-1.50296868068691,0.261849963891012,-5.7398086230498,9.47836013577798e-09,1.09245591781255e-07
"ENSG00000112486.17",2.66069272237111,-1.02090386531265,0.336045301257604,-3.03799476288481,0.00238158093542389,0.00706669999557991
"ENSG00000112539.15",2.77536148013311,-1.84784293130921,0.286029714798962,-6.46031805684237,1.04483146177644e-10,1.79963884021353e-09
"ENSG00000112559.15",1331.65615550328,-1.43456908645696,0.234096725942973,-6.12810401631342,8.89324417420648e-10,1.26886719659585e-08
"ENSG00000112715.25",4586.23128802464,-1.04432588644277,0.147623172180483,-7.07426802322052,1.50239660652504e-12,3.62406313176981e-11
"ENSG00000112761.21",65.5439833380317,-3.16637678431081,0.306451637724775,-10.3323865645467,5.02934372062753e-25,7.43877522123564e-23
"ENSG00000112936.19",1809.21070407317,-1.06737285053806,0.274644753326789,-3.88637626464336,0.000101751753477487,0.000441948623474899
"ENSG00000112964.14",292.872809899966,-1.16210579582273,0.211635247049273,-5.49107869329615,3.99486296762701e-08,3.99313358971895e-07
"ENSG00000113083.15",1149.48980302872,-1.24598648061263,0.149110553687766,-8.35612537005058,6.48118299590566e-17,3.15422631938912e-15
"ENSG00000113088.6",166.311367192069,-1.00928414823206,0.24729255707681,-4.08133653581241,4.47774645781167e-05,0.000213814451148401
"ENSG00000113249.13",4.51329460942162,-1.24515700194306,0.258479552063717,-4.81723599411112,1.45560493359401e-06,1.00661983777095e-05
"ENSG00000113262.16",4.97868171147651,-1.4280907040951,0.200252278336088,-7.13145795873693,9.93112889216231e-13,2.46864580751226e-11
"ENSG00000113296.14",682.101018615347,-2.00319152489699,0.220419371923669,-9.08809197401531,1.00792258230341e-19,7.68647309462284e-18
"ENSG00000113327.17",73.9002313511836,-1.2039184898486,0.423191924204439,-2.84485223131764,0.00444320302418848,0.0121380573216328
"ENSG00000113361.13",296.24720320921,-1.55904449901208,0.178808796776129,-8.71905928075803,2.80522675816104e-18,1.69957484726952e-16
"ENSG00000113389.16",130.072476257314,-2.37727806416455,0.227825294918019,-10.4346537333354,1.72240573155227e-25,2.67114279905879e-23
"ENSG00000113396.13",6.16480864645802,-1.49810995848052,0.274350951882113,-5.46056045442208,4.74633829868112e-08,4.65085230214449e-07
"ENSG00000113492.14",1.4794656307139,-1.24324436044093,0.380776910553029,-3.2650203465207,0.00109456213739473,0.003580370813348
"ENSG00000113494.17",246.49681719683,-1.52292582422387,0.247184907256417,-6.16107933581912,7.22507801051883e-10,1.0543844532064e-08
"ENSG00000113532.13",690.451877353387,-1.39385193274468,0.142403917165516,-9.78801679398054,1.26757663492733e-22,1.4316038070883e-20
"ENSG00000113594.10",1227.70056893761,-2.86342355602719,0.205949135586925,-13.9035473388458,6.02782714754026e-44,5.33039472140571e-41
"ENSG00000113739.10",440.405019698359,-1.70978117300225,0.151534902562753,-11.2830849136832,1.59068173307084e-29,3.69340302736817e-27
"ENSG00000113889.14",5.49722548237654,-1.87124579767047,0.26379155929499,-7.09365304436414,1.30617357214814e-12,3.17468924009481e-11
"ENSG00000113905.5",3.6999175102,-3.2428966512192,0.509795880820148,-6.36116683799426,2.00226812692921e-10,3.25452748891011e-09
"ENSG00000113924.12",8.02853977994553,-1.93705174723776,0.23590117842671,-8.21128474285925,2.18834241603031e-16,9.71708199733458e-15
"ENSG00000113946.4",13.8644295919882,-1.80404398491997,0.269703533635046,-6.68898905626184,2.24717534574997e-11,4.37252348876687e-10
"ENSG00000114115.10",751.85489256325,-2.26708858188836,0.199383309405899,-11.3705033216852,5.86484157356823e-30,1.40898581202684e-27
"ENSG00000114251.15",465.846520882995,-1.51477673533785,0.200321195618077,-7.56173968842448,3.97713713241138e-14,1.22171303397843e-12
"ENSG00000114270.17",2285.48584511221,-2.07178535922001,0.228512047631432,-9.06641632550419,1.22995786785871e-19,9.19415627768773e-18
"ENSG00000114529.13",234.95368901529,-1.06626754966593,0.159244506089789,-6.69578860739294,2.1451163042324e-11,4.19159961619685e-10
"ENSG00000114646.10",578.649183539666,-1.16128626147723,0.230517143755085,-5.03774358193093,4.71051905090347e-07,3.67728386163881e-06
"ENSG00000114757.19",171.112633813131,-1.13303560933475,0.270822789536702,-4.1836789705661,2.86829084384476e-05,0.000143559614706016
"ENSG00000114771.14",7.0612337727134,-1.93391641971268,0.377881796745075,-5.11778137071083,3.09150660790959e-07,2.51643551974027e-06
"ENSG00000114805.18",136.884558498502,-1.21353930720788,0.212691602772732,-5.70562867263071,1.15914452115279e-08,1.31385923542647e-07
"ENSG00000114812.13",62.8137975450974,-1.22168223479123,0.230834097520509,-5.29246869467665,1.2067613213321e-07,1.0802372181177e-06
"ENSG00000114854.8",19.0835731247884,-1.36813393635945,0.189626182243486,-7.21489996883828,5.39736377829209e-13,1.4099637545781e-11
"ENSG00000115008.6",26.895529953917,-1.78819131723656,0.252185677207977,-7.09077270776896,1.33365230146578e-12,3.2376902426122e-11
"ENSG00000115009.13",124.755742741787,-1.14500212328675,0.23549453755875,-4.86211754699873,1.16136618928178e-06,8.2355744000903e-06
"ENSG00000115107.20",1370.54116546586,-1.81491119872579,0.16887706805715,-10.7469369264014,6.12623482320575e-27,1.09749384362964e-24
"ENSG00000115165.10",622.708432624532,-1.08464845037333,0.190263013406197,-5.70078456635019,1.19257272964422e-08,1.34470178484734e-07
"ENSG00000115232.14",1854.03601479656,-1.27140140517954,0.189493652067183,-6.70946699960574,1.95336586799995e-11,3.85864031396455e-10
"ENSG00000115263.15",0.7701041701501,-2.7833780066001,0.780707137858418,-3.56520117676299,0.000363577198289601,0.0013631931001635
"ENSG00000115290.10",34.190546211471,-1.00584891418562,0.2191775121121,-4.58919760742229,4.44953063095732e-06,2.74216180432752e-05
"ENSG00000115297.11",39.0385748067328,-1.65146477738313,0.293200576445313,-5.63254273714279,1.77571822040715e-08,1.91396267314736e-07
"ENSG00000115318.12",5063.39514682762,-2.00260581126681,0.214543571175584,-9.33426156884404,1.01697656370976e-20,8.91721095799682e-19
"ENSG00000115339.14",922.804180906632,1.03209607507593,0.171086558019266,6.03259593871605,1.61346493777287e-09,2.17864943936699e-08
"ENSG00000115386.6",11.0116755374673,-3.04266501248128,0.636877660434607,-4.77747172102874,1.7751300528712e-06,1.20670518903227e-05
"ENSG00000115457.10",8988.59101687709,-1.34349934116247,0.212649453710799,-6.31790638404183,2.65130533305421e-10,4.21712790862607e-09
"ENSG00000115461.5",39314.3907765003,-2.1588579315604,0.220147280907716,-9.80642560134722,1.05644556257286e-22,1.1996718708102e-20
"ENSG00000115474.7",358.576141737943,2.027545514975,0.264322811885119,7.67071710729312,1.71037397449173e-14,5.57104726707094e-13
"ENSG00000115598.10",27.5216252450236,-1.37726682514952,0.212273890446381,-6.4881593409973,8.68913590823941e-11,1.51420489148112e-09
"ENSG00000115604.11",98.6273721680561,-1.25754246054078,0.169420380064227,-7.42261621691584,1.14829152881794e-13,3.30050432370203e-12
"ENSG00000115616.3",6.03851187037607,-1.32857817923497,0.25864324578361,-5.13672095016357,2.79573608775407e-07,2.30456928360244e-06
"ENSG00000115648.14",14261.1695163492,1.22940921443112,0.172185612681441,7.14002288161927,9.33153841288669e-13,2.32795557933011e-11
"ENSG00000115718.18",15.6914382354931,-1.09871754275023,0.166613983343056,-6.59438974271434,4.27008611466493e-11,7.87021370721525e-10
"ENSG00000115828.17",14801.916862392,1.32497469149269,0.202125173280682,6.55521858058105,5.55604339304948e-11,1.00225814019932e-09
"ENSG00000115844.11",271.963961365885,-3.59468824042889,0.255863910761584,-14.0492194844096,7.78877190083721e-45,7.5283008777348e-42
"ENSG00000115850.10",3.04900266312992,-1.31359531119024,0.194988469443731,-6.7367845644294,1.61929994373722e-11,3.24176540306084e-10
"ENSG00000116132.12",4689.37614005529,-1.45293483961181,0.169305594377821,-8.58172965253268,9.34570798930303e-18,5.22781043676195e-16
"ENSG00000116147.17",44.3469543107887,-1.95226730470854,0.25599578569107,-7.62616970212354,2.41831441416392e-14,7.65498733293837e-13
"ENSG00000116194.13",120.834939714469,-1.83612150318202,0.214578147637747,-8.55688952204852,1.15953556984933e-17,6.36626385126523e-16
"ENSG00000116254.18",14.1261588716281,-1.10029275975916,0.177279478993691,-6.20654328411193,5.41627080675985e-10,8.11796059396151e-09
"ENSG00000116285.13",3734.31406077735,-2.51783622746511,0.170285231887993,-14.7859928870475,1.80377592026796e-49,2.67744767136346e-46
"ENSG00000116574.6",524.1005669702,-1.28315845028963,0.150187268822903,-8.54372318204086,1.29965150969895e-17,7.07017225734395e-16
"ENSG00000116690.13",162.022637259208,-3.17766071662987,0.254985071764937,-12.4621441350859,1.20097612036324e-35,5.14587314582857e-33
"ENSG00000116741.8",2133.69169267398,-1.07672434145493,0.179008738378013,-6.01492614947775,1.79968726637596e-09,2.40509974807452e-08
"ENSG00000116745.7",33.6342477183314,-1.03728548517769,0.273149524186734,-3.79750061167439,0.000146162416135851,0.000609430411259856
"ENSG00000116748.21",17.5587809722044,-1.12862893139594,0.285454878931625,-3.9537910005955,7.6922607519999e-05,0.00034679004379501
"ENSG00000116774.12",2936.22119222422,-1.18863925483773,0.197272979086857,-6.02535258675433,1.68741355609139e-09,2.27038789958791e-08
"ENSG00000116852.15",857.158007702927,-1.38570522315604,0.154387977792589,-8.97547362798968,2.82135300247644e-19,2.00446279468249e-17
"ENSG00000116962.15",14710.7318251047,-1.11400039731834,0.160032444357689,-6.96109093246391,3.37647732308527e-12,7.68948769874355e-11
"ENSG00000116983.13",93.290865513531,-1.12534201105947,0.216701223205803,-5.19305795514924,2.06867752396901e-07,1.755377199902e-06
"ENSG00000117069.15",274.256007245388,-1.57332421777902,0.237134886889281,-6.6347227032588,3.2511314326747e-11,6.10589808426688e-10
"ENSG00000117091.10",444.819666108652,-1.07069399298891,0.194946444021922,-5.49224684943989,3.96852167915227e-08,3.97157953356433e-07
"ENSG00000117114.20",1465.26752024923,-1.27734570021438,0.178688474849321,-7.14845040393065,8.77629469619758e-13,2.20132987425084e-11
"ENSG00000117148.8",27.6484070240204,-2.16974754780331,0.310150429476698,-6.99579088593952,2.63766708031605e-12,6.13467930565729e-11
"ENSG00000117152.14",439.432503455431,-1.78763257598129,0.214686507687291,-8.32671133010897,8.31190957518926e-17,3.9436025772148e-15
"ENSG00000117154.12",87.6330852183617,-1.06864670912679,0.186528800483706,-5.72912443738223,1.00950323405864e-08,1.15743374935021e-07
"ENSG00000117318.9",1772.54150026334,-1.91717461843182,0.139818048302205,-13.7119251892861,8.61414658163348e-43,7.16042320451701e-40
"ENSG00000117322.18",639.962212668646,-1.00194421011551,0.389384460277003,-2.57314893717829,0.0100777829290583,0.024567588368674
"ENSG00000117407.17",32.2104180680467,-1.82205383562862,0.195883263445163,-9.30173310155564,1.38174754834668e-20,1.18165003301203e-18
"ENSG00000117425.14",113.053008471757,-1.05426896219674,0.131950283695457,-7.98989538082395,1.35053313287058e-15,5.26062399890974e-14
"ENSG00000117477.12",106.316113236639,-1.04639961367763,0.202294793108778,-5.17264729159368,2.30800432676515e-07,1.93710169283145e-06
"ENSG00000117594.10",147.232833043594,-1.0095214462799,0.204166624197614,-4.9445958674557,7.63019859748017e-07,5.65791818213151e-06
"ENSG00000117601.14",10.7080725897005,-1.62961076147655,0.227781071025108,-7.15428527112737,8.41099923201155e-13,2.11608928620378e-11
"ENSG00000117983.17",128.806150938415,-1.40761118565711,0.231492029668905,-6.08060324007859,1.19731230032192e-09,1.65765135995935e-08
"ENSG00000118094.12",16.2768620843068,-1.29907297466303,0.198986503592733,-6.52844766458058,6.64548240551328e-11,1.18286740787128e-09
"ENSG00000118113.12",891.747991852669,2.07181291792321,0.283322564984136,7.31255880744697,2.62102506157299e-13,7.18568889242063e-12
"ENSG00000118137.10",12.5932750737663,-2.43065286107645,0.235236269343693,-10.3328150368051,5.00692294877701e-25,7.4320618427525e-23
"ENSG00000118194.20",2.79310106327346,-1.14017014776977,0.284310622727377,-4.01029738823044,6.06423193148247e-05,0.00028004623059586
"ENSG00000118245.2",1.15584455600682,-2.64758134604195,0.500479333337361,-5.29009125788872,1.22255345094627e-07,1.09344812199552e-06
"ENSG00000118298.12",4598.44360184567,1.29292018579827,0.232885622820803,5.55173896154647,2.82841738050483e-08,2.91843801312169e-07
"ENSG00000118308.15",303.166913664555,-1.38270888280504,0.198448492881637,-6.96759578632704,3.22402941631977e-12,7.38276091466017e-11
"ENSG00000118407.15",57.3266453437794,-1.17563685481731,0.13232369981706,-8.88455247580473,6.41785894304293e-19,4.33017943816153e-17
"ENSG00000118432.12",258.053592667496,-1.40265410252802,0.278806664147056,-5.03092028599498,4.88131082905907e-07,3.79564154681671e-06
"ENSG00000118492.17",2.17377742844891,-2.22709586130685,0.305438562125995,-7.29146917732072,3.06593039409577e-13,8.26905899022767e-12
"ENSG00000118495.20",359.500751785503,-1.84142697085728,0.150864539218902,-12.2058303454956,2.89341576340735e-34,1.07371558891729e-31
"ENSG00000118523.6",7150.95216334677,-1.03507874279806,0.168548252338989,-6.14114194857553,8.19303267055298e-10,1.17704398151926e-08
"ENSG00000118526.7",3.65595405083856,-2.06521615044751,0.354023287929241,-5.83356016641562,5.42570297416065e-09,6.57826916604624e-08
"ENSG00000118946.12",380.35209773164,-1.26746163705216,0.140552795125554,-9.01769072553809,1.92095752096798e-19,1.39578385465859e-17
"ENSG00000118971.9",1764.53935707483,-1.6146246171451,0.167956392822729,-9.61335612184327,7.02220280811827e-22,7.13586291224967e-20
"ENSG00000118972.3",7.4632000789532,-1.62321498680104,0.422796073685683,-3.83923855453722,0.000123416472408658,0.000524589427924797
"ENSG00000118997.14",50.9199784934043,-1.02328098195492,0.167311935108268,-6.11600709353316,9.59490560046976e-10,1.35918018598065e-08
"ENSG00000119147.10",40.405023905317,-1.3604113576077,0.276147745566734,-4.92638951230889,8.37629406357864e-07,6.14537570821633e-06
"ENSG00000119283.15",89.8837581076816,-1.51046695837596,0.244929489030897,-6.1669461049887,6.96214736062195e-10,1.01995336130479e-08
"ENSG00000119614.3",1.39360066223842,-1.20736205741614,0.292252376558034,-4.13123093004649,3.60825870931801e-05,0.000176265219178039
"ENSG00000119681.12",3641.80154530142,-1.01475433881179,0.149057726036059,-6.80779430759806,9.91064225712481e-12,2.06780177455131e-10
"ENSG00000119699.8",1114.08468343671,-1.32627601195817,0.132529199248747,-10.0074249257996,1.41384687765218e-23,1.7699489135235e-21
"ENSG00000119715.15",25.6985107361883,-1.42729245133562,0.204031482227953,-6.99545205352668,2.64404996709032e-12,6.14608527585056e-11
"ENSG00000119866.22",331.97549033982,-1.19000250008389,0.218674942535059,-5.44187864548361,5.27215880509982e-08,5.11239625145486e-07
"ENSG00000119888.11",35.5667639812021,-1.50641284764319,0.226349383802942,-6.65525490873287,2.82809465121997e-11,5.38932920192592e-10
"ENSG00000119946.11",558.485016591369,1.26929852762517,0.191311079408703,6.63473611433416,3.25083586187797e-11,6.10589808426688e-10
"ENSG00000119973.6",0.446539424663301,-1.33967955102748,0.538293294925994,-2.48875392589029,0.0128191657976155,0.0301881222097849
"ENSG00000120054.12",853.575954018874,1.0237518353871,0.259054933588694,3.95187160192257,7.75423448630174e-05,0.000349318766225529
"ENSG00000120057.5",78.6330236164628,1.04847649881922,0.343509359558331,3.05225016333559,0.00227132720174567,0.00678029719139374
"ENSG00000120068.7",339.143487004234,-1.86153646092882,0.227999588465196,-8.16464833756917,3.22372964534454e-16,1.38844198466124e-14
"ENSG00000120094.9",0.98940280524722,-1.43667504595764,0.384321179149282,-3.7382146077346,0.000185331716341898,0.000751855226413077
"ENSG00000120129.6",3791.25241234993,-1.29291151684003,0.156600301001771,-8.25612408513442,1.50479185439967e-16,6.83520863962394e-15
"ENSG00000120211.4",2.4592638443297,2.38107720215799,0.465675558758071,5.11316764939989,3.16800897221338e-07,2.57316374639696e-06
"ENSG00000120215.10",40684.5596339152,1.37437853757003,0.228587465515405,6.01248425617371,1.82701581165277e-09,2.43613831132218e-08
"ENSG00000120251.21",199.063692065218,-4.69036755723043,0.419553634734795,-11.1794230079672,5.14232263088558e-29,1.14906028594014e-26
"ENSG00000120262.10",64.7727331657527,-1.14181944446836,0.156329193365071,-7.30394253235801,2.79455773724242e-13,7.61288683380623e-12
"ENSG00000120324.9",170.749353842972,-1.03301840851923,0.182213778719697,-5.66926615417127,1.43410439538406e-08,1.5856410449841e-07
"ENSG00000120329.7",0.846557355022127,-1.00686786715175,0.262821678337001,-3.83099245664468,0.000127627418720517,0.000540113102215878
"ENSG00000120332.16",58.4091221419489,-1.17669733565832,0.228629938146538,-5.14673338582687,2.65061633248458e-07,2.19583248974934e-06
"ENSG00000120440.15",1.74954646981745,-1.43929796133715,0.304682041739339,-4.72393434519681,2.31325125436112e-06,1.52851110705496e-05
"ENSG00000120498.14",14.1959348159794,-1.05335761092023,0.219141165144744,-4.80675372071003,1.53400768053855e-06,1.05661960919031e-05
"ENSG00000120563.10",1.59777797073485,-1.62631519557075,0.376927056872391,-4.31466822537323,1.59842775977912e-05,8.53357155452019e-05
"ENSG00000120659.15",76.5431444087091,-1.70768836133267,0.23551047390474,-7.25100813148296,4.13680844137908e-13,1.10073004123302e-11
"ENSG00000120693.14",232.186695133757,-1.12607615920069,0.168150703848087,-6.69682691437334,2.1299364478857e-11,4.16977949350096e-10
"ENSG00000120708.17",22291.723187302,-2.08058650014999,0.179665040371216,-11.5803636358591,5.18257474070907e-31,1.37196287498949e-28
"ENSG00000120820.12",367.371644782745,-1.8820490719681,0.173556048093006,-10.8440419832534,2.12854113537038e-27,4.05809296643412e-25
"ENSG00000120885.22",8450.04963811478,-1.42132606927502,0.241170945067053,-5.89343823684833,3.7824151733894e-09,4.72511991092306e-08
"ENSG00000120907.18",9.47532053112646,-1.54172484744836,0.242486257614462,-6.35798854176558,2.04412714496765e-10,3.31608167053651e-09
"ENSG00000120949.15",125.950545676639,-1.37646442304201,0.168104985688526,-8.18812373353638,2.65329969923952e-16,1.15851054847664e-14
"ENSG00000121075.11",17.023082885942,-1.21528400249804,0.245507712048628,-4.95008483585774,7.41811387595664e-07,5.51640094672589e-06
"ENSG00000121270.16",369.854406331816,1.8602470213514,0.244374807685219,7.61227001658696,2.69323155943352e-14,8.46717776650347e-13
"ENSG00000121316.11",963.931841577677,-1.31646294965689,0.179807569661725,-7.32151016852944,2.45195739902691e-13,6.73996385042038e-12
"ENSG00000121351.8",0.914473655143352,-1.74590501888701,0.519963403047617,-3.35774596568505,0.000785807952905915,0.00268164464559288
"ENSG00000121361.5",277.651370867623,-1.01109091887496,0.119315916129578,-8.47406575478918,2.36973558971233e-17,1.22959988239231e-15
"ENSG00000121570.12",6.21369659352845,-1.43346930851021,0.242427781020682,-5.91297458762746,3.35984032206732e-09,4.24313836115959e-08
"ENSG00000121594.12",50.7123403220458,-1.01327964078966,0.171063808870459,-5.9234016094952,3.15349437318849e-09,4.00689492933231e-08
"ENSG00000121764.11",3.79249589711858,-1.29077623760837,0.210106101126938,-6.1434495746915,8.07483144711536e-10,1.16166889790588e-08
"ENSG00000121871.4",4.1202796787243,-2.10427009575943,0.398934241833029,-5.27472920371712,1.32952258844111e-07,1.17794964444233e-06
"ENSG00000121895.8",101.304763207597,-1.785972834558,0.228045057526318,-7.83166648701383,4.8144526609707e-15,1.7234994099506e-13
"ENSG00000121898.13",1253.30674187688,-1.61806955711591,0.232439975409515,-6.9612361396321,3.37299835018335e-12,7.68810197298017e-11
"ENSG00000121904.17",78.6771490105704,-1.39838963386077,0.172499565114192,-8.10662701053801,5.20443120985596e-16,2.18712406414594e-14
"ENSG00000122043.11",1.62381148861499,-2.15861823891059,0.349679711961171,-6.17312976724909,6.69512156543891e-10,9.85698343970146e-09
"ENSG00000122133.17",7421.67273925559,3.45324555830291,0.388716411778706,8.8837143317448,6.46642132722157e-19,4.35587363374364e-17
"ENSG00000122136.14",6.92585332185908,-1.11177230906496,0.28352156218597,-3.9212972039697,8.80735533713678e-05,0.000389292037139295
"ENSG00000122176.12",4469.59056910847,-1.8358202311155,0.223968950735296,-8.19676220783484,2.46948268619901e-16,1.08840550799367e-14
"ENSG00000122180.5",0.504486021055949,-1.12056758645415,0.374669508907016,-2.9908160653987,0.00278233028543918,0.00809288342945084
"ENSG00000122188.13",187.545960098674,-1.13126664755861,0.230792194863352,-4.90166770253395,9.50264782786461e-07,6.87465707609589e-06
"ENSG00000122194.19",3.01004150299795,-3.06341702614155,0.505121400051586,-6.06471439505175,1.3218833928551e-09,1.81620223384607e-08
"ENSG00000122420.10",121.064301322914,-1.20688669774943,0.215619260646757,-5.59730468479176,2.17709902742209e-08,2.30123575223084e-07
"ENSG00000122584.13",5.45811622868883,-1.53297135252003,0.349180010576032,-4.39020363734778,1.13244559699031e-05,6.2755605202815e-05
"ENSG00000122585.8",3.90089876012598,-2.83700697275889,0.591739895148012,-4.7943479829922,1.63204766615281e-06,1.11729805799116e-05
"ENSG00000122641.11",1531.50878667206,-3.02155754035047,0.215336196170529,-14.0318144096761,9.9571093824313e-45,9.4053950034684e-42
"ENSG00000122852.15",12.6433088596713,-3.74989018838658,0.657477755552087,-5.70344799762508,1.17407868250595e-08,1.32781110754591e-07
"ENSG00000122859.5",4.32048130909129,-1.43434493848822,0.330282961489591,-4.34277606092442,1.40693526529916e-05,7.6079942097793e-05
"ENSG00000122861.16",1630.66829185459,-1.05548747680778,0.154278245950132,-6.84145370144378,7.83935418178825e-12,1.66915593495637e-10
"ENSG00000122877.16",862.163909229936,-1.19228030910596,0.14680207647411,-8.12168559016413,4.59753101659811e-16,1.94783470042661e-14
"ENSG00000123243.15",10333.1879429607,-2.98174611281073,0.295939331618341,-10.0755316858529,7.08764093413269e-24,9.20551664076321e-22
"ENSG00000123329.20",721.437725037859,-1.02071411339292,0.176422811551807,-5.78561300783479,7.2248370218803e-09,8.53306838031796e-08
"ENSG00000123374.11",13062.6634615063,1.34817611354977,0.14769589879739,9.12805382226091,6.97417065113417e-20,5.42809888768612e-18
"ENSG00000123405.14",66.1310190409743,-1.39144966260477,0.180871016503395,-7.69304938681899,1.43669024622819e-14,4.73151505655596e-13
"ENSG00000123407.4",194.990258108202,-1.97544315077247,0.355801262749602,-5.5520970766276,2.82262761484929e-08,2.91345117480123e-07
"ENSG00000123447.6",13.4547084501863,3.32938148454346,0.173633914986676,19.1747187454648,6.0193093598067e-82,5.00349071224572e-78
"ENSG00000123454.12",24.7295035150395,-1.28143692118865,0.192026453135048,-6.67323121511516,2.50231673882683e-11,4.83277361984763e-10
"ENSG00000123496.8",2309.32785051497,-2.92862338126601,0.320581308303107,-9.13535288993527,6.51938012932751e-20,5.09320445366748e-18
"ENSG00000123500.10",346.417384712741,-1.14909466731292,0.233490360109712,-4.92137948124704,8.59363156574529e-07,6.29271320685011e-06
"ENSG00000123561.15",0.684471905848941,-2.37383470063015,1.03216542755335,-2.29985876029301,0.0214562231481855,0.0468068206217135
"ENSG00000123572.17",20.8003941165059,-2.44612606014134,0.306963612403564,-7.96878184025743,1.60246055192328e-15,6.14971980231166e-14
"ENSG00000123576.5",0.390885144701863,-1.73928418382177,0.620526596383168,-2.80291641641059,0.00506427921734934,0.0136031521250871
"ENSG00000123610.5",258.921371652887,-1.94372914520833,0.188290848187567,-10.3230144423805,5.54542452861081e-25,8.14413195258383e-23
"ENSG00000123685.9",158.236684976592,-1.20629531758388,0.123280374035065,-9.78497451054756,1.30628195381343e-22,1.46938336895638e-20
"ENSG00000123689.6",433.369817755701,-1.77087853558243,0.198527741707109,-8.92005580859844,4.6605329684386e-19,3.22835118723742e-17
"ENSG00000123838.11",8.87310953563626,-2.42462029716646,0.310440747427122,-7.81025144817903,5.70740061588757e-15,2.01367558911306e-13
"ENSG00000123843.13",6.16720165099329,-1.89195335539298,0.220683457780138,-8.57315439237813,1.00688373852124e-17,5.5871965207503e-16
"ENSG00000123892.12",6073.12578295602,1.69537945705691,0.165996161367065,10.2133654362521,1.72766353670466e-24,2.4095688561248e-22
"ENSG00000123901.9",25.6177486173058,-1.84825661720576,0.237487276439448,-7.78255005874812,7.1077064750307e-15,2.46792394749562e-13
"ENSG00000123977.10",9.40197675737926,-3.73307153437144,0.340403380009841,-10.9666112430009,5.53065437178456e-28,1.11584979126267e-25
"ENSG00000123999.5",77.3488323001771,-1.20471241167037,0.20424392290767,-5.89840027805855,3.6704268773862e-09,4.60071723748817e-08
"ENSG00000124092.12",342.189909690794,-3.20550911564484,0.414634227593627,-7.73093223453439,1.06761847029608e-14,3.59873145680824e-13
"ENSG00000124107.5",355.446425350949,-1.26945953050455,0.33143320751391,-3.83021224706723,0.000128032776327112,0.000541663095450677
"ENSG00000124143.10",29.4177869809435,-2.01052041481616,0.337070078964498,-5.96469559384392,2.45090523124073e-09,3.18326635065085e-08
"ENSG00000124159.15",24.8697754823314,-1.6333562117026,0.195906969125189,-8.33740738778337,7.59370818080519e-17,3.63187226019132e-15
"ENSG00000124191.18",482.475146687494,-1.61887033297091,0.189947214955714,-8.5227379266832,1.55825108842538e-17,8.28184549068233e-16
"ENSG00000124203.6",211.618662158111,-1.1754523055726,0.219478279495623,-5.35566575550834,8.52419602252971e-08,7.89927837432285e-07
"ENSG00000124205.18",4334.57025311293,-7.02924639419773,0.473964765182925,-14.8307361866548,9.27105945762117e-50,1.42712508584315e-46
"ENSG00000124216.4",439.527158164191,-1.52986974381382,0.165567696549289,-9.24014633107117,2.4616035890106e-20,2.02192032344779e-18
"ENSG00000124225.16",4508.63305728485,-2.10204189044004,0.184897164150909,-11.3687081145517,5.9867087798027e-30,1.4299976454377e-27
"ENSG00000124253.11",20.1938722883253,-2.89940516931384,0.357492115129094,-8.11040312949793,5.04520959511135e-16,2.12882234712709e-14
"ENSG00000124256.15",205.130332863113,-1.08110596405021,0.211144082726446,-5.12022856662704,3.05165560794943e-07,2.48887186769219e-06
"ENSG00000124260.12",643.47842602534,-1.70809937058589,0.441146361564744,-3.87195615651746,0.000107965375739445,0.000465966453425009
"ENSG00000124302.13",21.2098605510933,-1.23169445832848,0.264747945808373,-4.65232866894458,3.2820740582949e-06,2.09152962298149e-05
"ENSG00000124334.17",7.03279107417073,-1.03246801766339,0.205158797626882,-5.03253104232519,4.84046195792226e-07,3.76810788340822e-06
"ENSG00000124429.18",55.9663335562203,1.05471082919759,0.360562165903469,2.92518441737996,0.00344252146007433,0.00974911944151059
"ENSG00000124440.16",232.244728547501,-2.05223160624044,0.289089906198808,-7.09893898830599,1.25718290269509e-12,3.07359034128314e-11
"ENSG00000124479.11",70.6816220172241,-2.75274452815814,0.344897806308216,-7.98133382645572,1.44760369947135e-15,5.61243516393919e-14
"ENSG00000124490.14",2.06146409852543,-3.44336371211211,0.548269580104167,-6.28042086788382,3.37657710695033e-10,5.27187444474341e-09
"ENSG00000124493.14",9.76996738841988,-1.20784585883414,0.209747058820055,-5.75858305536655,8.48229291269312e-09,9.86680822942489e-08
"ENSG00000124496.12",636.411229365629,-1.05252790485042,0.12996631486383,-8.09846694470939,5.56560814866857e-16,2.32480206909511e-14
"ENSG00000124557.12",13.8845051611498,-1.48125264066619,0.206086660394487,-7.1875231411427,6.59772226396789e-13,1.6937278118285e-11
"ENSG00000124564.17",1.61720881985821,-1.92605641336855,0.359229699655651,-5.36162910587522,8.2474744688547e-08,7.67364078519228e-07
"ENSG00000124568.12",0.445271076276654,-1.44115200471663,0.469748122993122,-3.06792498825532,0.00215550717613319,0.00647025778235215
"ENSG00000124575.7",6.8709015186622,-1.14937223737644,0.209538166176587,-5.48526437139771,4.12851520617264e-08,4.10509816586441e-07
"ENSG00000124731.13",388.670442059449,-1.79397654304022,0.21413165146305,-8.37791391783003,5.3874023227124e-17,2.65612355084902e-15
"ENSG00000124743.6",22.5145736627407,-1.39413303118802,0.191968083500341,-7.26231676520095,3.80515796149181e-13,1.01638801539539e-11
"ENSG00000124749.17",76.2243516096562,-1.15353736377887,0.180645889347999,-6.38562752765814,1.70696021154505e-10,2.82760782432185e-09
"ENSG00000124813.23",800.41195514062,-1.03408292144135,0.145427955156184,-7.11061996526585,1.15522837072029e-12,2.83433303092543e-11
"ENSG00000124882.4",75.7339497396007,-2.81091540630269,0.338969821539727,-8.2925240764339,1.10870217826084e-16,5.13138974753643e-15
"ENSG00000124935.4",30.3984278933073,1.21682963010512,0.447906868901474,2.71670232048347,0.00659358817169904,0.0171062866162394
"ENSG00000125046.15",167.548908858965,-1.42782768482264,0.226293284924076,-6.30963347101391,2.79697066463328e-10,4.42342826345085e-09
"ENSG00000125084.12",10.7270796962737,-1.07680367036265,0.209874053077045,-5.13071365695386,2.88645719206407e-07,2.37041955772707e-06
"ENSG00000125266.8",605.895023742813,-1.56301029567361,0.13618353223214,-11.477234215142,1.71684941087376e-30,4.35095702528872e-28
"ENSG00000125430.9",248.049210525464,-1.72926359968578,0.181143702585538,-9.54636332924243,1.34329000312603e-21,1.30748990889752e-19
"ENSG00000125462.19",51.9049383339326,-1.73088153862792,0.176894319254765,-9.78483393881679,1.30809837475064e-22,1.46938336895638e-20
"ENSG00000125538.12",358.753115949845,-1.81949420508164,0.214518643272014,-8.4817532748167,2.21825566395208e-17,1.15532759279669e-15
"ENSG00000125637.16",1430.42269502245,-1.10176918139734,0.16135283804464,-6.82832229509664,8.59134041128668e-12,1.80888191577455e-10
"ENSG00000125675.18",30.6864055118045,-1.45267023618164,0.232978987459244,-6.23519851306661,4.5120554301036e-10,6.86169219853515e-09
"ENSG00000125726.11",203.199631586494,-1.30525604102911,0.232726850396824,-5.60853222910681,2.04049704285467e-08,2.16842592930518e-07
"ENSG00000125798.15",2.72702243023873,-3.24986486092933,0.484775374529649,-6.70385715050501,2.02988708620804e-11,3.98517558228524e-10
"ENSG00000125804.14",11.497274594257,-1.11037927462881,0.217072465052007,-5.11524699534221,3.13330674202504e-07,2.54796507165026e-06
"ENSG00000125845.7",344.112142436903,-3.07726041817505,0.21492806329426,-14.3176296804105,1.69817033544185e-46,1.857351460043e-43
"ENSG00000125848.10",732.512416136819,-2.48181267217334,0.25992882576531,-9.54804710430296,1.32164053567053e-21,1.28943718177321e-19
"ENSG00000125869.10",106.037529796967,-1.35205406040043,0.200410113044582,-6.74643629435834,1.51520548239919e-11,3.05111290016838e-10
"ENSG00000125872.8",3.54630605803423,-1.16019369597731,0.250493317504306,-4.63163531680785,3.62788765027777e-06,2.28561871336736e-05
"ENSG00000125879.5",59.8079706141383,-7.99173826363047,0.752151216572006,-10.6251749482684,2.27585040920653e-26,3.86077121254864e-24
"ENSG00000125968.9",831.32809887619,-1.70564173967082,0.179417833812082,-9.50653401298601,1.97120938582487e-21,1.87906891040489e-19
"ENSG00000125999.11",30.702665995537,-1.5211341846422,0.319735152570179,-4.75748184838177,1.96022876903287e-06,1.31866126157055e-05
"ENSG00000126217.21",3939.22638517477,1.06227101957137,0.207941193028693,5.10851651901793,3.24698021884057e-07,2.63062362291329e-06
"ENSG00000126231.15",6.64771931319201,-1.00042188874697,0.167210367696484,-5.98301350884479,2.1904659281498e-09,2.8701180613418e-08
"ENSG00000126259.20",37.63334535726,-2.03719474471899,0.237803331590179,-8.56672079022769,1.06473640791985e-17,5.87683593439106e-16
"ENSG00000126549.11",23.6349971951248,-3.25236093970735,0.531186210138181,-6.12282637921134,9.19298509272398e-10,1.30848920008149e-08
"ENSG00000126550.10",128.205821973053,-1.72254248424383,0.422071658072295,-4.08116122298072,4.4811257106568e-05,0.000213926656083526
"ENSG00000126583.11",4.10745243449453,-1.3952278344909,0.194912828766212,-7.15821448656107,8.17346048323158e-13,2.06382360026774e-11
"ENSG00000126733.21",3.91298629586723,-1.57906771996437,0.333102055897613,-4.74049226657951,2.13199590306595e-06,1.42436929309158e-05
"ENSG00000126856.15",725.115922942561,1.64323115492086,0.331333032485389,4.95945466890123,7.06913406527173e-07,5.29241100707645e-06
"ENSG00000126861.5",98.0101108932874,1.38645903231264,0.196112564111837,7.06971039102821,1.55257375650723e-12,3.74075770828715e-11
"ENSG00000126895.15",100.779604517051,-1.01827116664889,0.178468145303076,-5.70561858487212,1.15921317942083e-08,1.31385923542647e-07
"ENSG00000126950.8",11.4324251876751,-2.14201784681846,0.254654564497087,-8.41146456985249,4.04922496639358e-17,2.02519720882371e-15
"ENSG00000126952.17",0.651688150133986,-1.08715470162711,0.323183013862364,-3.36389802370649,0.000768499333914384,0.00262840432160547
"ENSG00000126970.16",213.262457882093,-1.00800522847361,0.176713006629733,-5.70419375290065,1.16895052695882e-08,1.32309155232741e-07
"ENSG00000127074.15",41.2589573045302,-1.61894098533005,0.295540418832544,-5.47790042297854,4.30402212991213e-08,4.26319751581048e-07
"ENSG00000127083.7",70.7429279081983,-1.00272194204856,0.252395402697042,-3.97282173658351,7.10262043753391e-05,0.000322868982418008
"ENSG00000127152.18",434.856774484507,-1.21741520551985,0.209180233809694,-5.81993424210157,5.88707839193261e-09,7.07573025232803e-08
"ENSG00000127324.9",66.3801185883941,-2.64970234656587,0.352770560440949,-7.51112094856739,5.86231979608886e-14,1.75920386545159e-12
"ENSG00000127325.19",5.35753393779711,-2.53855940635663,0.297216139112715,-8.54112234259903,1.3292438763218e-17,7.22170378924009e-16
"ENSG00000127418.15",2939.60878550997,-1.24049742769166,0.177169439928953,-7.00175734702957,2.52771602263379e-12,5.88884155452385e-11
"ENSG00000127472.11",214.473382047368,-2.48299715630261,0.233457874814138,-10.6357395666323,2.03210076080962e-26,3.47564493089585e-24
"ENSG00000127928.13",30.6403628499187,-1.17746695471036,0.376488072439769,-3.127501349724,0.00176299010385023,0.00543450231374497
"ENSG00000127951.8",2704.40415111155,-1.24288714286553,0.21071652080831,-5.89838489216606,3.67076908169668e-09,4.60071723748817e-08
"ENSG00000128040.11",9.21984886424376,-1.55068422863584,0.287139427650961,-5.40045733642963,6.6471218736215e-08,6.30748126281864e-07
"ENSG00000128045.7",5.89715268096483,-1.80702114754333,0.238899203833779,-7.5639479686195,3.91016195926479e-14,1.20380852852565e-12
"ENSG00000128165.9",434.012509188675,-1.05916851149074,0.175301755175474,-6.04197322742448,1.52240732044432e-09,2.06778735465055e-08
"ENSG00000128242.13",249.363581020966,-3.25995484971191,0.273191630570652,-11.9328503691801,7.9793665309786e-33,2.51241236182222e-30
"ENSG00000128262.8",12.7320760093737,-1.03403754290826,0.154050166924405,-6.7123428916223,1.91523972769949e-11,3.79233890246052e-10
"ENSG00000128268.12",464.296156915779,-1.78056156395395,0.173460330466681,-10.264949681368,1.01373811029218e-24,1.4528614944815e-22
"ENSG00000128274.17",469.020828499705,-1.23116429402584,0.145152202531292,-8.48188503209537,2.21574453268258e-17,1.15532759279669e-15
"ENSG00000128276.10",0.778403703877922,-1.18553284168833,0.256507906315948,-4.62181793425143,3.80391793718857e-06,2.38459181456156e-05
"ENSG00000128285.4",548.431066589804,-1.27190354205656,0.299037921623988,-4.25331855956336,2.10625608363755e-05,0.000108962179920518
"ENSG00000128322.7",5.19220353087674,-1.54233289245148,0.330126607150858,-4.67194360903688,2.98362883019383e-06,1.92405867246728e-05
"ENSG00000128340.15",3919.24672060581,-1.01557196407874,0.187860829254752,-5.40598041703284,6.44548389650198e-08,6.12733764195827e-07
"ENSG00000128342.5",2687.55142434382,-2.0269784646731,0.241512124456639,-8.39286420602468,4.7443948278053e-17,2.35025670838193e-15
"ENSG00000128422.17",5456.55622521823,-1.03726457599422,0.385894746781593,-2.68794686801291,0.0071892835012855,0.0184138165329653
"ENSG00000128438.10",21.9470697640476,-1.97923451077104,0.308577886745748,-6.41405167312534,1.41702142510406e-10,2.37668460331618e-09
"ENSG00000128482.16",32.6431600397276,-1.4813763262128,0.164545751982381,-9.00282327781653,2.19986281879036e-19,1.58458749522643e-17
"ENSG00000128512.23",1454.65125136477,-1.46241672963623,0.132666836200086,-11.0232275942017,2.95277810828968e-28,6.07541404637306e-26
"ENSG00000128567.17",2559.09267141781,-1.01049662813213,0.127652431518353,-7.91599984514861,2.45273921624264e-15,9.14266791977369e-14
"ENSG00000128591.16",1603.91425898494,-2.94532302680153,0.223427644359679,-13.1824467614226,1.10740100648515e-39,6.8695224823188e-37
"ENSG00000128606.13",184.207750875416,-2.5748288386288,0.202337350993768,-12.7254252661838,4.27142841049828e-37,2.13890491080879e-34
"ENSG00000128656.15",1319.47078734721,-1.1585867231656,0.154455575879338,-7.50110001901581,6.32844769494881e-14,1.89089103592712e-12
"ENSG00000128683.14",133.547127857147,-1.31327348657907,0.257235788514413,-5.10532960504244,3.30218427181477e-07,2.67222318351179e-06
"ENSG00000128710.6",78.9111132071883,-2.01636333185155,0.221592088027629,-9.09943739327074,9.08009608432689e-20,6.95003597526324e-18
"ENSG00000128713.14",25.6603970666821,-3.29548089815819,0.369989192273158,-8.90696530325992,5.24484635375053e-19,3.57941386132315e-17
"ENSG00000128714.6",930.184354794625,-1.4375008309006,0.254616996467346,-5.64573791555569,1.64474242944512e-08,1.79043438587214e-07
"ENSG00000128805.15",437.085622106325,-1.77935914589792,0.15520995369331,-11.4642076977478,1.99577692603874e-30,4.97222185338577e-28
"ENSG00000129116.19",2966.61499532264,-1.03837619142963,0.124714224963818,-8.32604453686729,8.35883672920674e-17,3.9568333956639e-15
"ENSG00000129151.9",57.2097956547557,-1.43167662773253,0.326806986897824,-4.38080177331137,1.18243406036805e-05,6.51608650451033e-05
"ENSG00000129152.4",4.88833754682155,-1.35696728508708,0.316071873839951,-4.29322378040573,1.76097357412914e-05,9.30218399694397e-05
"ENSG00000129170.10",6.3477724236944,-2.65957866541882,0.407770947426907,-6.52223676601077,6.9266558081939e-11,1.22870537217309e-09
"ENSG00000129455.15",14.781701086947,1.76805531985607,0.531131145673012,3.32884888084602,0.000872057076060518,0.00293429697176386
"ENSG00000129596.5",100.050540388697,-1.17462626003334,0.241143608049695,-4.87106529396902,1.10998148153841e-06,7.91027464926941e-06
"ENSG00000129654.8",24.3131285819278,-2.50448486008501,0.245174060968488,-10.2151298150864,1.69651909801189e-24,2.37409854382391e-22
"ENSG00000129675.16",1916.92210308902,-1.16770506018964,0.135617318841847,-8.61029454174202,7.28730958777818e-18,4.1546661328839e-16
"ENSG00000129951.19",9.93964808991462,-2.64329680674105,0.287640386811576,-9.18958855549235,3.94346802246635e-20,3.15189265287974e-18
"ENSG00000129988.6",49.7827579209581,-1.47689956381062,0.264603745705663,-5.58155199153331,2.38381770607345e-08,2.49947920711916e-07
"ENSG00000130032.17",39.6979942445502,-2.38483054213163,0.229953149993628,-10.3709409599204,3.36197760636319e-25,5.06269975636474e-23
"ENSG00000130035.9",46.3903100529141,-3.3540416032827,0.273984084103098,-12.2417388377224,1.86004471271108e-34,7.09240168345851e-32
"ENSG00000130045.16",4.0573631350576,-1.29841134465474,0.205827901811452,-6.308237771593,2.82230407408999e-10,4.45670979967053e-09
"ENSG00000130176.8",251.956816511458,-1.07290199635975,0.166211237821939,-6.45505087633811,1.08182552706795e-10,1.85413742498962e-09
"ENSG00000130222.11",177.317616125703,-1.34730108998758,0.183231475456721,-7.3530002780871,1.93806533996781e-13,5.40966230085576e-12
"ENSG00000130224.15",207.237544403403,-1.42673689719091,0.218446859440706,-6.53127676380342,6.52113657324511e-11,1.16472487433267e-09
"ENSG00000130287.14",4.65256214503782,-1.02814627832741,0.224813517111605,-4.57332944894502,4.80034444282245e-06,2.93047100846755e-05
"ENSG00000130413.15",48.895700662643,-2.22184659251771,0.260280828221021,-8.5363436396898,1.38535938685003e-17,7.48742611654888e-16
"ENSG00000130433.7",2.92063808517347,-1.68489289007175,0.342772622655562,-4.91548268067146,8.8563980322232e-07,6.46224745462185e-06
"ENSG00000130508.11",5021.65797628436,-1.3619366419738,0.175545303414463,-7.7583200204352,8.60617653014394e-15,2.94394986786702e-13
"ENSG00000130518.17",130.970130919938,-1.06669579016934,0.163725559096715,-6.51514519818636,7.26193781960529e-11,1.27998583400524e-09
"ENSG00000130584.12",433.472333232621,-1.28965400910174,0.138821276743318,-9.29003132197325,1.54242929265649e-20,1.31097027119405e-18
"ENSG00000130595.19",37.0959350764319,-1.94575157084289,0.222558507617246,-8.74265195105089,2.27701325856377e-18,1.40203296373967e-16
"ENSG00000130600.19",1578.03524063892,-1.79585186140598,0.193065759496926,-9.30176260195212,1.38136415646165e-20,1.18165003301203e-18
"ENSG00000130635.16",12215.9567666899,-1.10823668724701,0.17752932439691,-6.24255565108372,4.30478539029475e-10,6.57052847563093e-09
"ENSG00000130643.9",5.21061873084528,-1.43477036692528,0.239273391600838,-5.99636406424498,2.0178436943945e-09,2.65649729573723e-08
"ENSG00000130649.10",44.6644356026065,-1.18946439138679,0.198075284270265,-6.00511263062896,1.91199130035494e-09,2.53804479161137e-08
"ENSG00000130700.7",6.35689936440616,-1.22144138192888,0.464509530361647,-2.62952921757691,0.00855031841670573,0.0213806831138393
"ENSG00000130707.18",619.339427628204,-1.44126121881932,0.188377919594007,-7.650903152161,1.99572611184932e-14,6.42497046171043e-13
"ENSG00000130762.15",308.022470551791,-1.03917225648793,0.212423956180558,-4.8919729919946,9.98301461865393e-07,7.18465893645878e-06
"ENSG00000130876.11",12.184074653745,-1.89212889402837,0.313948715216601,-6.02687255057866,1.67162716771806e-09,2.25060474067697e-08
"ENSG00000130950.14",1.04067863781032,-1.03704784272768,0.30350559902396,-3.41689855496148,0.000633388767365727,0.00222019937161629
"ENSG00000131044.17",12.8099544691022,-1.47250886045893,0.14573478464162,-10.1040315397591,5.30167905013798e-24,6.97305014815933e-22
"ENSG00000131050.11",5.20435019077628,-3.51918086794352,0.447498398424601,-7.86411947022079,3.7170267732786e-15,1.35903238931298e-13
"ENSG00000131142.13",7.38239517826181,-1.31724135445106,0.253251984692338,-5.20130713309634,1.97891761737571e-07,1.688342637626e-06
"ENSG00000131203.13",1069.34314386211,-1.23544684125782,0.248906795461775,-4.96349181212911,6.92369614976497e-07,5.19614769549534e-06
"ENSG00000131386.19",201.890771150706,-1.26751817741618,0.187940577519634,-6.74424966733842,1.5381984348536e-11,3.08992766309258e-10
"ENSG00000131459.13",1635.28727546988,-1.37983532207806,0.176383158829406,-7.82294257136308,5.1602649913072e-15,1.83779720281671e-13
"ENSG00000131620.17",1068.337844235,-1.44722299322961,0.183008071164177,-7.90797358839602,2.61612296815346e-15,9.71682777501287e-14
"ENSG00000131668.14",16.6505930200077,-1.65625556148162,0.272170921737199,-6.08535089241039,1.16236456906906e-09,1.61572562607519e-08
"ENSG00000131686.15",103.358075575656,-2.95131612610164,0.367808020442038,-8.02406680135659,1.02300625152486e-15,4.08435982957505e-14
"ENSG00000131771.14",155.475371665821,-2.4970024832253,0.282348280071296,-8.84369645387879,9.26029674245125e-19,6.12860594283055e-17
"ENSG00000131914.11",174.823563011437,-1.9250350605654,0.435525650386656,-4.42002683161455,9.86886470282878e-06,5.55033497671136e-05
"ENSG00000131981.16",31278.6238157548,1.09941228407086,0.143685248354768,7.65153205815768,1.9859878563524e-14,6.40488527448214e-13
"ENSG00000132000.13",662.841454473876,-1.04954862012312,0.242175841714443,-4.33382872830343,1.46538196239154e-05,7.88608120172437e-05
"ENSG00000132321.17",27.8698173212972,-1.39849941639194,0.173434374054141,-8.06356539191803,7.41008627405596e-16,3.02235530640151e-14
"ENSG00000132329.11",1047.75835220214,1.19221271172331,0.272657302193287,4.37256842979452,1.22793310570726e-05,6.74179071854756e-05
"ENSG00000132334.17",1047.48985131772,-1.17285903175973,0.135340992926791,-8.66595557189498,4.47741547154689e-18,2.62839465859367e-16
"ENSG00000132359.15",578.343316252575,-1.44488171878895,0.18932547892298,-7.63173412796038,2.31616731853811e-14,7.37659357035102e-13
"ENSG00000132464.13",2.94669609696691,-1.4003309612911,0.283413599325516,-4.94094484041589,7.77449022390129e-07,5.75259680765151e-06
"ENSG00000132465.12",4464.7089082119,-1.01602958453407,0.277818936926296,-3.65716461150961,0.000255020616467369,0.000997840649949631
"ENSG00000132517.15",22.8105615115313,-1.30488580310967,0.200930195835861,-6.49422451255474,8.3462203490296e-11,1.45921493240189e-09
"ENSG00000132535.21",1157.32575432439,-1.00289245029679,0.115903975469684,-8.65278732875829,5.02566249478373e-18,2.92954536617393e-16
"ENSG00000132554.20",27.4030379728152,-1.2527248186919,0.270824484251846,-4.62559661897838,3.73521631355547e-06,2.34506133570985e-05
"ENSG00000132669.13",1897.7400824728,-1.0893902912718,0.120040495363833,-9.07518990129082,1.13479441396736e-19,8.54426185386078e-18
"ENSG00000132671.6",5.82883324438044,1.21573708955375,0.403615438930765,3.01211740753628,0.00259432235776737,0.00761729373698628
"ENSG00000132677.13",6.44255309065719,-1.00399575568002,0.275973283261133,-3.63801794078021,0.000274744290862432,0.00106589398084798
"ENSG00000132693.12",3.29027448575535,-2.64975777690948,0.40968439365233,-6.46780257672725,9.94382924574659e-11,1.7213054190409e-09
"ENSG00000132702.13",40.1708665400773,-1.9549084431596,0.225831711127308,-8.65648333177424,4.86542164332119e-18,2.84411609479206e-16
"ENSG00000132703.4",2.19330541697741,-4.17720032966516,1.09167526793945,-3.82641290165863,0.000130024125424294,0.000549219832286972
"ENSG00000132704.16",92.3508514711702,-1.8067946113361,0.293198977100388,-6.16234964120447,7.16733763508794e-10,1.04706111349569e-08
"ENSG00000132746.15",1746.13275739453,1.18788944776134,0.358796764639855,3.31075852635877,0.000930434611365375,0.00310633169873626
"ENSG00000132840.10",129.968259146278,-1.83201679923738,0.225842185591227,-8.11193353642671,4.98205508521234e-16,2.10431070580889e-14
"ENSG00000132854.19",155.537968201078,-4.45460058598755,0.28815945085312,-15.4588043973548,6.58086779312548e-54,1.43954751167306e-50
"ENSG00000132872.12",1.10854698576028,-1.69045110904018,0.395525675282181,-4.27393520745311,1.92052866240902e-05,0.000100391161196131
"ENSG00000132874.15",7.44142095604006,-1.2761332591686,0.200565918382101,-6.36266255734147,1.98286001330849e-10,3.22676694883036e-09
"ENSG00000132958.17",9.5684533343172,-1.28059227922789,0.198689061578722,-6.44520774849253,1.15442175374492e-10,1.96237533452541e-09
"ENSG00000132972.19",4.77875425418137,-1.06949232976341,0.358579750542197,-2.98257870988606,0.00285831141664179,0.00828374165668126
"ENSG00000132975.8",17.476476767205,-1.88384907041086,0.455918613146309,-4.1319854379499,3.59643210171475e-05,0.000175728792630459
"ENSG00000133019.12",457.005727796661,-1.44508926717416,0.253226270850335,-5.70671148108582,1.15179775272095e-08,1.30688010370156e-07
"ENSG00000133048.13",3193.48450119367,-1.73178922058832,0.240607691452321,-7.19756384401159,6.12978504989226e-13,1.58239829964983e-11
"ENSG00000133055.9",9.5975656790712,-2.37103951801255,0.25754556861433,-9.20629126243341,3.37587558295161e-20,2.71389054117282e-18
"ENSG00000133101.10",93.0352860895306,-1.00329083940885,0.242782302116997,-4.13247106836217,3.58883951993326e-05,0.000175378422254516
"ENSG00000133105.8",1.42666399372489,-1.11446793116654,0.382328900444031,-2.91494556093514,0.00355750591805173,0.0100330502114451
"ENSG00000133116.8",51.156880322257,-1.39504878329591,0.160629745528411,-8.68487202483402,3.79169019685202e-18,2.25128897087948e-16
"ENSG00000133135.14",666.521411787806,-1.06544003652311,0.275095502057863,-3.87298239539739,0.000107511596320341,0.000464249035456209
"ENSG00000133169.6",204.706604260765,-2.85957102981443,0.333582060777766,-8.57231657825717,1.01423815844028e-17,5.62050217881268e-16
"ENSG00000133216.17",526.071501241058,-1.05301212990962,0.149531438051695,-7.04207853298098,1.89393023060619e-12,4.5109185240375e-11
"ENSG00000133317.16",58.9609818534819,-2.15657343809472,0.257971655230029,-8.35973020435806,6.28618488530097e-17,3.06650723242816e-15
"ENSG00000133401.16",791.091846883704,-1.88899662534516,0.201963548010655,-9.35315626979131,8.50704181525751e-21,7.50678708971832e-19
"ENSG00000133488.15",89.2592199132519,-2.52737985317713,0.368832898290628,-6.85237099209528,7.26358832043306e-12,1.55613019471051e-10
"ENSG00000133519.12",46.1480574591975,-1.88748884815681,0.277702092599257,-6.79681175784507,1.06959703816482e-11,2.21940050425392e-10
"ENSG00000133636.11",52.8954768793512,-2.59987991752262,0.35747923869409,-7.27281373603755,3.52075641639037e-13,9.4223875195117e-12
"ENSG00000133640.20",32.949093559036,-1.04849342267774,0.268039550030171,-3.91171162076538,9.16443032941183e-05,0.000403230043471737
"ENSG00000133661.17",16.0790770900116,-1.03280606488256,0.252541071031252,-4.08965583564326,4.32013735786784e-05,0.000206954297911138
"ENSG00000133710.16",325.163512606014,1.08460081724365,0.283035974754755,3.83202459752135,0.000127093028574797,0.000538180382437667
"ENSG00000133742.14",1.14028256147249,-1.80500221862269,0.361843279287954,-4.98835358272959,6.08960383388317e-07,4.63800832955566e-06
"ENSG00000133800.9",275.108200117978,-1.55539227029246,0.200096386546696,-7.77321518462045,7.65185884767471e-15,2.64141658992572e-13
"ENSG00000133878.9",14.8961884424854,-2.01377433324696,0.224322424268963,-8.97714234236538,2.7789026328738e-19,1.98107635038595e-17
"ENSG00000133937.5",26.8611657406948,-1.36591531728428,0.184858733403313,-7.38896827938452,1.47972460594663e-13,4.19225044801322e-12
"ENSG00000133985.3",207.840162849108,-1.33052293955972,0.185708909533098,-7.16456169445435,7.80358197774227e-13,1.98005173479197e-11
"ENSG00000134013.16",3670.50238987248,-1.35832279560491,0.155640282850378,-8.72732155666092,2.60774850854451e-18,1.58919711894614e-16
"ENSG00000134028.14",542.793734521536,-1.36349105476249,0.240960702377147,-5.65856192031007,1.52646642950888e-08,1.6748415454923e-07
"ENSG00000134070.5",298.960072079941,-1.06697191458669,0.13390143606647,-7.96833809950355,1.60822377444306e-15,6.16614358979729e-14
"ENSG00000134115.13",181.817708455703,-2.65125605652652,0.344663620744504,-7.69230025147292,1.44512991247556e-14,4.75177922644851e-13
"ENSG00000134160.14",5470.16944121623,1.67326324051578,0.287120914316116,5.8277302595712,5.61862969530897e-09,6.79236438034996e-08
"ENSG00000134193.15",3.93207436651625,-1.37539951837791,0.318109197778511,-4.32367101606272,1.53454080216678e-05,8.22279743453689e-05
"ENSG00000134198.10",60.2601631490947,-1.24872053279235,0.162614343689228,-7.67903067135811,1.6029685711115e-14,5.24587242145955e-13
"ENSG00000134240.12",6.25374736202173,-1.09162037105238,0.473374103175072,-2.30604159317237,0.021108308361482,0.046171438983207
"ENSG00000134242.16",263.775375361914,-1.48318165452372,0.18297419912386,-8.10596063065545,5.23303891816635e-16,2.1947080072334e-14
"ENSG00000134243.12",20775.0240886372,1.11884755390128,0.0961189140472306,11.6402433900939,2.57280364530665e-31,6.94356266923605e-29
"ENSG00000134259.5",29.1468426078564,-1.50647488413253,0.189695708660243,-7.94153381102953,1.99696255615306e-15,7.54525070534848e-14
"ENSG00000134323.12",184.736005413428,-1.45702596438762,0.257827041690219,-5.65117590007584,1.59353916695076e-08,1.74016486749363e-07
"ENSG00000134339.9",8.76637302408062,-1.63928965467055,0.27014811972708,-6.06811424905221,1.29420829945873e-09,1.78112203119548e-08
"ENSG00000134343.14",198.023167486217,-2.63423281037703,0.314492989080469,-8.37612570658296,5.46984883892032e-17,2.6935765099906e-15
"ENSG00000134363.12",1090.86039884219,-1.72619272655152,0.24467885603397,-7.05493214465521,1.72684969589696e-12,4.13191289930164e-11
"ENSG00000134389.10",0.533138151761503,-1.83380554089798,0.670684410706819,-2.73423015597661,0.0062526322115376,0.016323611807533
"ENSG00000134443.10",2.32379680377728,-1.0376068459322,0.371833088479169,-2.79051778360045,0.00526238092234288,0.0140734235824217
"ENSG00000134460.18",298.503364196508,-1.24398791296619,0.173735400851319,-7.16024429604177,8.05334151162441e-13,2.0372062075845e-11
"ENSG00000134470.21",433.624663563277,-1.11644011219783,0.142093218814439,-7.85709635908667,3.93140414436339e-15,1.42829562104922e-13
"ENSG00000134508.12",10022.6384023247,1.1902499318208,0.158924613377427,7.48939957459012,6.91894008310637e-14,2.05697416118789e-12
"ENSG00000134538.3",9.32247636744036,-2.90527287273489,0.510311161675456,-5.69313997208347,1.24724054772222e-08,1.3979992352867e-07
"ENSG00000134545.14",21.6474985885186,-1.06767969537802,0.215839854136615,-4.94662906277834,7.55096696512058e-07,5.60817171201468e-06
"ENSG00000134551.13",20.7523667667945,-1.95412718051462,0.19897821809596,-9.82080952987636,9.16049308221578e-23,1.0546493448284e-20
"ENSG00000134571.11",8.18946709774418,-1.20925302604535,0.172909986905247,-6.99354067216496,2.68034110512045e-12,6.22527055432838e-11
"ENSG00000134595.9",0.42708900594208,-1.57083784435046,0.563141482413999,-2.78941952139062,0.00528026178199681,0.0141148855276146
"ENSG00000134602.16",406.722677890132,-1.49235328032928,0.175919066179984,-8.48318100325997,2.19119390690647e-17,1.14410051707094e-15
"ENSG00000134612.12",10.2199057512705,-2.25721655788813,0.314167353425656,-7.18475848389599,6.73260931389749e-13,1.72694908886198e-11
"ENSG00000134668.12",400.850442439234,-1.45531589751349,0.204186430922226,-7.12738790202867,1.02291518494409e-12,2.53212632022908e-11
"ENSG00000134760.6",442.633594487811,1.31602108228446,0.484222906659795,2.71780013746658,0.00657175215446108,0.0170570888055774
"ENSG00000134762.17",470.79971711696,1.61917822713185,0.400133750366917,4.04659248475563,5.19685977449507e-05,0.000244611422364172
"ENSG00000134765.10",34.6594693434874,2.34903658309181,0.467953678283582,5.01980578870091,5.17237466929575e-07,4.00772252060533e-06
"ENSG00000134873.10",6.36076154198215,-1.13364270520968,0.244970013397476,-4.62767948406113,3.69785717879454e-06,2.32300997679956e-05
"ENSG00000134874.18",901.278893383755,-1.31864202328608,0.186207889185781,-7.08155830052109,1.42542376084146e-12,3.45040549493844e-11
"ENSG00000134917.10",33.7997239831496,-1.52688457346745,0.207334045744301,-7.36436974441966,1.77985744964242e-13,4.98480022385702e-12
"ENSG00000134986.14",116.154686538878,-1.32134935966452,0.159461545325512,-8.28631979557972,1.1680645311779e-16,5.39412200497956e-15
"ENSG00000135074.16",2942.21440391512,-1.84705812704701,0.175304144562882,-10.5363060961999,5.87618332400043e-26,9.6151941461459e-24
"ENSG00000135097.7",244.892760839699,-1.72597698586209,0.258560587683471,-6.67532898701106,2.46678163668485e-11,4.770794713071e-10
"ENSG00000135111.16",1990.62148218112,-1.22293009177788,0.191593868081648,-6.38292918255991,1.73732261880863e-10,2.87217989987765e-09
"ENSG00000135218.19",1769.98604126054,-1.32351440252468,0.188804609002305,-7.00996871590421,2.38371418262078e-12,5.58151711876535e-11
"ENSG00000135220.11",0.582077812326492,-1.41579261015188,0.581729128028101,-2.43376606385694,0.0149426490034929,0.0344298912231495
"ENSG00000135222.6",2.03338977488739,-3.0027875982307,0.821044931470313,-3.65727560470213,0.000254910250331789,0.000997512458741157
"ENSG00000135248.15",3.2853381461502,-1.19209970325942,0.252256603746453,-4.72574230190466,2.29276260927101e-06,1.51666082391408e-05
"ENSG00000135298.14",68.5234067317921,-1.01749610106644,0.289572120829704,-3.51379165283948,0.000441759158675016,0.00161552082295214
"ENSG00000135318.12",2797.00532854838,-1.85660552137268,0.208269154683911,-8.91445266674481,4.9023167928286e-19,3.3733458699262e-17
"ENSG00000135333.14",18.0663982528999,-3.05700366750796,0.278010193335724,-10.9960128829389,3.99403819998691e-28,8.09757149599298e-26
"ENSG00000135346.9",0.91930403059861,-1.05952981385495,0.369675633607915,-2.86610670958831,0.00415554145354847,0.0114538506460894
"ENSG00000135363.12",583.031768945721,-1.29016581782748,0.131298161175445,-9.82622914347987,8.68085054846134e-23,1.00220419581986e-20
"ENSG00000135374.11",6.50950519694523,-1.19013880165939,0.396328051356406,-3.00291336327626,0.00267408545108904,0.00781742558332718
"ENSG00000135426.16",245.017229083651,-1.07146033768705,0.217910303759188,-4.91697877155509,8.78900781840926e-07,6.42096577515778e-06
"ENSG00000135439.11",394.295601937576,-1.3298944521088,0.145200303380634,-9.15903356360462,5.23641567103129e-20,4.13756479314453e-18
"ENSG00000135443.8",1.46322253259003,1.50752378700302,0.487894169968678,3.08985816965142,0.00200252095969141,0.00606889136114148
"ENSG00000135454.14",300.960223857014,-1.33924945589399,0.192490733210012,-6.95747495767932,3.46425502628144e-12,7.87213599793927e-11
"ENSG00000135472.9",94.3661489502869,-1.63331378662185,0.181187150008276,-9.0145122683769,1.97748416028134e-19,1.43434898201768e-17
"ENSG00000135477.11",1.15100587355377,-1.1865859753386,0.40782134988674,-2.9095729678403,0.00361922891539651,0.0101726105485704
"ENSG00000135502.19",2.35011235974245,-1.9210395168519,0.23064724008274,-8.32890745262229,8.15918171500895e-17,3.87999897527691e-15
"ENSG00000135547.9",550.864386205919,-1.17876121900486,0.157998245374221,-7.46059689595254,8.61313865111841e-14,2.52242436295468e-12
"ENSG00000135643.5",529.155657327289,-2.22672051364612,0.200814394469163,-11.0884507036076,1.42738430576744e-28,3.04230494955418e-26
"ENSG00000135747.11",2.92086182278261,-1.44035300580509,0.226130201488213,-6.36957379565319,1.89554200231945e-10,3.09314945820184e-09
"ENSG00000135750.15",71.636159259773,-2.14932268053438,0.262074601345005,-8.20118649233365,2.38025935914209e-16,1.05242914345387e-14
"ENSG00000135824.12",13.236194874447,-3.46550246760168,0.32171965295196,-10.771808423277,4.67722664288495e-27,8.45195190137322e-25
"ENSG00000135925.9",107.832562464794,-1.38444508651062,0.215530144995297,-6.42344061217436,1.33228136064195e-10,2.24816394279337e-09
"ENSG00000135960.10",9.94823887517065,-1.19009296761647,0.302854054812181,-3.92959231916021,8.50900036908891e-05,0.000378115121715036
"ENSG00000136002.20",390.143445552891,-1.20552771785572,0.244047773589478,-4.93972020364991,7.82347489082971e-07,5.78369376401039e-06
"ENSG00000136040.9",10420.7044821954,1.48426773724656,0.154685656142616,9.59538055602332,8.36079884299908e-22,8.39351501238473e-20
"ENSG00000136099.13",2.24628443595549,-1.81276169240384,0.374484708717238,-4.84068281082366,1.29393761007156e-06,9.04450638240738e-06
"ENSG00000136110.13",2.94081244426767,-1.69835682428331,0.294377600357101,-5.76931404503293,7.95948535949199e-09,9.31865156369594e-08
"ENSG00000136267.14",14.1003748738142,-3.13200594199199,0.283891150087358,-11.0324183794677,2.66598037959217e-28,5.51261077296567e-26
"ENSG00000136297.15",0.37713136499284,-1.34296952747639,0.467654694103704,-2.87171185151961,0.00408255035177942,0.0112803455471783
"ENSG00000136327.7",32.3539035464075,1.04113881038205,0.317295743189076,3.2812883019412,0.00103334062327187,0.00340692551042564
"ENSG00000136378.15",913.212099633339,-1.20823967105596,0.151218388091638,-7.99003141287136,1.34904374863333e-15,5.25975199631319e-14
"ENSG00000136457.10",92.4307289855415,-2.12250585895262,0.273195564236593,-7.7691812635526,7.89950558000597e-15,2.72464108644156e-13
"ENSG00000136531.18",75.0223941253499,-2.18563308359163,0.273008039111489,-8.00574624360817,1.18744362568055e-15,4.69576897911847e-14
"ENSG00000136541.15",31.0919187761846,-1.86217635964788,0.199700703533042,-9.32483625096381,1.11155097971439e-20,9.64473524402705e-19
"ENSG00000136542.9",620.065252186415,-1.74256446050015,0.247188179058316,-7.04954608727083,1.79502374926884e-12,4.29009643859180e-11
"ENSG00000136546.16",41.9493320267899,-3.29305006266218,0.298160499217866,-11.0445551013649,2.32918559178397e-28,4.8646035962676e-26
"ENSG00000136717.15",2492.65819261159,-1.08849217298445,0.131880018140084,-8.25365501412231,1.53622391541995e-16,6.94761026906247e-15
"ENSG00000136834.3",1.00229829916066,-1.25315239733145,0.290580640047681,-4.3125804841156,1.61360113886809e-05,8.60683913419348e-05
"ENSG00000136866.14",146.676043321156,-1.0747134006587,0.131147876288157,-8.19466872873607,2.51284251993135e-16,1.10634280522655e-14
"ENSG00000136872.20",21.8541213065931,-1.652695453826,0.218899413039305,-7.55002231791843,4.35183662083011e-14,1.32993407084516e-12
"ENSG00000136929.13",2.82089788817305,-1.70514439509147,0.341686838836548,-4.99037188818137,6.02631579355399e-07,4.59401571921663e-06
"ENSG00000136931.10",8.4029937276185,-2.59733844436606,0.33057187996017,-7.85710643228034,3.93108811293204e-15,1.42829562104922e-13
"ENSG00000137090.12",1.12740724689092,-1.17038285192254,0.325433251992087,-3.59638372771754,0.000322671711538767,0.00122945376558253
"ENSG00000137198.10",8103.15398278541,1.57881012230421,0.21287843185496,7.41648699939641,1.20267680832907e-13,3.44966552848675e-12
"ENSG00000137203.15",13462.0241715718,1.07342835005835,0.168296895578304,6.37818271317375,1.79201644339756e-10,2.95203279510462e-09
"ENSG00000137204.15",2.15879973390024,-2.60864838519274,0.378838096969252,-6.88591882934221,5.74157238629179e-12,1.25661522653533e-10
"ENSG00000137251.16",0.527048297004992,-1.28767196626123,0.395427105811336,-3.25640793799198,0.00112831513907159,0.00367890749275071
"ENSG00000137252.9",1.17224110722703,-2.5642362161187,0.440589892937668,-5.82000689807351,5.88451987931131e-09,7.07470104784312e-08
"ENSG00000137265.15",6393.31642726408,1.38065395969523,0.164953278538451,8.36996979949926,5.76330026586711e-17,2.8246967647402e-15
"ENSG00000137270.11",3.86925071394592,-1.03232735696505,0.203945553564964,-5.06177918037433,4.15361946013732e-07,3.2913771592417e-06
"ENSG00000137392.10",0.465905937541393,-1.69614309320967,0.587592572304171,-2.88659723277042,0.00389432397090022,0.0108308279495821
"ENSG00000137473.18",1.65598627457829,-2.15897363988346,0.354673590744594,-6.08721285210708,1.14893181967418e-09,1.59758796551684e-08
"ENSG00000137501.17",2097.12866342972,1.36194887384646,0.147883001581323,9.20963774932241,3.27227369649308e-20,2.63570231344274e-18
"ENSG00000137558.9",2692.470141517,-1.0904803711986,0.260360739531134,-4.18834411502431,2.80997221495515e-05,0.00014094625295434
"ENSG00000137571.11",175.383783912899,-1.14364544475705,0.233981032755538,-4.88776988155241,1.01984637131587e-06,7.32322993860234e-06
"ENSG00000137573.14",5155.01701973346,-1.39580490456932,0.183276882691476,-7.61582630646869,2.62009831067929e-14,8.24349174780111e-13
"ENSG00000137575.12",58860.8714817692,1.0611263717348,0.114940098174434,9.23199465276619,2.65638319267164e-20,2.17331886326414e-18
"ENSG00000137634.10",1.36252178856706,-1.33506986451493,0.356099807933223,-3.74914514069407,0.000177438377029853,0.000723221910965456
"ENSG00000137674.4",1.48266221810682,-2.18931045726106,0.413433543483231,-5.29543500223963,1.18733422024831e-07,1.06445178735893e-06
"ENSG00000137691.13",27.5807306010162,-1.94539856169518,0.189908791583902,-10.2438573036557,1.26106156394359e-24,1.78272927621169e-22
"ENSG00000137699.17",446.794945154309,1.1175145019784,0.363297175806204,3.07603410210522,0.00209773851257459,0.00631418076909219
"ENSG00000137731.14",5.24364446626798,-1.53947493555364,0.241272857611395,-6.38063871251191,1.76350906988503e-10,2.91199697904496e-09
"ENSG00000137752.24",2361.34543319436,1.03144720717157,0.166838327733977,6.1823156655958,6.31680520535788e-10,9.35301239562109e-09
"ENSG00000137801.11",7916.3517644265,-1.44466139184316,0.159375795685344,-9.06449681164485,1.25180693954508e-19,9.34068223004894e-18
"ENSG00000137809.17",858.39167769597,-1.00032727278918,0.173551327209716,-5.76386991025661,8.22067889247947e-09,9.60010834867186e-08
"ENSG00000137821.12",179.024714121872,-1.31166721626635,0.139305516185504,-9.41575934810571,4.69675063742574e-21,4.23441106274812e-19
"ENSG00000137825.11",153.002344164947,-1.19301179038058,0.202645266554281,-5.88719297848004,3.92809959400595e-09,4.89387515965453e-08
"ENSG00000137868.19",2030.29315380529,-2.68486334399228,0.231885193696076,-11.5784164620327,5.30163260184044e-31,1.3945978113778e-28
"ENSG00000137948.18",1.02887382599677,-1.12518543030149,0.252749731251624,-4.45177696027425,8.51625989107607e-06,4.87134915323386e-05
"ENSG00000137968.16",115.885087027261,-2.15968533469055,0.258849258635825,-8.34340938843103,7.21787515934755e-17,3.47612198577987e-15
"ENSG00000137975.8",325.276750779881,1.10491525369571,0.327878110607903,3.36989636681492,0.00075196458200318,0.00257906848962008
"ENSG00000138039.15",0.75235829467261,-1.71740725952331,0.393475038825633,-4.36471717405273,1.27287336706915e-05,6.95728075777589e-05
"ENSG00000138061.12",902.973597916457,-1.07600978833867,0.177325409166781,-6.06799551961922,1.29516517822052e-09,1.78184889563725e-08
"ENSG00000138080.14",14225.9561721811,-1.32745959365561,0.1783633866522,-7.44244443084103,9.88390409399157e-14,2.86667705481143e-12
"ENSG00000138100.14",14.3360985428873,-1.02507754730479,0.240487604785191,-4.26249639028346,2.02155765318992e-05,0.000105103801828721
"ENSG00000138109.11",2.11778017797295,-1.55126704040479,0.301309607014167,-5.14841546466805,2.62696128523712e-07,2.17797257005835e-06
"ENSG00000138115.14",6.62144038902592,-1.49925681841952,0.273037290123125,-5.49103317625016,3.99589277664783e-08,3.99320258675251e-07
"ENSG00000138135.7",120.63793165347,-1.20437867030559,0.179321573434893,-6.71630661741251,1.86388384389913e-11,3.69769643532867e-10
"ENSG00000138152.10",16.6886369760745,-2.16248976209689,0.250629414570173,-8.62823609832686,6.23053635291471e-18,3.58165355324815e-16
"ENSG00000138161.14",1.62244940091753,-1.22601560665574,0.241557131244822,-5.07546848373999,3.86542425178189e-07,3.08476887005682e-06
"ENSG00000138166.6",2863.20901288657,-1.33955128064234,0.1657489946687,-8.08180636823676,6.38143741406867e-16,2.62859565712113e-14
"ENSG00000138193.16",582.80228981842,-1.19288578906039,0.12434635652401,-9.59325083907917,8.53524918521266e-22,8.54800064182671e-20
"ENSG00000138207.14",52.5116431271176,-1.7117100176704,0.260620969034569,-6.56781387933278,5.10593040296493e-11,9.27097769366659e-10
"ENSG00000138308.6",0.687192039151774,-1.18840085275365,0.351013182606139,-3.38563026018062,0.000710149964058925,0.0024579657566803
"ENSG00000138378.19",137.549286038,-1.00029672004704,0.161474297156998,-6.19477364298092,5.83688518661798e-10,8.69507606187156e-09
"ENSG00000138395.17",149.726269995168,1.16265077838353,0.239531105964747,4.85386135425203,1.2108040329177e-06,8.54206084644061e-06
"ENSG00000138411.13",345.827737579528,-1.02751004339049,0.112635484435079,-9.12243640220444,7.34540813973735e-20,5.69570621462246e-18
"ENSG00000138449.11",2409.16970461999,-1.01597999790344,0.172655296151477,-5.88444154653723,3.99400260660242e-09,4.96704776587702e-08
"ENSG00000138623.10",4589.81604684148,-1.04724023756549,0.171677616004826,-6.10003949225422,1.06042262269689e-09,1.48695293672498e-08
"ENSG00000138650.9",79.3622438310323,-2.1117810999182,0.270923634249894,-7.79474668485487,6.45378161436263e-15,2.25594677423162e-13
"ENSG00000138653.10",2.13481348491708,-1.54573405301621,0.445459027175174,-3.46998030956584,0.000520496520779095,0.00186526919882837
"ENSG00000138675.16",47.3544681732228,-3.57551440177829,0.353637785455433,-10.110668454655,4.95450654735243e-24,6.5788882147304e-22
"ENSG00000138684.9",10.4926603146967,-1.20863763431852,0.306602076638881,-3.94203994822273,8.07915157291265e-05,0.000361916035431554
"ENSG00000138722.10",189.352231923718,-1.10144766327469,0.220962579764099,-4.98477011107765,6.20355267743887e-07,4.70926130373908e-06
"ENSG00000138741.11",14.2426830142264,-1.09367827933689,0.17605449398999,-6.21215769362342,5.22619393548717e-10,7.85573498541474e-09
"ENSG00000138769.11",80.4864646813751,1.17746036059263,0.242969368651567,4.8461267653915,1.25895091994824e-06,8.82965206461166e-06
"ENSG00000138829.12",664.973962404415,-1.97413097502883,0.200069247539164,-9.86723846523383,5.7732123335585e-23,6.74006323054378e-21
"ENSG00000139151.16",0.577680586650011,-1.9805441484823,0.68440985425958,-2.89379841063938,0.00380612434727597,0.0106203518040607
"ENSG00000139182.15",2923.09777584003,-1.22323034986521,0.153540186641165,-7.96684162384139,1.62781064663276e-15,6.22401712008748e-14
"ENSG00000139194.8",254.396166822989,-1.0232605411146,0.194717065606203,-5.25511484023721,1.47932134173994e-07,1.29466316288472e-06
"ENSG00000139200.14",132.835630720038,-1.09831976560735,0.226418672119675,-4.85083564586417,1.22942391733103e-06,8.65029911158159e-06
"ENSG00000139209.16",12.3178615895412,-1.87620188712629,0.248427921043241,-7.55229878850744,4.27642016850877e-14,1.30881130370811e-12
"ENSG00000139211.7",356.490537300973,-1.15046274960004,0.188602577155608,-6.09993122549353,1.06114112003511e-09,1.48745859126136e-08
"ENSG00000139269.3",7.13397715285616,-1.99554048736003,0.261296988477978,-7.63705888454285,2.22239875903967e-14,7.11197587322327e-13
"ENSG00000139278.10",691.231269247598,-1.89269505375357,0.14912340186638,-12.6921397316934,6.53749810047784e-37,3.19660583590659e-34
"ENSG00000139287.13",3.69899681369112,-2.23452792737243,0.309636019844225,-7.21662786033938,5.32925550772232e-13,1.39392396105699e-11
"ENSG00000139292.13",28.7955179355447,-2.50420638333599,0.288402549281115,-8.68302443781473,3.85381547344145e-18,2.28491125117223e-16
"ENSG00000139304.16",6.93049144827843,-2.15187545899367,0.335529644279227,-6.41336911859532,1.42338319724948e-10,2.38639178878914e-09
"ENSG00000139330.6",10.0130280993457,-3.12018499678679,0.352182293377612,-8.85957373626763,8.03209654230521e-19,5.36704174423294e-17
"ENSG00000139364.10",17.9718443565385,-1.31146638245611,0.228909704673832,-5.72918646819621,1.00913419239159e-08,1.15732989249943e-07
"ENSG00000139549.4",198.839502552181,-3.01906239038601,0.220262456912865,-13.7066590135256,9.26256949784108e-43,7.5484492837112e-40
"ENSG00000139610.2",1.65796002390913,-1.52930605458559,0.313712521383266,-4.87486456658586,1.08883129106372e-06,7.77560242597769e-06
"ENSG00000139648.7",1.06416406867915,1.59894343245257,0.606120892820745,2.63799425393747,0.00833979949845076,0.0209235027619589
"ENSG00000139656.7",2.7096389952204,1.04271390065495,0.266724996130863,3.90932201998559,9.25555175150225e-05,0.000406551724683932
"ENSG00000139714.12",42.756399170892,-1.0049635130716,0.137007846053928,-7.33508001195815,2.21589063513133e-13,6.12346054370534e-12
"ENSG00000139767.10",2.83919023351089,-1.65009035342791,0.337825626770897,-4.8844439931934,1.03721118679668e-06,7.44020906897546e-06
"ENSG00000139800.8",19.5835004686742,-3.02141824391476,0.432254919939779,-6.98989902610178,2.75084153394986e-12,6.3693858403356e-11
"ENSG00000139865.16",5.31616353130856,-1.29811152236902,0.283078170265774,-4.58569984803228,4.52468235804359e-06,2.78228803321509e-05
"ENSG00000139874.6",5.00154037623808,-1.65308486754461,0.268127935273532,-6.16528399347202,7.03567528301874e-10,1.02927397434996e-08
"ENSG00000139880.19",531.742838354157,-1.00420650417092,0.13046888381385,-7.69690423353127,1.39402293080979e-14,4.60193654093063e-13
"ENSG00000139910.20",123.363443568547,-1.83746899400338,0.225952203044983,-8.13211364722819,4.21869020107568e-16,1.79281392778228e-14
"ENSG00000139970.17",461.373249534403,-2.24572117446585,0.187058218246053,-12.0054665094258,3.32583200009454e-33,1.11474378699943e-30
"ENSG00000139973.16",8.25931279396765,-2.54567088081243,0.273359588332991,-9.31253553729909,1.24816444181533e-20,1.07850749544135e-18
"ENSG00000140009.18",129.914829191158,1.16105948574445,0.182643081761827,6.35698584662797,2.05750941941189e-10,3.33371349319066e-09
"ENSG00000140022.13",193.132781792357,-1.34217221829215,0.167338208178274,-8.0207158478849,1.05130671910683e-15,4.18930104118101e-14
"ENSG00000140067.6",0.883306504945076,-1.56859026598397,0.51939762392956,-3.02001817820541,0.00252759514700652,0.00744151799248318
"ENSG00000140093.10",1.48609753106938,-1.41293059441228,0.320903061014702,-4.40298260148894,1.06772731714977e-05,5.95902816642659e-05
"ENSG00000140285.12",268.210287000271,-1.24926984569163,0.166682701270168,-7.49489800784275,6.63499358543978e-14,1.97680002435877e-12
"ENSG00000140403.12",5786.11954674273,1.26271287123269,0.169901514410492,7.43202834662146,1.06944873696403e-13,3.0909894579763e-12
"ENSG00000140481.15",41.8799390960893,-3.07033148072006,0.294277242716254,-10.4334655727372,1.74408699151429e-25,2.69471165581103e-23
"ENSG00000140538.16",77.2328845927393,-1.85161005614872,0.204356063161714,-9.06070525875944,1.29609791387096e-19,9.61936098148298e-18
"ENSG00000140557.12",195.616713585583,-1.63741249912274,0.33748660132781,-4.85178520474738,1.22355097419093e-06,8.61481036580101e-06
"ENSG00000140600.17",6.5900034891919,-2.07019503593971,0.294912468165102,-7.01969316122891,2.22356015779498e-12,5.24343201656402e-11
"ENSG00000140832.10",23.1150325381417,-1.61154277346362,0.20827832131003,-7.73744844555751,1.01431790296489e-14,3.43858733140513e-13
"ENSG00000140835.10",7.2370312195012,-1.59961348063464,0.335252625752009,-4.77136749353274,1.82979339449867e-06,1.24021319409905e-05
"ENSG00000140839.11",9.15720746405906,-1.10960738633225,0.226067523749864,-4.90830070558913,9.18689200595421e-07,6.67646157506138e-06
"ENSG00000140873.16",16.1827715875846,-1.09567447371436,0.244810394960684,-4.47560437084513,7.6195465140609e-06,4.41863530371702e-05
"ENSG00000140937.14",1706.21736207371,-1.16764711828519,0.163876931301562,-7.12514634617193,1.03970158146457e-12,2.57061731878825e-11
"ENSG00000140945.17",610.062918950424,-2.05726468072806,0.18321300016426,-11.2288138881172,2.94404028203101e-29,6.76023216584381e-27
"ENSG00000141161.12",6.0597213724636,-1.2664366148679,0.196135735567847,-6.45693968618898,1.06841453048825e-10,1.83404095167122e-09
"ENSG00000141194.6",2.77799979126715,-1.41732478667476,0.258099409127278,-5.49139105535817,3.98780281282044e-08,3.98703537422284e-07
"ENSG00000141255.13",11.3639969406957,-1.14074590011689,0.342479519436708,-3.3308441392149,0.000865830663962559,0.00291688855115603
"ENSG00000141337.12",704.453878028216,1.07532273256374,0.116541612997767,9.22694224752441,2.78467668183177e-20,2.2693476911822e-18
"ENSG00000141338.14",1817.47602020911,-2.13110427202624,0.279048650525368,-7.63703486117559,2.2228133052589e-14,7.11197587322327e-13
"ENSG00000141404.17",644.80717928683,1.51236145603857,0.206461593210473,7.32514668961612,2.38637537098386e-13,6.57273248302393e-12
"ENSG00000141431.12",8.71067587172173,-1.92678526295054,0.225329958559921,-8.55095023877244,1.22079250717866e-17,6.67612870833676e-16
"ENSG00000141469.18",234.214361186372,-4.19892323465948,0.233549214281221,-17.9787512776792,2.85858247942669e-72,1.48510506262415e-68
"ENSG00000141485.17",14.4987578159814,-2.75834653805733,0.285286802250125,-9.66867908470211,4.09630892336346e-22,4.2562697868208e-20
"ENSG00000141505.12",92.7433285297638,-1.42483250184158,0.138207776365506,-10.3093511762569,6.39314667171279e-25,9.35605499893404e-23
"ENSG00000141540.11",4950.00412847442,1.23134661531889,0.144321915650746,8.53194478306889,1.4390774372734e-17,7.73750794928293e-16
"ENSG00000141622.14",52.812647473487,-2.20503964706528,0.212515885246622,-10.375881522957,3.19252160695481e-25,4.8250030192093e-23
"ENSG00000141639.12",1397.63914538246,1.79245241419878,0.333424567524763,5.37588584880043,7.62070639673338e-08,7.14325212586903e-07
"ENSG00000141668.10",38.4551948377627,1.03699568633674,0.311389184162937,3.330223845521,0.00086776192569698,0.00292221043233008
"ENSG00000141744.4",6.22630255434406,-2.39133548055491,0.280196968250592,-8.53448021042197,1.40786929875923e-17,7.58934679572388e-16
"ENSG00000141750.7",126.412365621155,-1.99964997899777,0.259243995478353,-7.71338975588634,1.22519192048539e-14,4.08351456288805e-13
"ENSG00000142156.15",45055.6296042953,-1.23824611041131,0.151555142490509,-8.17026786464112,3.07705480242277e-16,1.32802234369985e-14
"ENSG00000142173.16",45299.7058202292,-1.3564857208878,0.161064780453167,-8.42198845130036,3.70147559560117e-17,1.87382129968789e-15
"ENSG00000142224.17",28.4520880117249,-1.90800237622161,0.249363016124372,-7.6515050462414,1.98640515827137e-14,6.40488527448214e-13
"ENSG00000142303.14",289.704602981687,-1.54320439115223,0.155559617264748,-9.92034062751539,3.39595239747052e-23,4.09108908822231e-21
"ENSG00000142408.6",25.8793408758261,-1.77776023787102,0.199327553786242,-8.91878821619152,4.7141788936372e-19,3.26007825586272e-17
"ENSG00000142449.13",29.6655758582761,-2.86792250894456,0.272144016806983,-10.538253027178,5.7558142741723e-26,9.45546058747626e-24
"ENSG00000142484.7",0.979671779459716,-2.50650557314515,0.467994341528166,-5.35584589540234,8.51570671310889e-08,7.89317132939857e-07
"ENSG00000142512.15",398.296264123491,-1.04402258739209,0.185804729545237,-5.61892364068106,1.92150749367653e-08,2.0536819228097e-07
"ENSG00000142515.15",4.99784345795837,-1.16381928520279,0.453874564291174,-2.56418706128719,0.0103417790956813,0.0251315571990123
"ENSG00000142549.9",93.4365178392395,-1.22130692307257,0.248984302049571,-4.90515632117809,9.33529619939098e-07,6.77363094691145e-06
"ENSG00000142583.18",657.494885198754,-1.131251645423,0.168626348732149,-6.70862919068429,1.96461192484046e-11,3.8779160308194e-10
"ENSG00000142609.18",7.63149620572537,-1.1550040817831,0.168326123997431,-6.86170425810271,6.8043821426208e-12,1.46454547183638e-10
"ENSG00000142611.17",116.36797286198,-1.76750593949426,0.211593150610058,-8.35332303715055,6.63688154037435e-17,3.21494254756455e-15
"ENSG00000142621.19",246.225970656077,-1.21338547856305,0.206480187595961,-5.87652255013152,4.18974356535272e-09,5.18564985298362e-08
"ENSG00000142675.18",122.386636990083,-1.34686340664158,0.179155968651236,-7.51782604164045,5.56945375842695e-14,1.67494672292143e-12
"ENSG00000142698.15",0.94325526884199,-2.23547391749219,0.430008498388022,-5.19867380731389,2.00715393420889e-07,1.70875321207681e-06
"ENSG00000142700.12",13.9553870180019,-2.24809150056138,0.301586956708991,-7.4542066576527,9.04101908614676e-14,2.63878395546651e-12
"ENSG00000142765.18",485.12738625782,-1.26017137835272,0.190688783923069,-6.60852385980457,3.88170984248865e-11,7.19587977134314e-10
"ENSG00000142871.18",4231.24265780541,-1.05885086446071,0.164428106699643,-6.43959774100477,1.1979055419377e-10,2.03213674016386e-09
"ENSG00000142910.16",991.735515471186,-1.30081675088827,0.14360773885161,-9.05812431342863,1.32712949779462e-19,9.81461853867263e-18
"ENSG00000143036.17",591.374535312313,1.25024739652909,0.145584891494967,8.58775511449489,8.86850423964152e-18,4.96755759040406e-16
"ENSG00000143061.18",15649.4422358709,1.10093251375371,0.137199186065852,8.02433706294215,1.02075674255313e-15,4.07929728211473e-14
"ENSG00000143105.7",0.403519833075503,-1.49009488899874,0.577410762447329,-2.58064966209332,0.00986146011111494,0.0241166228383736
"ENSG00000143107.10",1.1595947635484,-1.14339481451936,0.252339656832035,-4.53117369213371,5.86568855031842e-06,3.50021173766452e-05
"ENSG00000143127.13",4374.83250679317,-1.66774843651625,0.271221377343166,-6.14903018653324,7.79581425976189e-10,1.12750175430945e-08
"ENSG00000143167.12",13.1246510267673,-1.09668287723732,0.241884410348002,-4.53391301927856,5.79008804230071e-06,3.45956928139882e-05
"ENSG00000143194.13",39.6401400738354,-1.7097329157292,0.371965918911953,-4.59647733515581,4.29693690279208e-06,2.65955758084653e-05
"ENSG00000143248.13",4718.95032668183,-1.49834323069959,0.186374124681174,-8.03943805645108,9.02513949821813e-16,3.64177522160138e-14
"ENSG00000143278.5",2.30564410257669,-2.10753184873807,0.467815287473907,-4.50505125670058,6.63569236632794e-06,3.90198989996211e-05
"ENSG00000143297.19",388.150001039135,-1.64341498784622,0.286581027967372,-5.7345561201397,9.77680496735957e-09,1.12407931234813e-07
"ENSG00000143320.9",1625.79777612816,-1.33601961408872,0.237812039952275,-5.61796456712975,1.93220109951083e-08,2.06336439100383e-07
"ENSG00000143333.7",1296.27533864299,-2.08720096207664,0.167509123069454,-12.4602226065695,1.23026729044741e-35,5.21758868628318e-33
"ENSG00000143340.6",163.112453619805,1.30163730877752,0.319697059703936,4.07147100440317,4.67171783380986e-05,0.000221929290900452
"ENSG00000143355.16",10.0048561948555,-2.0881954322262,0.302478200683138,-6.90362289748508,5.06927601298522e-12,1.12188098856066e-10
"ENSG00000143369.15",16302.028918025,1.03524693261311,0.173775130634285,5.95739406918827,2.56291730160023e-09,3.31631285457998e-08
"ENSG00000143473.13",111.694452289499,1.57513063117962,0.215695904119395,7.30255234845688,2.82359394295739e-13,7.67020989916307e-12
"ENSG00000143494.15",119.825014910518,-2.47187092279018,0.17152301397303,-14.4113076463247,4.3931323427459e-47,5.07187128970014e-44
"ENSG00000143502.15",84.5362522765547,-1.67253331419012,0.215121180504559,-7.77484258066664,7.55412868032942e-15,2.61637246843209e-13
"ENSG00000143512.13",8.42974004144844,-1.42773341762159,0.156265875940107,-9.13656554274718,6.44671580605389e-20,5.05544155341909e-18
"ENSG00000143520.6",122.23028497157,2.09506058961462,0.411368415333414,5.09290580298094,3.52616915292895e-07,2.84185849009178e-06
"ENSG00000143536.7",22.4352928490376,-1.44786769479469,0.430139260071514,-3.36604404479139,0.000762545315556099,0.00261061848477286
"ENSG00000143546.10",1211.36105572876,1.18675278874212,0.263871567155208,4.49746367725963,6.87689047975842e-06,4.02934179644748e-05
"ENSG00000143554.14",6980.55382438811,1.16698079223468,0.20501355584886,5.69221282662402,1.25403402827982e-08,1.40523489574996e-07
"ENSG00000143556.9",625.104835160861,2.14018108968127,0.483578956512823,4.42571179092347,9.61247932414915e-06,5.42449240557076e-05
"ENSG00000143627.19",316.827251389577,1.75436667191236,0.314140975868398,5.58464767947787,2.34174455861515e-08,2.45900928108042e-07
"ENSG00000143631.11",419.899085343442,1.04954323684671,0.237581530839017,4.41761290593698,9.97969426231131e-06,5.60432445521122e-05
"ENSG00000143669.14",12565.0619320845,1.13683164355414,0.127612776640143,8.90844689289933,5.17524150664388e-19,3.53772018913048e-17
"ENSG00000143674.11",61.6685424354412,-1.09676631830249,0.190292505597291,-5.76358125539392,8.23475789842544e-09,9.61114877209655e-08
"ENSG00000143772.9",18742.4424291567,1.42545367100338,0.143570042117047,9.92862891160308,3.12523138294705e-23,3.8091163266289e-21
"ENSG00000143816.8",103.543258482688,-1.29313428595888,0.201367377539252,-6.42176653319534,1.34701906455653e-10,2.26934764333597e-09
"ENSG00000143839.15",11.2226314757671,-1.99705161615113,0.321764497302877,-6.20656297662107,5.41559246786072e-10,8.11796059396151e-09
"ENSG00000143850.16",880.135711834208,1.25986546180159,0.220663336515913,5.70944626186569,1.1334433713894e-08,1.28746032800455e-07
"ENSG00000143851.15",1061.98727083418,-1.04905303369958,0.188408019637016,-5.56798503439856,2.57701951454481e-08,2.68234623249465e-07
"ENSG00000143867.7",93.6029148871536,-2.25952421494799,0.254803672175721,-8.86770663724872,7.46677301873943e-19,5.00538742265884e-17
"ENSG00000143869.7",53.8148275123213,-1.39199706141763,0.220139452796872,-6.32325121068624,2.56116417337572e-10,4.084693222327e-09
"ENSG00000143954.13",46.4388165212339,-1.27465171583555,0.381805359999997,-3.33848565100176,0.000842363808294446,0.0028468307529951
"ENSG00000144035.4",9.23507864359896,1.34954406666805,0.311759489522367,4.32879867982729,1.49924903576654e-05,8.05582267931856e-05
"ENSG00000144057.15",79.830340968575,-2.21022840129859,0.225948070454267,-9.78201936779076,1.34499806945149e-22,1.50676037095803e-20
"ENSG00000144130.11",7.97342239436114,-1.02521165229282,0.213424278587119,-4.80363180365318,1.55813239206099e-06,1.07128368037781e-05
"ENSG00000144136.11",12852.7311532277,-1.08980462619386,0.155587474443112,-7.00444961970463,2.47958625905392e-12,5.78319663854091e-11
"ENSG00000144227.5",4.49426140558579,-1.11186855745182,0.284132741979467,-3.91320109645149,9.10806229537784e-05,0.000400920657827255
"ENSG00000144229.12",16.0176488956485,-2.53607371320189,0.256423787744634,-9.89016555565236,4.59267753909326e-23,5.42275181476688e-21
"ENSG00000144230.16",39.0254066866478,-1.17733836261211,0.245954675647321,-4.78681025076473,1.69452903424079e-06,1.15645014256314e-05
"ENSG00000144278.15",57.1649751802788,-3.47037343572991,0.323656506794239,-10.7223966238261,7.99055590933085e-27,1.40721815552377e-24
"ENSG00000144285.22",19.5485341867496,-1.75514459556395,0.34659174836012,-5.06401148864138,4.10524891890051e-07,3.25739510437845e-06
"ENSG00000144331.20",35.3279038705413,-2.12616285482365,0.260019957413436,-8.17692178698046,2.91186884556282e-16,1.26197177225529e-14
"ENSG00000144339.12",26.3589149821056,-3.91869315173057,0.363226979205313,-10.7885519966168,3.8988399685054e-27,7.07613916030661e-25
"ENSG00000144355.15",802.631743264943,-2.56074195321899,0.225989672863442,-11.3312343912563,9.1900352797869e-30,2.14582160841856e-27
"ENSG00000144452.15",86.4848069964197,1.85006016485009,0.26916601637129,6.87330514375966,6.27311784005566e-12,1.35864160327459e-10
"ENSG00000144460.12",3.82541844307798,-1.68089834722764,0.307797484179981,-5.46105291180599,4.73318940643669e-08,4.641831479715e-07
"ENSG00000144476.6",563.406723822365,-1.19667280549175,0.135494701138705,-8.83187899921431,1.02931761673171e-18,6.66362909448652e-17
"ENSG00000144481.17",601.233306618459,-1.38013839750941,0.267002655559536,-5.16900625807322,2.3534201840285e-07,1.97004732504718e-06
"ENSG00000144583.5",18.0329763495255,-1.63628011360868,0.218651052482663,-7.48352269531574,7.23564006214829e-14,2.1465215721842e-12
"ENSG00000144596.13",115.794163744243,-1.60676442689095,0.203345871187956,-7.9016329050802,2.75273122573284e-15,1.02059781627037e-13
"ENSG00000144619.15",465.036388347336,-1.31551835587015,0.261181283519678,-5.0368017881765,4.73374518639921e-07,3.69194815982593e-06
"ENSG00000144644.14",22.2678250561227,1.22311228689486,0.343248445308068,3.56334399649533,0.00036616033754463,0.00137176455282404
"ENSG00000144649.9",100.653294865052,-1.42599970830617,0.206081877816212,-6.91957838999265,4.52989769305596e-12,1.01112571384958e-10
"ENSG00000144681.10",68.0213560907563,-1.48176806681921,0.214219937548181,-6.91704088694331,4.61175018554516e-12,1.02774027459318e-10
"ENSG00000144749.14",789.006605159999,-1.41374244366472,0.13771336057496,-10.2658335964084,1.004496397846e-24,1.44459789921368e-22
"ENSG00000144771.8",0.773460637540777,-1.76697393197231,0.419409522768691,-4.21300384480496,2.51996772029337e-05,0.000127990832690741
"ENSG00000144810.16",2615.06779675389,-2.97674803147518,0.219478245672769,-13.562838641937,6.6511426766721e-42,4.93633557014011e-39
"ENSG00000144821.10",53.9765486899949,-2.4903029170379,0.215422806495643,-11.5600709021877,6.56545575312767e-31,1.69486628578567e-28
"ENSG00000144824.21",988.701044380064,-1.08848779873602,0.176938422542414,-6.15178875845976,7.66138796662206e-10,1.11103491510379e-08
"ENSG00000144834.14",74.511014619573,-4.4489959714617,0.308340292716471,-14.4288504504752,3.40712471317794e-47,4.04591192368861e-44
"ENSG00000144891.18",35.1197447514025,-1.65922880026072,0.222373832410116,-7.46143906536928,8.55825404923548e-14,2.51199261860399e-12
"ENSG00000144962.7",0.712034216061845,-2.13458780297206,0.489122962416366,-4.36411284480851,1.2763968116191e-05,6.97429558469384e-05
"ENSG00000145040.4",1170.3014285887,1.05863554888797,0.28405824524212,3.72682563037601,0.000193906507040588,0.000782365036949898
"ENSG00000145087.13",34.5198634902818,-1.2991167717149,0.349737696190947,-3.71454603225159,0.000203568812563978,0.000817540534137025
"ENSG00000145088.9",136.799891254722,-1.00978258243956,0.139619832265685,-7.23237212116131,4.74629503257531e-13,1.25168473441558e-11
"ENSG00000145147.20",756.37764039193,-1.60938918566673,0.160848315154523,-10.0056328480695,1.43968224959618e-23,1.79687908882032e-21
"ENSG00000145192.13",5.92988420594798,-2.07731834258923,0.397688222969885,-5.2234846862602,1.75586992359024e-07,1.51342732816793e-06
"ENSG00000145194.19",0.503102955595056,-1.29655709876773,0.478794043009809,-2.70796413968995,0.00676973367828086,0.0175008677455297
"ENSG00000145198.14",19.4429638401682,-1.09000386686724,0.156105359921811,-6.98248841303844,2.89996893480596e-12,6.69602827046696e-11
"ENSG00000145242.13",258.424885450649,1.30789869471224,0.245056081050817,5.33714033581163,9.44239567931628e-08,8.63845144670357e-07
"ENSG00000145247.12",623.604827661627,-1.15032253948793,0.191730185085426,-5.99969451328386,1.97689089718216e-09,2.61168275488509e-08
"ENSG00000145248.7",31.106265280294,-3.03974765262205,0.235475936169522,-12.908952405369,4.00715523626508e-38,2.31313036013402e-35
"ENSG00000145287.11",187.370773913104,-1.18675743735926,0.214409897061482,-5.53499373687473,3.11239475870944e-08,3.17441352052715e-07
"ENSG00000145321.13",3.5231244296105,-2.96003763438166,0.884031561160047,-3.34833931776986,0.000812974080164518,0.00276120198739868
"ENSG00000145335.17",4332.94477593114,1.38380660606369,0.126470214465216,10.9417589897761,7.27740788750276e-28,1.44719438574349e-25
"ENSG00000145384.4",1.101596677763,-1.37060103286021,0.356308982929932,-3.84666426759647,0.000119736863394295,0.000511144568240928
"ENSG00000145416.13",548.71638483882,-1.07120901318072,0.143322835674175,-7.47409865386673,7.77348090832262e-14,2.29624316639449e-12
"ENSG00000145428.15",481.805909318964,-1.94068291019015,0.253553869333082,-7.65392740917221,1.94932341794983e-14,6.29998288466803e-13
"ENSG00000145431.11",649.471618770107,-1.65034650595837,0.175083034129639,-9.42607896968694,4.2570592243995e-21,3.88008542729149e-19
"ENSG00000145526.12",12.0345167717807,-1.83985107748981,0.356444299110348,-5.16167906761844,2.4474461973225e-07,2.0421754437486e-06
"ENSG00000145569.6",481.295552699158,-1.69936869508148,0.165953412516527,-10.2400346537752,1.31189372724507e-24,1.84830261327999e-22
"ENSG00000145623.13",3037.00509263488,-1.71160559324097,0.165574708369232,-10.3373613645394,4.77504228554725e-25,7.1384688787132e-23
"ENSG00000145626.12",1.96958245301329,-2.3503559267393,0.505165733109229,-4.65264322715076,3.27706964392259e-06,2.08866076584436e-05
"ENSG00000145649.8",574.765098195586,-1.00920296097993,0.212906355828337,-4.74012603829279,2.1358531569032e-06,1.42648768933329e-05
"ENSG00000145681.11",2415.19733497974,-7.61368371089827,0.351728043262644,-21.6465074557986,6.55644673622556e-104,2.72499039251007e-99
"ENSG00000145692.15",7.45197035335514,-1.56386301525464,0.34873040340756,-4.48444701113988,7.31032690030113e-06,4.2592609418884e-05
"ENSG00000145721.12",6.84824263835907,-2.23579882543619,0.268612503890969,-8.32350986290538,8.53961672737211e-17,4.03115919995526e-15
"ENSG00000145779.8",829.512314273557,-1.04400601324741,0.140139218940934,-7.449777593576,9.3497714343554e-14,2.72507153123899e-12
"ENSG00000145808.10",4.45490657976652,-3.23184176674528,0.433039568916391,-7.46315579158834,8.44743659122695e-14,2.48297284020208e-12
"ENSG00000145826.9",3.18726707938779,-4.81950467148674,0.502857800495461,-9.58422971014495,9.31501100192378e-22,9.2841843468095e-20
"ENSG00000145864.14",26.0735352437687,-1.06223610744691,0.297745467690246,-3.56759790732394,0.000360268782614151,0.00135237456132671
"ENSG00000145908.12",380.572119875393,-1.07456340674465,0.148363673531986,-7.24276624569411,4.39624258221926e-13,1.16528465690177e-11
"ENSG00000145920.15",1.56226746063847,-1.75448630917782,0.353887031586802,-4.95775813346661,7.13112614298732e-07,5.33256323776248e-06
"ENSG00000146006.8",111.602146120991,-1.12797300923001,0.210054971705716,-5.36989436655794,7.87827751101892e-08,7.35317695739879e-07
"ENSG00000146013.11",536.483162583724,-2.17336867620847,0.346279455719516,-6.27634311048726,3.46628808726928e-10,5.39774692705455e-09
"ENSG00000146038.12",141.130419748386,1.09520844123557,0.208526910781702,5.25212039601975,1.50358121894845e-07,1.31423433484617e-06
"ENSG00000146090.16",147.19727082327,-2.46633070664669,0.25739656105344,-9.58183239338089,9.53382246768119e-22,9.47953898090348e-20
"ENSG00000146151.14",3.7766271321496,-1.61158658618898,0.343466862349275,-4.69211665767671,2.70392862720089e-06,1.76062480970897e-05
"ENSG00000146197.9",1356.82285297292,-2.20814580097484,0.249810347652392,-8.83928877136605,9.63298455948006e-19,6.35205841883225e-17
"ENSG00000146215.14",11.1090808273042,-1.3963294240665,0.242990911640924,-5.74642654178729,9.1149202174748e-09,1.05319520177561e-07
"ENSG00000146216.13",22.9985471819354,-1.11278647547978,0.174399015832543,-6.38069240338072,1.76289084267284e-10,2.91199697904496e-09
"ENSG00000146242.9",800.112948553172,-1.00292017362612,0.168524419160922,-5.95118605730629,2.66206250014752e-09,3.43178168831052e-08
"ENSG00000146250.7",167.087107566289,-2.77047529554642,0.294096567186636,-9.42029117187301,4.49838832828086e-21,4.08214008078622e-19
"ENSG00000146267.12",702.467604318938,1.05138904072365,0.159510132215518,6.59136210421474,4.35809496322527e-11,8.02175123390473e-10
"ENSG00000146276.12",46.4569422082186,-2.76274010666656,0.336327530590769,-8.21443341796531,2.1316833386346e-16,9.47561742463435e-15
"ENSG00000146285.14",779.706159785374,1.39262397458481,0.238475062060379,5.83970484189334,5.22933841242367e-09,6.3606017880349e-08
"ENSG00000146352.13",15.4831381564995,-2.67130186608948,0.383002629314246,-6.97463062034942,3.0667549681144e-12,7.04201491628567e-11
"ENSG00000146373.16",474.163348089245,-1.07200703792158,0.133885464325062,-8.0068963671728,1.1763954260902e-15,4.65650920944391e-14
"ENSG00000146374.14",60.6217176517273,-1.42108938660765,0.18560919584877,-7.65635226266228,1.91288578132463e-14,6.19185037721294e-13
"ENSG00000146453.13",64.8508568154722,-2.98733438299709,0.321014579797092,-9.30591496774176,1.32843564566828e-20,1.14311474752102e-18
"ENSG00000146469.13",1.93812670928494,-1.85514981049703,0.264609495620873,-7.01089658987542,2.36795711286779e-12,5.55087611534186e-11
"ENSG00000146477.6",133.945515772824,-1.47985477790675,0.24031965596213,-6.15785992195304,7.37345285265153e-10,1.07220698290181e-08
"ENSG00000146530.14",21.534093811629,-2.7598986028692,0.31870840495219,-8.65963545355263,4.73275354286769e-18,2.7704606020939e-16
"ENSG00000146648.19",742.131158808158,-1.58535692660523,0.198271682530587,-7.99588174352964,1.28649817457131e-15,5.0547324985393e-14
"ENSG00000146666.5",5.77641794090274,-1.24489380247336,0.220812007213394,-5.63779940313793,1.72236975083311e-08,1.86371079365076e-07
"ENSG00000146674.15",27265.088907314,-2.46963056990882,0.202792561372782,-12.1781122206403,4.06583924213365e-34,1.49543726178371e-31
"ENSG00000146678.10",9.976396305821,-2.64140549042141,0.307194476177708,-8.59847977505103,8.07789685748574e-18,4.56780339035132e-16
"ENSG00000146938.16",522.823550276581,-2.20156535627552,0.235474962484173,-9.34946685222848,8.80906363841685e-21,7.75682845211612e-19
"ENSG00000146966.13",611.418678424798,-1.20514201771975,0.194946201370336,-6.18192100819835,6.33262131494106e-10,9.37309142064033e-09
"ENSG00000147027.4",979.683847685027,-2.02729450243732,0.209367644759953,-9.68294076556902,3.56316418709803e-22,3.73028287013018e-20
"ENSG00000147036.12",31.045174802975,-1.9286587125041,0.19666493522459,-9.80682555485343,1.05226802598445e-22,1.19820174509495e-20
"ENSG00000147041.12",920.630436888944,-3.58699660445163,0.330582945540664,-10.8505192201768,1.9829567506204e-27,3.81553928098542e-25
"ENSG00000147059.8",6.19623194613583,-1.08791516178652,0.196774529777173,-5.52873973587166,3.22539435623504e-08,3.27840157089364e-07
"ENSG00000147117.8",15.635059945137,-1.01746497361063,0.181993071788703,-5.59067970890632,2.26182457424359e-08,2.38231000898916e-07
"ENSG00000147119.4",162.761548746123,-1.05637049234153,0.126164906869221,-8.37293442808573,5.62008812433162e-17,2.76428523814758e-15
"ENSG00000147138.3",287.357024404796,-1.41446778906975,0.236498395030434,-5.98087690568779,2.21939549444301e-09,2.90436132053024e-08
"ENSG00000147145.12",50.0970831951036,-3.55493198243997,0.243616162404333,-14.5923486658484,3.14191868177645e-48,4.08076325787478e-45
"ENSG00000147180.17",165.925025091994,-1.93745034088017,0.257357929696507,-7.52823254043477,5.14317374484974e-14,1.55462245224323e-12
"ENSG00000147206.17",11.7232319890777,-1.32689979175428,0.203557088279853,-6.51856343086434,7.09839196002636e-11,1.25435104865058e-09
"ENSG00000147255.19",39.6470236891415,-2.38444569877778,0.294013033861271,-8.10999998014669,5.06197701576653e-16,2.1337311230151e-14
"ENSG00000147256.12",2.33959564050413,-1.66955191047247,0.382557216941254,-4.36418877108481,1.2759536250635e-05,6.97319981129377e-05
"ENSG00000147257.15",614.313307782255,-1.31250115878854,0.202390967932316,-6.48497891085467,8.87441974869387e-11,1.54486504788412e-09
"ENSG00000147381.11",2030.27973028618,-1.42437266691686,0.563161513441626,-2.52924362357817,0.011430865171845,0.0273644999260875
"ENSG00000147481.17",45.8218030406704,-1.228488037173,0.356066223090314,-3.45016729335038,0.000560239258753162,0.00199065265215858
"ENSG00000147488.11",9.66818665423785,-1.46721398213868,0.183928439548045,-7.97709144786947,1.49821824426972e-15,5.78170349752444e-14
"ENSG00000147573.17",5.13645782753194,-1.50885583067898,0.227767844361543,-6.62453400702131,3.48345318558975e-11,6.4952571242477e-10
"ENSG00000147588.7",862.86762728065,-1.4552351749531,0.360465462000303,-4.03710016176771,5.41159681343863e-05,0.000253398813384561
"ENSG00000147606.9",47.9250782782114,-1.44916782619364,0.214815112397877,-6.74611674205452,1.51854453500667e-11,3.05635583360518e-10
"ENSG00000147614.4",264.788441718355,1.6963459869671,0.291450572724417,5.82035564764901,5.87225403562623e-09,7.06404116436172e-08
"ENSG00000147647.13",29.3310327382974,-2.15813445398299,0.198050034922126,-10.8969152912878,1.19231138544858e-27,2.32651858225416e-25
"ENSG00000147655.12",5.47649920897397,-3.1869526607961,0.304060948215917,-10.4812955412249,1.0529137045037e-25,1.67667430599934e-23
"ENSG00000147724.12",176.556601460231,-2.80945951800611,0.353745706618941,-7.94203142381171,1.98896531152177e-15,7.5287227939406e-14
"ENSG00000147869.5",1.50551991028221,-1.79765172549124,0.404835221985993,-4.44045287530204,8.97697617707494e-06,5.10258593916286e-05
"ENSG00000147873.5",0.482506120476603,-1.0512223726666,0.369557041654774,-2.84454699593739,0.00444746244821682,0.0121464998207904
"ENSG00000148053.17",707.409751245084,-1.55852260234813,0.224910775460362,-6.9295150450575,4.22285716978417e-12,9.47680289905883e-11
"ENSG00000148082.10",329.404792478136,-2.75171874207953,0.224565731121106,-12.2535113810199,1.60876375127673e-34,6.19105916949663e-32
"ENSG00000148123.15",35.6997868346177,-1.70526976508557,0.323177883241442,-5.27656703479175,1.31626377299358e-07,1.16744675486895e-06
"ENSG00000148346.12",263.205930417774,-2.46659923434767,0.34575655784255,-7.1339188755775,9.75508393629877e-13,2.43070023117776e-11
"ENSG00000148357.16",103.570048414126,-1.06645760482784,0.220885862679586,-4.82809353161196,1.37846351332784e-06,9.58364869824692e-06
"ENSG00000148468.17",741.512245528094,-1.81971807612543,0.174514449572203,-10.4273203771161,1.86061449738162e-25,2.86410591630277e-23
"ENSG00000148488.17",821.80555240953,1.8660006810824,0.223802520666567,8.33771074393959,7.57425788707184e-17,3.62674316016682e-15
"ENSG00000148513.18",0.619842132167711,-1.8035700380157,0.513733228851843,-3.51071321986812,0.000446906243526379,0.00163175940379894
"ENSG00000148516.22",1479.71904537615,-1.67913805493256,0.146495556306792,-11.4620408786741,2.04635094330725e-30,5.06252606581762e-28
"ENSG00000148584.15",2.05346048377403,-2.19464564029394,0.311892721299811,-7.03654009990286,1.97071955405098e-12,4.68307867955786e-11
"ENSG00000148677.7",15.258975517062,-1.79900612467726,0.236650383376453,-7.60195736431781,2.91684841062166e-14,9.1425379820707e-13
"ENSG00000148680.16",71.0545399889755,-2.04164264012787,0.212758988468615,-9.59603471901748,8.30792646472053e-22,8.3606305018575e-20
"ENSG00000148735.15",189.269105081578,-2.82121096754039,0.297544631219963,-9.48163963158448,2.50318413722574e-21,2.35912333585887e-19
"ENSG00000148848.14",2452.46868909891,-1.2595220668367,0.146123039728447,-8.61959940867213,6.71887494881213e-18,3.84112628091513e-16
"ENSG00000148935.11",216.572707939729,-1.44247717168846,0.200827762708744,-7.18265817550563,6.83688890429778e-13,1.75079960961444e-11
"ENSG00000148942.15",86.7872679338005,-2.63737884349265,0.37767438966782,-6.98320806399484,2.88514627518259e-12,6.66550580817893e-11
"ENSG00000148948.8",44.3911823387392,-2.07785567036279,0.218816459782488,-9.49588377596572,2.1835123643886e-21,2.07005191527978e-19
"ENSG00000149090.12",171.182968278095,-1.41852691337385,0.170089375128541,-8.33989137946935,7.43588064473154e-17,3.57283319487089e-15
"ENSG00000149305.7",7.67219120377653,1.03671165299677,0.299393820300584,3.46270224267134,0.000534779843418287,0.00191047961596621
"ENSG00000149380.12",277.996294185735,-1.24773901130831,0.199647734730515,-6.24970282278691,4.11234393560303e-10,6.29066023745062e-09
"ENSG00000149403.13",36.4155079772811,-1.97118893259133,0.199305331671669,-9.89029704352629,4.58664910294917e-23,5.42275181476688e-21
"ENSG00000149435.12",0.498069671115895,-1.40592603498529,0.50399073026324,-2.78958709072082,0.00527753003457614,0.014108490596067
"ENSG00000149451.18",126.585776600017,-1.02928810073836,0.198926948093937,-5.17420143726488,2.2888778603692e-07,1.92299053229562e-06
"ENSG00000149527.18",171.642956450401,-1.29207015558356,0.207194529488551,-6.23602446827611,4.48830927587599e-10,6.83367145534263e-09
"ENSG00000149571.12",110.278841491254,-1.13094041553681,0.163015704551742,-6.9376163397671,3.98770901197725e-12,8.97331683572272e-11
"ENSG00000149635.3",5.73132389872779,-2.01614360019308,0.285219968656704,-7.06873228297611,1.5635545909236e-12,3.75849947414498e-11
"ENSG00000149654.11",7.75279126246879,-1.09990694608948,0.274047398274611,-4.01356463522163,5.9808615309393e-05,0.000276688075410618
"ENSG00000149656.8",5.14996968065327,-3.26438688837973,0.337343519035092,-9.67674404333275,3.78580839080696e-22,3.94613639841158e-20
"ENSG00000149735.7",1.27778839604812,-1.07083446762458,0.330638641484117,-3.23868517853205,0.00120082040516324,0.00388124606915135
"ENSG00000149742.10",1.08436868016382,-1.23939820184672,0.347231024750358,-3.56937633305603,0.000357832084570528,0.00134444197242093
"ENSG00000149926.13",21.5463827193635,-1.89381970180031,0.19525111116228,-9.69940550159678,3.03260446062296e-22,3.21291661957531e-20
"ENSG00000149948.14",3439.37378609788,-3.4945152806143,0.249892242959153,-13.9840886585083,1.94958182345182e-44,1.76148955970228e-41
"ENSG00000149970.16",215.481693614932,-1.16213717305311,0.190680699407837,-6.09467647571126,1.09658998983702e-09,1.53146751201633e-08
"ENSG00000149972.11",8.20895865426227,-1.22126443077685,0.36630541231285,-3.33400596804123,0.000856048209997408,0.0028880777180908
"ENSG00000150048.10",265.442892843651,-1.40962147182528,0.20754103364696,-6.79201335299856,1.10579310822025e-11,2.28537907328941e-10
"ENSG00000150051.14",13.8455580172534,-1.06057918524949,0.272663070623489,-3.88970601271489,0.000100365735118413,0.000436658712759496
"ENSG00000150275.19",17.4647625182951,-2.05001013316973,0.354304895932956,-5.78600565981917,7.20797863494644e-09,8.51557726053564e-08
"ENSG00000150394.14",31.5340573721671,-1.81595038118286,0.24582187099656,-7.38726124661331,1.49883931465899e-13,4.24062352592628e-12
"ENSG00000150471.16",215.333614806952,-1.74383846467439,0.236844937609374,-7.36278546747108,1.80111710075522e-13,5.04094470987127e-12
"ENSG00000150630.4",369.40960854892,-1.4181323187847,0.141855905822301,-9.99699174006301,1.5709686068408e-23,1.94903275335873e-21
"ENSG00000150636.17",274.492023501732,-1.04811543539983,0.128931808428837,-8.12922309996397,4.32050490670682e-16,1.83233494829131e-14
"ENSG00000150681.10",62.94049224192,-1.16057828811256,0.183871332886069,-6.3119044708926,2.75622352565815e-10,4.36563118038888e-09
"ENSG00000150722.10",82.8370279586739,-2.47252637349296,0.244290422188581,-10.1212579328398,4.44663451461194e-24,5.98093927819746e-22
"ENSG00000150893.11",1741.04615449347,-1.57042902677101,0.278785770859023,-5.63310323167515,1.7699543648679e-08,1.90874009633211e-07
"ENSG00000150938.10",1734.61493083811,-1.12017955407043,0.12820848667383,-8.73717164231281,2.39019184584295e-18,1.46737302063404e-16
"ENSG00000151005.5",2.09470501648774,-1.29856394605806,0.361457165727785,-3.59258044710064,0.000327419525943932,0.00124446367967825
"ENSG00000151023.17",32.3559135078529,-1.31117730126886,0.184062747975801,-7.12353431472856,1.05194046095989e-12,2.59933112000089e-11
"ENSG00000151062.15",395.378499534944,-1.75415911292183,0.188541021333543,-9.30385918414324,1.35438433024992e-20,1.16303556888114e-18
"ENSG00000151067.22",275.958999073494,-1.52902947418173,0.151960183328764,-10.0620402047929,8.12958683873011e-24,1.04607395724861e-21
"ENSG00000151079.7",43.1599100867894,-3.6106817390016,0.300192999367887,-12.0278678936703,2.53626027794573e-33,8.71173964231242e-31
"ENSG00000151090.20",249.710700741083,-1.5533040051147,0.207430514699837,-7.48831003655568,6.97660698062877e-14,2.0726357350171e-12
"ENSG00000151136.15",143.014709200358,-1.36580971635895,0.202757754157733,-6.736165144621,1.62621448494132e-11,3.25258548715741e-10
"ENSG00000151150.22",292.287598893601,-2.47602926314823,0.217574842487367,-11.3801266490265,5.25234006420297e-30,1.26917301016514e-27
"ENSG00000151276.23",446.159236152993,-1.71836645117612,0.144572900808229,-11.8858129121686,1.40263753286843e-32,4.22437834355636e-30
"ENSG00000151418.12",0.426039420878074,-1.12029675855964,0.473506383226731,-2.3659591470031,0.0179834287002892,0.0403556645775833
"ENSG00000151475.6",0.453455591457159,-1.00426731345993,0.3277398106226,-3.06422131492708,0.00218237398250917,0.00654334349019234
"ENSG00000151490.15",229.399934741859,-1.23835998841554,0.165829134691952,-7.46768648775711,8.16170125844457e-14,2.40408665984035e-12
"ENSG00000151552.12",7001.51857554495,1.02383387453508,0.142187176541072,7.20060626732635,5.99454166847297e-13,1.55037424284427e-11
"ENSG00000151572.18",980.148747453732,-1.10940228960876,0.281377789408983,-3.94275003701961,8.05525989895698e-05,0.000361001414622008
"ENSG00000151577.13",0.818691433005234,-1.15444292920237,0.275461137156097,-4.19094664721499,2.77792983293381e-05,0.000139490539708101
"ENSG00000151617.17",512.217893798804,-1.75702954204861,0.152031571153986,-11.5570044347499,6.80411294841655e-31,1.74563297754376e-28
"ENSG00000151632.17",101.270891994637,-1.08751196933178,0.227567565986843,-4.77885310508025,1.76297932772578e-06,1.20001550636978e-05
"ENSG00000151651.16",1098.49544827927,-1.3356673907114,0.16342964485148,-8.17273629839441,3.01472451006526e-16,1.3038291372251e-14
"ENSG00000151655.19",16.6952155958288,-1.09022727150464,0.177061178055613,-6.15734789227602,7.39732337562675e-10,1.07461570827612e-08
"ENSG00000151789.12",79.4095513459509,-1.44171175594611,0.181178945100324,-7.95739126943143,1.75704407694987e-15,6.69965742442113e-14
"ENSG00000151812.15",1.26913398026528,-1.27830341626697,0.290713767370471,-4.39712032845684,1.09696537973344e-05,6.10580890752394e-05
"ENSG00000151834.16",227.311333745289,-2.94149579786468,0.386201897916116,-7.6164716272409,2.60703861748973e-14,8.20861659243244e-13
"ENSG00000151838.12",0.666423711021662,-1.51846832915453,0.426939633266065,-3.55663473437294,0.000375635867278863,0.00140258426042764
"ENSG00000151892.15",1076.27289839458,-2.33068749446898,0.255117435859878,-9.1357436492467,6.49587716726241e-20,5.08440012854539e-18
"ENSG00000151917.18",127.859899280892,-1.17460407731611,0.158286831220358,-7.4207315179675,1.16475212578276e-13,3.34550296142246e-12
"ENSG00000151952.16",73.9899996562743,1.65084833409257,0.497332509808007,3.31940563211899,0.00090209288569641,0.00302312405380698
"ENSG00000151962.8",5.30301080546853,-1.00016912185972,0.292573105499786,-3.41852720929761,0.000629610224131219,0.00220788560034946
"ENSG00000151963.4",0.779529305742346,-1.41507367668799,0.249710153167061,-5.66686479800954,1.45434007562356e-08,1.60587891134608e-07
"ENSG00000151967.18",34.033459115638,-1.5794321531874,0.185411359079421,-8.51852961452514,1.61591720642903e-17,8.55550967307051e-16
"ENSG00000152076.19",58.2556655528316,-1.28068475595348,0.194641903776667,-6.57969702877001,4.71407847599473e-11,8.61973293529665e-10
"ENSG00000152092.16",71.9802098843473,-3.98579776607841,0.333137725989604,-11.9644142801251,5.45813740495216e-33,1.78622918759545e-30
"ENSG00000152208.13",44.8867467127013,-4.22120235257145,0.357430496463574,-11.8098550468864,3.47159269937226e-32,1.00899535504413e-29
"ENSG00000152213.4",122.995683994505,-1.01633638991373,0.152796018631723,-6.65158947867194,2.8994449205885e-11,5.51013853632827e-10
"ENSG00000152430.18",1.05730219650576,-1.39214904801757,0.307338280895915,-4.52969621603709,5.90685550388159e-06,3.52376530001904e-05
"ENSG00000152463.15",5.0721119256257,-1.40129307347003,0.245956127330623,-5.69732939235281,1.21698662958714e-08,1.36888764002438e-07
"ENSG00000152467.10",8.35110835191748,-1.22336131712897,0.302545270566859,-4.04356450469989,5.26446638156306e-05,0.00024728950243052
"ENSG00000152495.11",427.573680633684,-1.10393482357621,0.198438625702316,-5.56310456025962,2.65016987606127e-08,2.75159531323654e-07
"ENSG00000152527.14",496.558986517538,-1.28436956819142,0.164172051481276,-7.82331436199359,5.14504071192036e-15,1.83472124425964e-13
"ENSG00000152578.13",40.6588965223993,-1.13139117615895,0.287662603783721,-3.93304920861242,8.38750586619579e-05,0.000373408232089543
"ENSG00000152592.14",1.76574181908144,-1.58071988372448,0.293722511571156,-5.38167767689655,7.37948147583616e-08,6.92964322410082e-07
"ENSG00000152611.12",0.661297913414207,-1.87677359722299,0.445544940409355,-4.21231042484438,2.52771835641672e-05,0.000128321766617066
"ENSG00000152670.19",2.09701092954475,-1.48158403260581,0.24115044161492,-6.14381637737855,8.05619693226592e-10,1.15979098336971e-08
"ENSG00000152672.8",20.154666947739,-1.87269453577815,0.222816035867873,-8.40466678479384,4.29078113598964e-17,2.13572988711379e-15
"ENSG00000152779.14",9.95235373615035,-1.76622138301722,0.205174771304715,-8.60837505403683,7.41034682432476e-18,4.21325355283975e-16
"ENSG00000152784.16",162.889474464449,-2.54708743037969,0.193571711738063,-13.1583660004327,1.5234494576354e-39,9.31141269974156e-37
"ENSG00000152785.8",5.37841546108162,-2.89452846151427,0.358754067021584,-8.0682805509216,7.12950724620149e-16,2.91363402327066e-14
"ENSG00000152926.15",358.722794601724,-1.38752563620923,0.16058624794063,-8.64037645815232,5.60280961553329e-18,3.23422185056659e-16
"ENSG00000152954.12",2.48684322173383,-2.19023108209151,0.40484874599087,-5.4099984346769,6.30252999163532e-08,6.00793008055843e-07
"ENSG00000153012.12",284.027171751908,-1.5167402186112,0.167828806366635,-9.03742481071909,1.60405984055332e-19,1.18205558675669e-17
"ENSG00000153060.8",49.9760947372039,1.64625444606004,0.272568616888069,6.03977987214898,1.54324617630945e-09,2.09316995034872e-08
"ENSG00000153064.12",200.721477661,-1.10587831208114,0.267587341735308,-4.13277513394133,3.58409336194464e-05,0.000175187684710271
"ENSG00000153132.13",74.6283150112354,-1.70390116419257,0.242561083197634,-7.0246271237347,2.14638677219333e-12,5.068643581017e-11
"ENSG00000153162.9",321.956246251619,-1.99437608102551,0.194361931090773,-10.2611456360458,1.05448197302653e-24,1.5060611602381e-22
"ENSG00000153246.13",346.997130344784,-1.30882779663763,0.179709156794431,-7.28303343014842,3.26396303171302e-13,8.75770377818312e-12
"ENSG00000153253.19",35.9497274243642,-2.11230978834063,0.233766807408267,-9.03596969886125,1.62554723952568e-19,1.19576981184365e-17
"ENSG00000153283.13",558.115425795165,-1.16018086302959,0.204602604890478,-5.67041100796653,1.42455351570015e-08,1.57550008567135e-07
"ENSG00000153303.17",3.05568786377079,-1.2624572310617,0.279481075420184,-4.51714746396933,6.26782575397621e-06,3.70981734529705e-05
"ENSG00000153495.11",11.2893577983151,-1.05736245602536,0.169723935091679,-6.22989595105845,4.66745062479387e-10,7.08504685418856e-09
"ENSG00000153707.17",162.485669933221,-1.96363453851531,0.224894585626958,-8.73135532828023,2.51638754363877e-18,1.53803086895169e-16
"ENSG00000153789.13",13.2974277580186,-1.55578528449779,0.2860727786781,-5.43842476619706,5.37536989871857e-08,5.20771850187742e-07
"ENSG00000153820.13",5.98569934332992,-2.54051282500698,0.41232396671947,-6.16144835144995,7.20825819921869e-10,1.05266910497515e-08
"ENSG00000153823.19",130.436511228532,-1.01820371640871,0.183814205924373,-5.53930916975822,3.03667138065926e-08,3.10709344960512e-07
"ENSG00000153902.14",3965.80067398463,-1.09955995480121,0.243761410473787,-4.51080403852295,6.45823621509131e-06,3.81057940902364e-05
"ENSG00000153904.21",661.574962654383,-1.30132501554531,0.139457758881688,-9.33132029354724,1.04560188031395e-20,9.09148647481343e-19
"ENSG00000153923.10",1.31363185407186,-1.21884279145977,0.290190153859642,-4.20015212524851,2.66735703020777e-05,0.000134654066427178
"ENSG00000153976.3",250.008533358762,-2.89599826378022,0.212437054509703,-13.6322651924547,2.57462918026297e-42,2.01899505641678e-39
"ENSG00000154065.17",167.306717099623,-1.57217446368047,0.163467752739988,-9.6176428520503,6.73569672178102e-22,6.86149576349664e-20
"ENSG00000154122.14",6881.69600758413,-1.93988423309793,0.164001177057449,-11.8284775018315,2.78140936232138e-32,8.1986479373618e-30
"ENSG00000154143.3",3.75579704696281,-1.61591926158857,0.41686469345727,-3.87636393043253,0.000106029060072682,0.000458561893313302
"ENSG00000154162.15",46.9211943542691,-1.43726286238551,0.40151210096888,-3.57962526887057,0.000344087273732452,0.00129914201225183
"ENSG00000154165.5",20.0056516587992,-1.13378853931791,0.274322164427539,-4.13305480322351,3.57973326807446e-05,0.000174995147127394
"ENSG00000154175.18",1156.49870863331,-1.76897698732273,0.210182817163501,-8.41637299944763,3.88319559878933e-17,1.95628333911372e-15
"ENSG00000154188.10",1023.89561170694,-2.0128590978418,0.245682187744165,-8.19293867546409,2.54924078207884e-16,1.11763233528229e-14
"ENSG00000154252.12",4.72106464224852,-1.0657174418361,0.217233044893387,-4.90587167509038,9.30133247176474e-07,6.75252367146701e-06
"ENSG00000154258.17",306.327361130338,-1.46064791116546,0.206033018106883,-7.08938753888335,1.34706816289664e-12,3.26675463076241e-11
"ENSG00000154262.13",882.964733875127,-2.0764957501884,0.241350817525832,-8.60364083898805,7.72263865346423e-18,4.37286522772861e-16
"ENSG00000154263.17",92.8785043964288,-1.09578883142539,0.182630947572719,-6.00001722593634,1.9729659753502e-09,2.60732629149459e-08
"ENSG00000154316.16",4.02666677640955,-1.02970618790348,0.231812068947485,-4.44198696201946,8.91319621352547e-06,5.07049358098201e-05
"ENSG00000154438.8",0.78674075839282,-1.94414898690643,0.609593371492016,-3.18925545753231,0.00142639766045661,0.00451721575464016
"ENSG00000154451.14",1907.07932904953,-1.06346797902988,0.22301478764321,-4.76859848742978,1.85511975418634e-06,1.25471907605358e-05
"ENSG00000154478.4",1.75393657588473,-2.34986905267673,0.400070437517247,-5.87363832044057,4.26332986781328e-09,5.26731617021568e-08
"ENSG00000154479.13",13.3946483362979,-1.28475707969851,0.155252989810599,-8.27524855570156,1.28187934310629e-16,5.88701317769985e-15
"ENSG00000154646.9",7.85789638119017,-2.08889588335497,0.346077306149721,-6.03592274395267,1.58056863181656e-09,2.13839822511588e-08
"ENSG00000154678.18",202.921811497328,-3.44380985125583,0.217693845443606,-15.8195094778091,2.28264098405297e-56,6.32474163861396e-53
"ENSG00000154721.15",360.161620798441,-1.23796992967694,0.136589775437542,-9.06341580628068,1.26427997163912e-19,9.40000074799019e-18
"ENSG00000154975.14",7.98652395166798,-1.81461909664915,0.330729834265814,-5.48671123268157,4.09485698213497e-08,4.07837157659942e-07
"ENSG00000154978.13",1632.41032051808,-1.00499170741746,0.13064847336228,-7.69233410505058,1.44474747206491e-14,4.75177922644851e-13
"ENSG00000154997.9",1.57852913252501,-2.22821764910953,0.340823689007356,-6.53774288870347,6.2454168164823e-11,1.11884488675275e-09
"ENSG00000155011.9",132.404980842904,-1.16175842507007,0.205425869842986,-5.65536573342998,1.55514761118604e-08,1.70226613158057e-07
"ENSG00000155016.18",1821.14855194943,1.42352141686399,0.116461395999471,12.2231182671935,2.33936109891604e-34,8.83895690846805e-32
"ENSG00000155052.14",12.2624399410024,-2.38581532285544,0.340493647686709,-7.00693049360689,2.43603204830802e-12,5.68799797706617e-11
"ENSG00000155093.19",197.044355709463,-1.04222376818701,0.159740995890227,-6.52446018868706,6.82468737305605e-11,1.21165167278494e-09
"ENSG00000155269.12",3.07964738951127,-1.10004177372277,0.329923712896773,-3.33423070462034,0.000855356808727566,0.00288675109089201
"ENSG00000155307.19",449.250904751692,-1.1114435714676,0.172435620047914,-6.44555673102092,1.15176833140777e-10,1.95866593248648e-09
"ENSG00000155511.18",76.9416869903716,-5.35757883443149,0.371107413818514,-14.4367335033936,3.03907505883782e-47,3.71500110574758e-44
"ENSG00000155761.14",35.3900560939346,-1.46715766343663,0.228087889770065,-6.43242245309766,1.2558610835011e-10,2.12265548403711e-09
"ENSG00000155849.15",1228.05605652241,-1.35615419876722,0.142125459286802,-9.54195121389594,1.40169806381723e-21,1.36115361982177e-19
"ENSG00000155875.15",9.08150194907107,-1.03925573091677,0.152442038883415,-6.81738278055684,9.27139966504542e-12,1.94124893137843e-10
"ENSG00000155886.11",54.5891080279332,-1.87708305454636,0.273753488784512,-6.85683701377017,7.04018740870372e-12,1.51060541600694e-10
"ENSG00000155893.13",954.597150459834,-1.18456669949196,0.115114084985261,-10.2903715009648,7.78753293114326e-25,1.13169735553908e-22
"ENSG00000155897.10",24.6725202340367,-2.11739099141581,0.363710262000605,-5.82164214935539,5.82722131534186e-09,7.01392911405266e-08
"ENSG00000155966.14",244.579727754756,-1.09618082369853,0.204376727251388,-5.36353056652188,8.16108336763975e-08,7.59666174525965e-07
"ENSG00000155980.13",105.344680083248,-1.73552386506992,0.251565327370843,-6.89889931656405,5.24069964262823e-12,1.15582409414641e-10
"ENSG00000156006.5",1.12212925781544,-1.81300157297195,0.329857360300993,-5.49631989814505,3.87798758982982e-08,3.88659079354972e-07
"ENSG00000156009.10",6.38683670488746,-2.75787750739287,0.356669735627557,-7.73230031009054,1.05620419842779e-14,3.56604052762437e-13
"ENSG00000156076.10",44.6699266861799,-4.29103649477045,0.355119486363067,-12.0833597128584,1.29325331969849e-33,4.63363745459557e-31
"ENSG00000156096.14",2.27182100181224,-3.52920530557751,0.654029995763067,-5.39609089558642,6.81084524701297e-08,6.44371386652295e-07
"ENSG00000156103.16",2910.7216561451,-1.77555763623014,0.226232140360864,-7.84838809109056,4.21418420198193e-15,1.52569620037259e-13
"ENSG00000156113.24",844.984597182942,-1.69516588210201,0.190329083718079,-8.90649946391243,5.26692190667954e-19,3.58858702107238e-17
"ENSG00000156140.10",276.342947976203,-1.18335650145276,0.210441652858797,-5.62320474762084,1.87447009386242e-08,2.00945901576245e-07
"ENSG00000156150.9",2.46626411737225,-1.50093952529298,0.464925563936947,-3.22834372148342,0.00124509269564826,0.00400747638941634
"ENSG00000156219.17",499.977306721857,-3.50837111993121,0.265403269161369,-13.2190199880246,6.81460354693143e-40,4.40414658724923e-37
"ENSG00000156234.7",1509.65339487282,-1.15043682304284,0.266929164664577,-4.3098955653215,1.63331660134384e-05,8.70306469039138e-05
"ENSG00000156265.16",241.440826046928,-1.24222728984785,0.134242950797334,-9.2535755692918,2.17105785741905e-20,1.80467013340101e-18
"ENSG00000156427.8",20.7970633137012,-1.00079465234604,0.162781261727394,-6.14809494487175,7.84190904314435e-10,1.13286556708782e-08
"ENSG00000156466.10",20.3135153319249,-1.46044807474011,0.249391422042255,-5.85604774526953,4.74011997724641e-09,5.81661843797802e-08
"ENSG00000156687.11",29.7065648675737,-2.86003272769932,0.328129450106291,-8.71617200703219,2.87766018019531e-18,1.74092157800986e-16
"ENSG00000156689.7",12.8659999761113,-1.43961288897107,0.241801211832945,-5.95370419386348,2.6214042707211e-09,3.38566825045713e-08
"ENSG00000156711.17",841.002794962512,-1.16258648201381,0.16525159189544,-7.03525133209863,1.98902146409044e-12,4.72386914803011e-11
"ENSG00000156853.13",1707.69544849793,1.23764109922823,0.1176274093417,10.5217066851567,6.86192066071998e-26,1.11404354101892e-23
"ENSG00000156959.9",13.6181303058051,1.0861429395023,0.302540089333735,3.59007939045118,0.00033057726106543,0.0012547444862467
"ENSG00000157064.11",92.1055682397954,-2.19885061690374,0.196548977989029,-11.1872910223246,4.70592012164187e-29,1.06297528312869e-26
"ENSG00000157087.20",42.729563259643,-2.07219175239969,0.252911811272893,-8.19333720307665,2.54081043928289e-16,1.11511260271885e-14
"ENSG00000157103.12",60.4920430605573,-1.45721983133976,0.168494861036216,-8.64845267314446,5.22023932264413e-18,3.03124480135173e-16
"ENSG00000157131.11",0.645379281319511,-1.93321116152701,0.645240345746046,-2.99611016929169,0.00273447621246566,0.00797154382706724
"ENSG00000157150.5",69.9311204491494,-1.74690775338686,0.24617820592929,-7.09611050577167,1.28316889968514e-12,3.1315951737354e-11
"ENSG00000157152.17",62.9271843138085,-1.74151300392067,0.22827734637118,-7.6289348531718,2.36701206448592e-14,7.50402405981418e-13
"ENSG00000157168.20",105.92188929776,-1.86043680694408,0.240588233044589,-7.73286699603167,1.0515114157137e-14,3.55308272031648e-13
"ENSG00000157214.14",237.347609540212,-1.57795524896257,0.190627561481721,-8.27768679773976,1.25591029017665e-16,5.77413091596479e-15
"ENSG00000157240.4",3100.75547975344,-1.14331363164481,0.142470069231494,-8.02493911747235,1.01576307557988e-15,4.06324782937932e-14
"ENSG00000157343.9",22.156644284112,-1.24436726564889,0.152868498960375,-8.14011568185439,3.94900401900362e-16,1.6868294454042e-14
"ENSG00000157404.16",5593.53446295083,1.4249532842138,0.25972166905001,5.48646283317785,4.10061650078993e-08,4.08215144924147e-07
"ENSG00000157423.18",19.1813387007441,-1.70054844217581,0.209993510423914,-8.09809997815128,5.58241839211237e-16,2.32948266278086e-14
"ENSG00000157445.15",56.413888642406,-2.33016831541776,0.203778566104229,-11.4348057303825,2.8016306999727e-30,6.89002219835889e-28
"ENSG00000157502.13",45.5049674053208,-2.41612321112891,0.401128388514037,-6.02331642514591,1.70878902458094e-09,2.2961748929723e-08
"ENSG00000157551.19",120.751682994407,-1.14584227161092,0.191008449241583,-5.99890882398444,1.98647850364167e-09,2.6210164942335e-08
"ENSG00000157570.12",791.944622216771,-1.00979937901224,0.155232889912894,-6.50506074826584,7.76619896273596e-11,1.36251060062994e-09
"ENSG00000157613.11",749.505698760287,-1.69029011359288,0.193562645199986,-8.73252228934202,2.49055151705459e-18,1.52448162226543e-16
"ENSG00000157680.15",917.437059007247,-1.31169363947592,0.221227122909788,-5.92917189458187,3.04466231155825e-09,3.87928433454887e-08
"ENSG00000157734.14",894.145925397279,-2.11083147884986,0.234274864402051,-9.01006381643809,2.0593662134068e-19,1.48854571411502e-17
"ENSG00000157765.13",32.1314849581432,-1.54264462135013,0.337864597622077,-4.56586642165948,4.97435462785906e-06,3.02611427170782e-05
"ENSG00000157766.19",359.270023115481,-1.40325746615576,0.204334261959678,-6.8674604674603,6.53548549641451e-12,1.41252131150276e-10
"ENSG00000157782.9",20.4832354622783,-1.03916894423046,0.142359943358231,-7.29958807032902,2.88650075412968e-13,7.8257497940729e-12
"ENSG00000157851.17",42.6503773913497,-1.18722587486287,0.337771222880814,-3.51488165491763,0.000439949997981233,0.00160961283592395
"ENSG00000157890.17",17.4332196004456,-1.40336783308752,0.172556331420821,-8.13280985711883,4.19452290594166e-16,1.78465630415157e-14
"ENSG00000158022.7",3725.92488535838,1.62269927384027,0.235776802572024,6.88235337886802,5.88717481147706e-12,1.28362167637937e-10
"ENSG00000158125.10",40.899668428823,-1.96176001020595,0.281907870081206,-6.95886925626039,3.4301465628292e-12,7.80316099859372e-11
"ENSG00000158164.7",113.354649506986,-1.29577350178189,0.186415214506178,-6.95100721909665,3.62687308907579e-12,8.20131117128227e-11
"ENSG00000158258.16",194.543255629445,-1.9744068317402,0.230421714632691,-8.56866652037352,1.04690223101537e-17,5.78608384647087e-16
"ENSG00000158270.12",892.967622607114,-1.11442213810757,0.158512928947739,-7.03048101820758,2.05822725211352e-12,4.87708329830913e-11
"ENSG00000158473.8",149.484382652083,-1.16980151907996,0.145552218963829,-8.03698856264542,9.20732598713618e-16,3.70674910967578e-14
"ENSG00000158481.13",117.790976522253,-1.0028918672731,0.215666982778238,-4.65018731357842,3.3163369082063e-06,2.11146024160318e-05
"ENSG00000158497.5",1.40883199406203,-1.01120533250621,0.279266817473902,-3.62092905148215,0.000293547012266295,0.00113039941849456
"ENSG00000158525.16",15.4447571024793,-1.43596033646817,0.270349810161476,-5.31149008616092,1.08732486834269e-07,9.83804649513303e-07
"ENSG00000158748.4",24.6369732538092,-1.93544779993136,0.240211838016809,-8.05725403006957,7.80273894337494e-16,3.17088577481255e-14
"ENSG00000158764.7",38.1767139957584,1.9630442471756,0.330247852851994,5.9441544592127,2.77887482132125e-09,3.57129237241044e-08
"ENSG00000158786.5",7.13340108734731,1.04628578923505,0.455192975403021,2.29855434018656,0.0215302588496463,0.0469436899752911
"ENSG00000158806.14",298.842902327891,1.30807702141918,0.208624983175813,6.2699922200441,3.61066145607549e-10,5.59886341317387e-09
"ENSG00000158816.15",2.44992024509228,-1.12404025387771,0.262331633578924,-4.28480636720289,1.8289841265577e-05,9.61379009333391e-05
"ENSG00000158859.10",3552.61539593416,-1.00169613196471,0.167992025107104,-5.96276002581718,2.48012530768515e-09,3.21619245048394e-08
"ENSG00000158874.11",16.5232979865472,-3.02927805404569,0.377117674280738,-8.03271302471653,9.53404967858315e-16,3.82854273179974e-14
"ENSG00000159167.12",2668.86233441047,-2.03792613959656,0.206175728986479,-9.8844134060523,4.86422207607588e-23,5.72710475710668e-21
"ENSG00000159173.19",65.9249551456157,-1.40526855668671,0.247071957434458,-5.68768941355675,1.2876974243899e-08,1.43830369127904e-07
"ENSG00000159182.5",1.73943605507659,-1.69153815519462,0.417534095869848,-4.05125754262211,5.0943096778991e-05,0.000240247020121233
"ENSG00000159212.13",133.734875453375,-1.52034215593103,0.17931600798075,-8.47856347601849,2.27991348587043e-17,1.18595449686792e-15
"ENSG00000159217.10",663.924469145145,-2.96811677756438,0.320783177235563,-9.25271955700089,2.18852065269781e-20,1.81555479775302e-18
"ENSG00000159224.4",0.78455383279751,-1.37355988045303,0.34300957298191,-4.00443599434314,6.21656192992281e-05,0.000286444287063694
"ENSG00000159261.12",183.164490275867,1.06033113472389,0.309480909421113,3.42616007141521,0.000612179492690068,0.00215330095423025
"ENSG00000159398.16",5.9254250134044,1.63774937424749,0.370142668429339,4.42464356027124,9.66016471322395e-06,5.44918248929172e-05
"ENSG00000159409.15",6.57855454041777,-1.04079774779888,0.161442097418956,-6.44687949697482,1.14176494665381e-10,1.94483748823056e-09
"ENSG00000159556.10",31.7101527720436,-1.04507300706167,0.292405596767428,-3.57405268098508,0.000351498161341706,0.00132357076361363
"ENSG00000159618.16",251.146010430228,-1.11584675425411,0.211811763576443,-5.26810567747998,1.37838753209665e-07,1.21735109666385e-06
"ENSG00000159625.15",7.38462004519125,-1.10719397841602,0.208564820244969,-5.30863247749823,1.10450791583142e-07,9.9838099168737e-07
"ENSG00000159753.14",395.409687797995,-1.21581096333835,0.196776660802725,-6.17863398219389,6.46586032313371e-10,9.55329138820062e-09
"ENSG00000159763.4",3.68941760666182,-1.21197681987287,0.462798898110364,-2.61879798076755,0.0088240187103332,0.0219462549002973
"ENSG00000159784.18",331.998733501017,-4.71521104386648,0.232192790332445,-20.3073103050074,1.10808675401562e-91,1.15135754175993e-87
"ENSG00000159860.7",1.30994774931796,-1.36349343842002,0.254170662590006,-5.36448000932126,8.11827497913057e-08,7.56020041861136e-07
"ENSG00000159961.2",2.38571705624246,-1.11713126181816,0.343682315133287,-3.25047642147344,0.00115211821673337,0.00374564591081605
"ENSG00000160097.20",78.2981834080836,-2.58541826798184,0.201076019792177,-12.8579144875357,7.76433143525418e-38,4.24606767252677e-35
"ENSG00000160111.14",98.8891654025385,-1.12568693613122,0.156211957303003,-7.20615089629617,5.75556205453982e-13,1.49427219871325e-11
"ENSG00000160145.15",900.440263223712,-1.22617028181422,0.154149284441264,-7.95443382211372,1.79952529418948e-15,6.84280606377888e-14
"ENSG00000160180.15",267.424888502311,1.42953720900838,0.259168729566128,5.51585529396835,3.47087767879563e-08,3.5047769214311e-07
"ENSG00000160181.9",38.6516945523337,-1.53410764679907,0.369575509378263,-4.15099920819941,3.31026911382784e-05,0.000163088436354804
"ENSG00000160183.17",41.9587503770033,-1.00876713642989,0.223310989898961,-4.5173197113421,6.26273107852621e-06,3.70732985451796e-05
"ENSG00000160219.12",248.198394973638,-1.08009754772717,0.135384363135435,-7.97800811491551,1.48713620166411e-15,5.74961440126175e-14
"ENSG00000160224.17",8.0950968834519,-2.02988739465558,0.282409084812669,-7.18775529477765,6.58651703771253e-13,1.691896298649e-11
"ENSG00000160282.14",23.2987683681204,-1.38151212616471,0.218155876859895,-6.33268351992165,2.409334432605e-10,3.85883459298378e-09
"ENSG00000160321.15",44.2260375929239,-1.15690857012021,0.255992923715218,-4.51929902330906,6.2044713030309e-06,3.67808067745786e-05
"ENSG00000160339.16",1.34832286056476,-1.49219572797372,0.312314517545793,-4.77786220025757,1.77168724269963e-06,1.20495606580072e-05
"ENSG00000160349.10",6.93783614254298,-2.94979658132357,0.317856110665898,-9.28028904381877,1.69019421562493e-20,1.42490571987431e-18
"ENSG00000160408.15",8.27195313479296,-1.41952986837052,0.127416591562427,-11.1408557626895,7.93531540641983e-29,1.72674125089854e-26
"ENSG00000160505.16",20.9586216353,-1.45013558745507,0.368596845792153,-3.93420509157797,8.34724869459864e-05,0.000371921473247115
"ENSG00000160716.6",206.421173229371,1.19378099336611,0.248653230510167,4.80098726614895,1.57885309604971e-06,1.08463293186806e-05
"ENSG00000160781.17",215.938125742945,-1.05497057222628,0.153222015689882,-6.88524144181419,5.76896057903016e-12,1.26194494518764e-10
"ENSG00000160856.21",310.39864305115,-1.16086820556222,0.258206619511279,-4.49588863275254,6.9279992699005e-06,4.05780024881066e-05
"ENSG00000160868.15",5.74868653835227,-2.0632081315311,0.236305997037068,-8.73108663089686,2.52237376955131e-18,1.53942582393673e-16
"ENSG00000160870.15",2.79494128349515,-1.93909451333106,0.265944333350118,-7.29135488206933,3.06853296544566e-13,8.27071122631987e-12
"ENSG00000160951.4",27.7963199472258,-1.06724498780166,0.204665746836845,-5.21457549343831,1.8423865993151e-07,1.58086046642291e-06
"ENSG00000161091.13",25484.8652833016,1.21594362689567,0.143809936116707,8.45521289925956,2.78578590829487e-17,1.43295586535336e-15
"ENSG00000161381.14",603.840401872591,-1.06472382402653,0.130032936980633,-8.18810871114224,2.65363082178375e-16,1.15851054847664e-14
"ENSG00000161638.11",5725.3860767184,-1.08554074707358,0.141052883710268,-7.69598407717317,1.40409296414009e-14,4.63150093457068e-13
"ENSG00000161652.12",1.58003270932366,-1.21422326166526,0.378414758838858,-3.20871010790126,0.00133331850681323,0.00425486669073798
"ENSG00000161905.13",37.0895263282345,-2.76809420516183,0.279008218926833,-9.92119234268054,3.36709513239348e-23,4.06811650850401e-21
"ENSG00000161911.11",23.5958247835529,-1.1801579031187,0.170270820649858,-6.93106369379376,4.17687922324241e-12,9.38375428521086e-11
"ENSG00000161958.11",7.07716707032928,-1.36176357155951,0.188483585517883,-7.22483906393167,5.01695616310138e-13,1.31721245768048e-11
"ENSG00000161992.6",0.630134445257843,-1.04565373189562,0.354537677051823,-2.94934445498376,0.00318448828319005,0.00909397430437989
"ENSG00000162009.8",0.518374193634583,-1.7898858752825,0.524171570838009,-3.41469468178321,0.000638535433560313,0.00223654219531718
"ENSG00000162078.11",45.7494279134936,-1.29126056007507,0.211105448212728,-6.11666146471922,9.55560628132498e-10,1.35407469575325e-08
"ENSG00000162105.19",85.2673794148302,-2.61140940164183,0.255713812565652,-10.2122344328638,1.74792499198229e-24,2.42157528389226e-22
"ENSG00000162174.12",398.16346688802,1.3070682381168,0.145740578164298,8.96845788990424,3.00694664707814e-19,2.13267434378603e-17
"ENSG00000162341.18",1687.50751810267,1.1469779279778,0.158017231755442,7.25856234308004,3.91226067855698e-13,1.04432484471538e-11
"ENSG00000162344.4",1.02412258231618,-2.14962011816986,0.460443487324751,-4.66858621599688,3.03279504000585e-06,1.95273473977883e-05
"ENSG00000162365.12",0.476100809000641,-1.16402460551934,0.43476682888685,-2.6773537633946,0.0074206238095318,0.0189177431621027
"ENSG00000162399.9",1.29398388454339,-2.14358251327738,0.430479872732321,-4.97951855372873,6.37426422370743e-07,4.82475268012617e-06
"ENSG00000162407.9",1550.22991985968,-1.23757585257657,0.129746754847996,-9.53839542288698,1.45059267029198e-21,1.40535040938637e-19
"ENSG00000162409.11",105.784919085417,-1.61826253761178,0.294301353233516,-5.49865816052757,3.82692197778294e-08,3.84375377575192e-07
"ENSG00000162426.16",112.62417130448,-1.77459459296531,0.183705934106396,-9.65997424959351,4.45976049833469e-22,4.61085984656185e-20
"ENSG00000162438.12",3.66138462918538,-1.10426933484926,0.189303079521391,-5.83334057555295,5.43285155430738e-09,6.5850153485017e-08
"ENSG00000162490.7",337.810785674814,-1.42591867809119,0.250751391696512,-5.68658330645281,1.29606176695578e-08,1.44686863170068e-07
"ENSG00000162494.6",12.7011625536316,-4.00782526576004,0.475875735134495,-8.42199963111657,3.70112231118589e-17,1.87382129968789e-15
"ENSG00000162545.6",1846.76992697701,-1.27049037236082,0.163651793221279,-7.76337580757788,8.26980997326115e-15,2.83823156159108e-13
"ENSG00000162551.14",814.65650691762,-1.05463264859906,0.158315852726494,-6.66157324384336,2.70911725978083e-11,5.18877103921709e-10
"ENSG00000162571.14",3.16842831402618,-1.10925441850341,0.210273436216296,-5.27529505611154,1.3254266078518e-07,1.17507211338601e-06
"ENSG00000162576.17",2832.36738061021,-1.19163257183026,0.176747706473717,-6.74199736791187,1.56223913766998e-11,3.13367678763705e-10
"ENSG00000162594.16",4.14966882987576,-1.23124349169904,0.243810728320613,-5.04999718502931,4.41816575116596e-07,3.47582443592579e-06
"ENSG00000162614.19",213.001276640986,-1.21076116842082,0.147393503606744,-8.21448122741705,2.13083427091802e-16,9.47561742463435e-15
"ENSG00000162621.7",0.602079720302662,-2.03973418763068,0.420239298510983,-4.85374450904042,1.21151802212734e-06,8.54348898778759e-06
"ENSG00000162624.14",6.03032455202185,-1.72156202584185,0.358332154254327,-4.80437495045441,1.55235684018219e-06,1.06784268440338e-05
"ENSG00000162630.6",84.8156681911725,-1.35582683847932,0.241597319991262,-5.61192830503399,2.00084339928036e-08,2.13225166927965e-07
"ENSG00000162643.13",491.374264271814,1.70633162750043,0.230068146297297,7.41663570103917,1.20132788006703e-13,3.44817606017581e-12
"ENSG00000162670.11",6.20901496658366,-2.44128223817171,0.384741282034831,-6.34525680545687,2.22054719342699e-10,3.57853363525446e-09
"ENSG00000162687.19",50.474421585888,-2.61217514205549,0.216913781445706,-12.0424581815209,2.12526830510097e-33,7.36086677471721e-31
"ENSG00000162723.10",262.150920670413,1.481134767265,0.289845235432157,5.11008837201218,3.22008156297748e-07,2.61188582982963e-06
"ENSG00000162753.13",4.49690510908529,-1.03800424472207,0.260158568686076,-3.98989066539104,6.61037592400133e-05,0.000302744291078064
"ENSG00000162763.4",23.7779506345514,-1.92698959788866,0.318416895696107,-6.05178187443846,1.43252355540975e-09,1.95850473716908e-08
"ENSG00000162782.16",25.2498744205337,-1.20579598717552,0.38808129420679,-3.10707061941771,0.00188951255036912,0.0057752552300663
"ENSG00000162804.14",2468.25367544711,-1.00088814620016,0.215558422521523,-4.64323376693955,3.42997890240863e-06,2.17577507847844e-05
"ENSG00000162873.15",393.77977577243,-3.86902318416726,0.273416821780715,-14.1506406188507,1.85063689690888e-45,1.83133739784112e-42
"ENSG00000162878.13",901.405682805383,-1.81002596188123,0.190507730710437,-9.50106305466615,2.07758405807867e-21,1.97593932773148e-19
"ENSG00000162896.6",61.883972907176,-2.34873665203752,0.265196802721575,-8.85657982273417,8.25068125395854e-19,5.50425063044983e-17
"ENSG00000162897.16",29.0221066507559,-1.03097864996341,0.368439518474932,-2.79823036961644,0.00513834501449356,0.0137762801891615
"ENSG00000162975.5",42.3415739513345,-3.4314648171124,0.291884074731396,-11.7562591253743,6.5575861336015e-32,1.86675612934757e-29
"ENSG00000162981.14",471.922286057281,-1.40842319583083,0.225328268737011,-6.25053928530668,4.09037827117693e-10,6.26166857114754e-09
"ENSG00000162989.5",4.73694107069922,-1.31405567098114,0.255865717590352,-5.13572386076738,2.81060095019683e-07,2.31544492947633e-06
"ENSG00000162992.4",0.950055489661717,-2.67077908644137,0.516878799500679,-5.16712832683682,2.37718055413289e-07,1.98873547083074e-06
"ENSG00000163012.4",0.550576910757022,-2.36695417176621,0.567753634727724,-4.16898109846768,3.05964358750079e-05,0.00015207475099702
"ENSG00000163032.12",136.414926424079,-1.9516791972156,0.284235692054038,-6.8664114035494,6.58370316691118e-12,1.42148243751388e-10
"ENSG00000163046.15",1.456511606114,-3.03702933826881,0.425700673781981,-7.13418964383458,9.73590221222418e-13,2.42737593128051e-11
"ENSG00000163053.11",89.8791631644653,-1.28119039982876,0.129099653903246,-9.9240420953332,3.2722955761452e-23,3.96510637713547e-21
"ENSG00000163075.13",5.96455957536465,-1.83154434858871,0.274714604703655,-6.66708037078869,2.60942214320527e-11,5.01631836798785e-10
"ENSG00000163083.6",427.115649093059,-1.36595425616931,0.153295439982738,-8.91059940415141,5.0757398430646e-19,3.47541844081468e-17
"ENSG00000163092.21",21.9500130897036,-3.14050038042864,0.327524504383787,-9.5885966954969,8.92911542994402e-22,8.92095902642628e-20
"ENSG00000163121.10",53.7959291587657,-1.43824410542799,0.190407016541726,-7.55352471537102,4.23634076100309e-14,1.29750032946802e-12
"ENSG00000163145.13",21.5468969296226,-1.37325545884367,0.203844239925054,-6.73678814446053,1.61926006389568e-11,3.24176540306084e-10
"ENSG00000163202.5",97.9678484974608,-1.64772812450903,0.723679115433172,-2.2768767114728,0.0227935889468005,0.0492256245158183
"ENSG00000163216.7",214.196923870118,-1.42755391982386,0.390889373518339,-3.65206633010934,0.000260138667409284,0.00101491441799161
"ENSG00000163217.2",0.681287233919202,-1.51608732345478,0.318565446398487,-4.75910787122321,1.94450499775076e-06,1.30984630010562e-05
"ENSG00000163219.12",964.078558548541,-1.01783096409483,0.154402676761786,-6.59205517314413,4.3377931884058e-11,7.99146101491674e-10
"ENSG00000163235.16",1018.3746151348,-3.51563748165486,0.231774917972615,-15.1683258585825,5.73202730121699e-52,1.03580225518774e-48
"ENSG00000163283.7",0.668787778548878,-1.08619818254815,0.358822597606482,-3.02711754999159,0.00246897924590503,0.00729270950311312
"ENSG00000163285.8",1.92878307945744,-2.01782128617083,0.383081083693022,-5.26734775499328,1.3840886278923e-07,1.22160738060013e-06
"ENSG00000163288.14",7.33713561801139,-1.79726454632869,0.308644479892788,-5.82308987658874,5.77694675128765e-09,6.95946263411645e-08
"ENSG00000163297.17",1990.76690061086,-1.55698737632264,0.146909814264283,-10.5982529766303,3.0359848756359e-26,5.06753427313972e-24
"ENSG00000163359.16",30089.7856378423,-1.14745759232287,0.164382096377802,-6.98042924142817,2.94279548708793e-12,6.78074993242765e-11
"ENSG00000163362.11",167.481135386487,-1.47780125201402,0.274225596942506,-5.38899821348135,7.08515101464549e-08,6.68345543510431e-07
"ENSG00000163376.11",148.396728565357,-1.24325067548855,0.158417892553931,-7.84791828401143,4.22999666192772e-15,1.53008808758085e-13
"ENSG00000163377.16",1.78227412840032,-2.2859428503874,0.352325047893973,-6.48816444942432,8.68884136853459e-11,1.51420489148112e-09
"ENSG00000163380.16",33.1732771816546,-1.13060750201389,0.156930344338303,-7.20451807316868,5.82494967630053e-13,1.51027173079478e-11
"ENSG00000163394.6",1.13580549360225,-2.38239184569542,0.466120353754046,-5.11110880807517,3.20273444359961e-07,2.59984470595482e-06
"ENSG00000163395.17",41.0352332972074,-1.87635850439114,0.256362721980719,-7.31915502337452,2.49537195233782e-13,6.85024102265948e-12
"ENSG00000163440.12",0.702984498580466,-2.48386191715205,0.582262281190939,-4.26588154065491,1.99114414438056e-05,0.000103691182719891
"ENSG00000163485.17",284.640463541321,-1.04972150091642,0.188546495464804,-5.5674410618381,2.58507472379814e-08,2.68871060236482e-07
"ENSG00000163518.11",12.9663072567024,-2.07407252397024,0.421755519774234,-4.91771281400298,8.75612429991213e-07,6.40256928488649e-06
"ENSG00000163519.14",102.846631123951,-1.36688117758651,0.244601563498845,-5.58819476880803,2.29442226344754e-08,2.41480825812628e-07
"ENSG00000163530.4",1.13217116293959,-1.450905568709,0.45797445995406,-3.16809275533519,0.00153442556494534,0.0048185716154332
"ENSG00000163531.15",791.721395918908,-1.14185699945777,0.202633357782492,-5.6350889703138,1.74967982389307e-08,1.89030914584465e-07
"ENSG00000163534.15",80.2988392339642,-1.03181015325208,0.334308785131119,-3.08639856068214,0.00202597060458591,0.00612659176555735
"ENSG00000163568.15",781.143636465016,-1.545923610738,0.232765137333047,-6.6415599365555,3.10380487244962e-11,5.8556667321267e-10
"ENSG00000163581.14",1.43518213219683,-2.0640193251054,0.47245048051866,-4.36875272693023,1.24958153784937e-05,6.84617820670913e-05
"ENSG00000163586.10",4.77033688578236,-2.71335489874825,0.474228016792823,-5.72162504674125,1.05509958376029e-08,1.2057203436966e-07
"ENSG00000163599.17",382.971079695114,-1.01113103198591,0.205562494720661,-4.91884978025752,8.7054244158706e-07,6.3699797459932e-06
"ENSG00000163606.11",93.6381238339338,-1.02718102722355,0.171109735386042,-6.00305426752089,1.93639861088156e-09,2.56589082507634e-08
"ENSG00000163631.17",59.964285802726,-4.87323419472249,0.378298422373891,-12.8819839219579,5.68550344034948e-38,3.19325532415953e-35
"ENSG00000163638.13",1488.4644641922,-2.27992974538838,0.161020180791599,-14.1592795026058,1.6366352073545e-45,1.65906908507482e-42
"ENSG00000163646.12",0.67806129877434,-2.59020477809212,0.553498581956318,-4.67969541843658,2.87301405559278e-06,1.85878284835845e-05
"ENSG00000163687.14",171.774439175331,-1.07092511226849,0.252195319531306,-4.24641152840883,2.17221496123313e-05,0.000111942465243362
"ENSG00000163735.7",72.9521784319596,-1.30143490340626,0.333489892712404,-3.9024718045311,9.52153324851924e-05,0.00041708891744831
"ENSG00000163749.17",10.1515110541798,-1.20523473545134,0.1973175624176,-6.10809661686676,1.00826314532034e-09,1.42004177722142e-08
"ENSG00000163814.8",2171.49610101595,-1.45897847797043,0.247064746531293,-5.9052475047695,3.52117704013491e-09,4.4293934667702e-08
"ENSG00000163825.4",0.783660722838077,-1.364797429181,0.530151090906825,-2.57435559897936,0.0100426997564122,0.0244990125439485
"ENSG00000163873.10",1643.09703022759,-1.63566920370787,0.323506789248907,-5.05605835199143,4.28010423065688e-07,3.37936345050458e-06
"ENSG00000163879.11",372.183245858147,-1.0467630694146,0.221190454280573,-4.73240616472001,2.21873882123413e-06,1.47402849885123e-05
"ENSG00000163909.8",1172.77152598956,-1.54205614265197,0.171439655215957,-8.99474593966892,2.3677921068492e-19,1.69672716456666e-17
"ENSG00000163915.7",3.55394145569743,-2.29992128897715,0.258030348104722,-8.9133751354074,4.95021467634574e-19,3.40067475005424e-17
"ENSG00000164007.11",3.84172847849306,-1.09519824247605,0.364507778462097,-3.00459498312169,0.00265934710274716,0.00778089619749628
"ENSG00000164076.17",29.1969218520468,-2.27658247130698,0.26456948486039,-8.6048565748552,7.64122471772693e-18,4.33858718194217e-16
"ENSG00000164100.9",106.289724250007,-2.61554347161081,0.303791379676887,-8.6096698148338,7.32713098090776e-18,4.17164681956833e-16
"ENSG00000164106.8",496.204293774598,-1.18376075620191,0.31144804616524,-3.80082896899557,0.000144212819572986,0.000602268208108165
"ENSG00000164107.9",70.2303346830131,-2.70589188162567,0.286116641183559,-9.4573033935824,3.15986876062143e-21,2.94462926970735e-19
"ENSG00000164113.11",0.675721565445281,-2.01588767069803,0.627486630942782,-3.21263843927513,0.00131521745559506,0.00420549837586104
"ENSG00000164116.17",416.584585087514,-1.08673556661569,0.130920765189739,-8.3007119996642,1.0348928979489e-16,4.81659783029701e-15
"ENSG00000164122.9",2.31248932680143,-1.48494993012464,0.390980629159673,-3.79801406866683,0.000145860046587766,0.000608474882694039
"ENSG00000164128.7",108.911265113329,-2.36833016099121,0.296997382028707,-7.97424591696332,1.5331400122923e-15,5.90527322773576e-14
"ENSG00000164129.12",12.4015759378399,-3.48966765814599,0.408907112737103,-8.53413293495236,1.41210404877195e-17,7.60231456930824e-16
"ENSG00000164136.17",195.038856373426,-1.04042165451327,0.164970941741572,-6.30669646138708,2.85054085854719e-10,4.4961737822747e-09
"ENSG00000164161.10",19.6034421340563,-1.32639045331065,0.242813636759764,-5.46258633168517,4.69247199167814e-08,4.60842440732814e-07
"ENSG00000164171.11",1466.42315016017,-1.11879520955216,0.163473103339039,-6.84391001761192,7.70603361531967e-12,1.64329486464811e-10
"ENSG00000164175.15",8192.91501102745,1.02797267930204,0.238011295879889,4.3190079508697,1.56732136220661e-05,8.38581494027177e-05
"ENSG00000164176.13",1185.18283401365,-2.47379667119004,0.23303986407466,-10.6153369124756,2.52880498000094e-26,4.2379916362419e-24
"ENSG00000164220.7",969.943641951787,-2.62363660135542,0.258907292919127,-10.1334982563622,3.92355839264869e-24,5.29451084140471e-22
"ENSG00000164251.5",179.579595208754,-1.27416086743229,0.18774377327326,-6.78670107251846,1.14726571889815e-11,2.35819276997254e-10
"ENSG00000164256.11",3.57611769356608,-3.63958994495467,0.441952748853694,-8.23524676426335,1.7918790021974e-16,8.04255670511107e-15
"ENSG00000164265.9",2.72815992885673,-2.33198769878665,0.426252024976769,-5.47091289223492,4.47723329144688e-08,4.4168708772636e-07
"ENSG00000164270.18",1.52171426593448,-1.33098955694883,0.267042401517333,-4.98418808918044,6.22225301316889e-07,4.72259458972471e-06
"ENSG00000164283.13",605.101144389957,-2.05590714185359,0.191674232904175,-10.7260486227244,7.68108356325873e-27,1.35847317045174e-24
"ENSG00000164303.11",22.6604204088387,-1.57749423170163,0.23536178333786,-6.70242300737986,2.0499159119256e-11,4.02069868482548e-10
"ENSG00000164318.18",547.847674789668,-1.93773316305281,0.162785229413392,-11.9036178530176,1.13325416089518e-32,3.46325804670041e-30
"ENSG00000164330.17",368.94660330377,-1.23154501656083,0.123948129160922,-9.93597099768982,2.9033335810656e-23,3.54906912636024e-21
"ENSG00000164362.21",95.4914823397225,-1.13121554277361,0.191212327637008,-5.91601784651183,3.29829438813768e-09,4.17683459353377e-08
"ENSG00000164438.6",10.0996779460808,-1.52848078856336,0.404373148345861,-3.77987706358794,0.000156905811165242,0.000648565895032904
"ENSG00000164483.17",53.078376249847,-1.22727009685643,0.210944819670859,-5.81796746073861,5.95674935663211e-09,7.15326254725062e-08
"ENSG00000164484.12",246.799601970598,-2.13276625266404,0.18197258241362,-11.7202615051992,1.00361715128805e-31,2.81840108390769e-29
"ENSG00000164485.15",6.4899402398821,-1.78418968687206,0.317941632020073,-5.61168940203283,2.00360826618265e-08,2.13413548844396e-07
"ENSG00000164509.15",71.0787772717009,-3.28738020601306,0.254973230214915,-12.8930405879949,4.9262539772543e-38,2.80472558633758e-35
"ENSG00000164512.18",19.7654840731945,-1.3357437927378,0.174162922524766,-7.66950722561433,1.72658377002736e-14,5.61944202426602e-13
"ENSG00000164532.11",14.4746443300288,-1.95521840947503,0.459080187668529,-4.25899104773992,2.05351693409624e-05,0.000106565452384702
"ENSG00000164588.8",216.547781730415,-1.11692333609612,0.301969710608798,-3.6987926167969,0.000216627506412425,0.000862980199512434
"ENSG00000164616.16",23.5078259232389,-6.54637612477713,0.533902731210669,-12.2613647432233,1.46019718266017e-34,5.67184255193664e-32
"ENSG00000164619.10",130.539569306884,-2.68737519351617,0.229498200317652,-11.7097876575787,1.13563672170227e-31,3.14662222849264e-29
"ENSG00000164626.9",540.865655846865,-2.05513580919297,0.154516669377642,-13.3004148838478,2.30187489847966e-40,1.54307297630019e-37
"ENSG00000164627.18",434.532550085462,1.03002381470193,0.16335338471385,6.30549416840211,2.87275820612702e-10,4.52606431247352e-09
"ENSG00000164690.8",8.65844637500914,-1.54917327536599,0.309682262908229,-5.00246046001373,5.6603194124545e-07,4.34535476609592e-06
"ENSG00000164692.18",101780.522328188,-1.13142673423348,0.176759863141906,-6.40092560676601,1.54437812775162e-10,2.57780898576758e-09
"ENSG00000164694.17",933.130442830801,-1.04124993976508,0.204107380144688,-5.10148108817504,3.37005701533161e-07,2.72237725308479e-06
"ENSG00000164749.13",59.7018920294996,-2.34233418858952,0.293283928042809,-7.98657534431149,1.38738983827191e-15,5.38903705217357e-14
"ENSG00000164756.12",99.1652548921912,-2.16393395667501,0.356439646570585,-6.07096875304101,1.27140927542878e-09,1.75206605787039e-08
"ENSG00000164761.9",204.599463245502,-1.67076855874271,0.202120607113556,-8.26619602326858,1.38301080051549e-16,6.32350878889161e-15
"ENSG00000164764.11",139.424996547384,-2.11795993366442,0.170345449147254,-12.4333226644262,1.72320008590387e-35,7.23430726973098e-33
"ENSG00000164796.18",60.7303598288102,-2.83315023389319,0.347382768050798,-8.15570170561512,3.47158313903542e-16,1.49209863934426e-14
"ENSG00000164879.7",12.3195032056737,-1.6870467454563,0.210927350199016,-7.9982360934441,1.26214192303202e-15,4.97224100521867e-14
"ENSG00000164900.4",3.23232371091914,-1.40255752563846,0.289038641702519,-4.85249140868154,1.21920067172353e-06,8.58854547765653e-06
"ENSG00000164920.9",110.711224045388,-1.05153987221151,0.170422852336519,-6.17018115701484,6.82117947411147e-10,1.00177336149477e-08
"ENSG00000164935.6",506.790246810976,-4.30866286537354,0.25684282117998,-16.7754848883017,3.68835987182296e-63,1.70328458880784e-59
"ENSG00000164946.20",963.736749492597,-1.64984792379539,0.277142093398323,-5.95307592421245,2.63149142367265e-09,3.39658529660506e-08
"ENSG00000164949.8",1419.60852257216,-2.21365126584341,0.159794876759618,-13.8530803410765,1.21871609948195e-43,1.03371996993202e-40
"ENSG00000164989.17",362.515802746488,1.01944466079733,0.16299016151583,6.25463924519345,3.98435833125636e-10,6.11739567653036e-09
"ENSG00000165023.7",12.8110807975057,-1.900777375538,0.262299581249779,-7.24658943975955,4.27396986879673e-13,1.13525474747874e-11
"ENSG00000165061.15",4.53045382152895,-2.93905999452131,0.359198976923084,-8.18226159689385,2.78565491025481e-16,1.21292207885022e-14
"ENSG00000165066.13",1.8353672877108,-2.1244322961157,0.370941190527331,-5.72714044804677,1.02137607599356e-08,1.17007807250398e-07
"ENSG00000165078.13",3.83707399063683,-1.58580863631928,0.239447042669641,-6.62279483028396,3.52470094400812e-11,6.56627613782453e-10
"ENSG00000165084.16",4.8710858902053,-1.36942473296979,0.214142145804621,-6.39493327118907,1.60617483112267e-10,2.66916586689806e-09
"ENSG00000165091.18",12.0490220455488,-1.41492493221768,0.170903682327477,-8.27907809210612,1.24132516563327e-16,5.7197291057705e-15
"ENSG00000165124.18",520.182125915519,-1.12945408725367,0.17459807906857,-6.468880375311,9.87317158509221e-11,1.70978648924834e-09
"ENSG00000165125.22",16.2835906020885,-1.3290117885153,0.250863759330305,-5.29774325340246,1.17242660347387e-07,1.05199469977506e-06
"ENSG00000165164.14",10.7952888201714,-1.40281576375499,0.351909447694308,-3.9862975346248,6.71123444546005e-05,0.000306788743975155
"ENSG00000165186.12",21.9521520950792,-2.18686074588119,0.309352701858482,-7.0691503023678,1.55885235951294e-12,3.75337987091858e-11
"ENSG00000165194.15",35.3530581398558,-1.36411253865695,0.185946675400496,-7.336041559866,2.20003729868048e-13,6.09586334718386e-12
"ENSG00000165202.3",1.12190785660401,-1.52489180929914,0.371058409632804,-4.10957350571345,3.96390527624472e-05,0.000191634094557733
"ENSG00000165215.6",27.2319054130051,-2.36767653821515,0.284971085067756,-8.30847992052317,9.69357755684962e-17,4.52679180244701e-15
"ENSG00000165246.14",167.579659362246,-1.34747441009129,0.355609489361789,-3.78919699952213,0.000151135029011787,0.000627143977215245
"ENSG00000165300.7",199.077716131517,-1.81004280167139,0.281315166354,-6.43421691453947,1.24111512768076e-10,2.1011497733877e-09
"ENSG00000165323.15",83.9249569617001,-4.3532236438802,0.264153145085717,-16.4799235779214,5.11494737016491e-61,1.93261311453449e-57
"ENSG00000165325.14",2.07753158410012,-2.36751578886561,0.293382742120048,-8.06971729747096,7.04611252214831e-16,2.88522688320717e-14
"ENSG00000165349.12",8.95023930712835,-2.82998035079431,0.326021890651264,-8.68033844335153,3.94592859432984e-18,2.33286890807307e-16
"ENSG00000165376.11",11.1019356663166,-1.99873276184133,0.246747186860234,-8.10032644049344,5.48119092797986e-16,2.2964642877893e-14
"ENSG00000165379.13",124.690878660423,-2.31418953492032,0.261907770036341,-8.83589492056387,9.9300085186988e-19,6.499386048097e-17
"ENSG00000165409.18",27.1772757305803,-1.31646013683559,0.199745846060916,-6.59067591540355,4.37828677682559e-11,8.0517856202843e-10
"ENSG00000165449.11",56.8362506644698,-2.07213544205847,0.267683460464791,-7.74099168645132,9.86443495917145e-15,3.35503801778301e-13
"ENSG00000165462.5",1.84735524219075,-1.60956725138486,0.409783365220581,-3.9278491710332,8.57089326093681e-05,0.000380539969779998
"ENSG00000165478.7",10.6432232844113,-1.90038673531854,0.329633744895697,-5.76514621074328,8.15870794226336e-09,9.53041651198285e-08
"ENSG00000165495.16",2529.37576681659,1.18922069038911,0.167967030037775,7.08008405055238,1.44067055585432e-12,3.48528228419191e-11
"ENSG00000165509.13",5.39641323708595,-1.25784515710816,0.433891124628103,-2.8989879850303,0.00374369239949725,0.0104658198364098
"ENSG00000165548.11",55.429621273366,-1.11318979683842,0.227728185856998,-4.88823898828865,1.01741974781929e-06,7.30833037657541e-06
"ENSG00000165583.15",7.88684140512378,1.08467524053729,0.379247779900255,2.8600701125332,0.0042354735660941,0.0116371225196009
"ENSG00000165588.18",0.564270187755362,-1.80753353440376,0.582612849079361,-3.10246081469024,0.00191918954027207,0.00585177929275925
"ENSG00000165621.8",7.29825453001736,-2.46404740870919,0.293038078520024,-8.40862532662566,4.14843986402293e-17,2.06983742651286e-15
"ENSG00000165633.13",512.999399945845,-1.50789808924437,0.156941601711655,-9.60802026230615,7.39572420863117e-22,7.4788586267428e-20
"ENSG00000165643.11",9.45309525664636,-2.10401139099912,0.350790888245465,-5.99790776072509,1.99875992446854e-09,2.63554758822213e-08
"ENSG00000165682.14",6.2523863067121,-1.05663361916927,0.224916161045223,-4.69789993862119,2.62850140628543e-06,1.71392807417689e-05
"ENSG00000165694.10",7.16386924539658,-1.18553348132404,0.290780670914225,-4.07707113955227,4.56065425226599e-05,0.000217199395018539
"ENSG00000165757.9",1031.75110142864,-1.1049818476782,0.136504756707063,-8.09482302546772,5.73476656670262e-16,2.38826020085465e-14
"ENSG00000165810.17",187.002243361806,-1.04283850634741,0.16742894856591,-6.22854360180661,4.70791072114167e-10,7.14124764204708e-09
"ENSG00000165816.13",64.6105046177279,-1.56107190968043,0.205989194868513,-7.57841648284947,3.49797959838059e-14,1.08333105862812e-12
"ENSG00000165828.15",0.898895983610185,-1.03467508871288,0.245286254525697,-4.2182351013252,2.46222016784179e-05,0.000125471793300442
"ENSG00000165899.11",104.308285274745,-3.17938951060989,0.25135575160911,-12.6489626366468,1.13361713786519e-36,5.4785343585992e-34
"ENSG00000165905.18",96.6185039199366,-1.1899570444275,0.246391466255022,-4.82953838667394,1.36849931624855e-06,9.5240402849836e-06
"ENSG00000165929.13",492.444420897667,-1.29956973622525,0.19546662955418,-6.6485503903623,2.95993647806506e-11,5.6173917763169e-10
"ENSG00000165935.9",6.54989860918931,-1.56232514973665,0.235066518431343,-6.64631084070343,3.00530241801972e-11,5.69049563087634e-10
"ENSG00000165953.10",23.9680807953161,1.89018452454476,0.37478251614341,5.04341703021568,4.57291102968893e-07,3.58399638347975e-06
"ENSG00000165966.16",21.4780587469978,-2.27901614683632,0.285266918723723,-7.98906566885702,1.3596525934006e-15,5.28623770691447e-14
"ENSG00000165995.22",49.6054382062368,-1.26470160258941,0.143106199392231,-8.83750395133524,9.7880780526933e-19,6.41659463763468e-17
"ENSG00000166006.14",10.6528795910418,-2.29118358355773,0.511958413765407,-4.47533143699365,7.62928696066759e-06,4.42304958375319e-05
"ENSG00000166049.11",29.6061660257302,-1.54596533031692,0.632789934684634,-2.44309405946445,0.0145619414769357,0.0336815299496022
"ENSG00000166086.13",1181.96842224279,-1.04285866561057,0.172232218981461,-6.05495691675914,1.40455250958189e-09,1.92342706435725e-08
"ENSG00000166105.16",73.796157745617,-1.77209031892574,0.28430906793872,-6.23297150447447,4.57669447897958e-10,6.95490222798352e-09
"ENSG00000166106.3",267.835426036134,-1.03054051157569,0.181782015699348,-5.66910047515435,1.43549170549983e-08,1.58675282616978e-07
"ENSG00000166126.11",28.5000894389182,-1.52521734326296,0.201515419255314,-7.56873766235502,3.76868337086714e-14,1.16369998707266e-12
"ENSG00000166147.14",5427.72026934755,-1.07439426746344,0.159042014522808,-6.75541158534158,1.42430342674535e-11,2.87922660614739e-10
"ENSG00000166159.11",4.31399757799888,-2.59185061946946,0.309748756274189,-8.36759007734371,5.88085645548494e-17,2.87553124709253e-15
"ENSG00000166211.8",6.48905582692874,-1.19555827211021,0.314020623578412,-3.8072603591645,0.000140514790648756,0.0005890646882911
"ENSG00000166250.12",1010.53824474692,-2.36900950175716,0.18841467053333,-12.5733813351763,2.95796767641411e-36,1.38133766929352e-33
"ENSG00000166268.11",2.685533083726,-1.33810796496619,0.248135369925766,-5.39265307225856,6.94249133834465e-08,6.56079638481766e-07
"ENSG00000166292.12",153.883709168676,-4.24169034441047,0.25856704708336,-16.4046052745576,1.77275171622703e-60,6.13992556915232e-57
"ENSG00000166342.19",27.3420923380621,-2.13224418408486,0.266894305279012,-7.98909584022709,1.3593199161318e-15,5.28623770691447e-14
"ENSG00000166394.15",1292.8271465607,-1.06879664544631,0.191270568301297,-5.58787823416043,2.29860719761934e-08,2.4186003125938e-07
"ENSG00000166396.13",90.2235076939445,-1.40897958330162,0.355672162418444,-3.96145589163083,7.44941447667968e-05,0.000336815541453058
"ENSG00000166405.15",81.2590973170349,-1.39495257875516,0.256896386571193,-5.43002024035313,5.63476609406158e-08,5.4362151439505e-07
"ENSG00000166407.14",31.0623877446254,-2.05638385477135,0.317702254807336,-6.47267629881446,9.62820769970823e-11,1.67014844914555e-09
"ENSG00000166426.8",108.031328398147,-3.94844466105043,0.400806741229639,-9.85124314261022,6.77013467449995e-23,7.88180216643045e-21
"ENSG00000166448.15",31.2023022207205,-1.58374530165564,0.207511028460991,-7.6321018376783,2.30956874984085e-14,7.36121904761391e-13
"ENSG00000166535.20",181.148202148662,1.03255915252458,0.315027497645831,3.27767944144809,0.00104664182061909,0.00344422227621304
"ENSG00000166558.11",62.1134899950487,1.80293223461306,0.426462997829525,4.22764048414293,2.36154728051551e-05,0.000120830515908883
"ENSG00000166573.6",2.56741478121729,-1.89500396451334,0.321912346711297,-5.88670793112776,3.93964021678178e-09,4.90678234012239e-08
"ENSG00000166582.10",262.687332649532,-1.16012164618394,0.158839456999722,-7.3037371702043,2.79882851692794e-13,7.61288683380623e-12
"ENSG00000166592.12",81.9619906093086,-1.77576380486258,0.201363391447711,-8.81870230778119,1.15793839664541e-18,7.43836717795621e-17
"ENSG00000166707.12",58.4599103723534,-1.26838284508579,0.141657678956602,-8.95385872780235,3.43268058079898e-19,2.4181198355791e-17
"ENSG00000166736.11",14.0257814472414,-1.4365571851082,0.34217376575252,-4.19832649048613,2.68894764632923e-05,0.000135595780243552
"ENSG00000166743.9",4.42665988102723,-1.05950092090396,0.244650786316047,-4.33066632181293,1.48658809667061e-05,7.99192529735144e-05
"ENSG00000166780.11",938.25664273981,-1.31705313880973,0.168728359178693,-7.80576036666663,5.91438655329391e-15,2.07964241901862e-13
"ENSG00000166819.12",57.3248391924523,-1.46715882678463,0.246362952462364,-5.95527376222999,2.59636841109775e-09,3.35437562642352e-08
"ENSG00000166825.15",2045.52344918334,-1.61486163773651,0.188933512516795,-8.54724826858317,1.2605784051937e-17,6.87561150612344e-16
"ENSG00000166840.13",7.38868195601353,-1.58672791630973,0.233329976617951,-6.80036032793079,1.04357803830546e-11,2.16974439359937e-10
"ENSG00000166863.13",2.72001279555197,-2.02187890614049,0.266672198687454,-7.58188861115659,3.40560613519546e-14,1.05787595060533e-12
"ENSG00000166869.3",8.16683721227983,1.73777894044795,0.473687694094417,3.66861745009059,0.000243865658665237,0.000958625225143722
"ENSG00000166922.8",69.4680043628964,-1.1699878413067,0.145209825267322,-8.05722229300135,7.80476432229739e-16,3.17088577481255e-14
"ENSG00000166924.9",95.2446336871536,-1.26253318512697,0.190336564242428,-6.63316157960543,3.28571783894025e-11,6.16250021760084e-10
"ENSG00000166959.8",14.222756854724,-1.59044440696167,0.382672500856746,-4.15615024178874,3.2365503051009e-05,0.000159854431111829
"ENSG00000166960.16",6.9908714393263,-1.51444333170826,0.212052350149836,-7.14183705409611,9.20917312462794e-13,2.30157338187484e-11
"ENSG00000166961.15",38.7407944922505,2.61266236493612,0.424260685373425,6.15815335949998,7.35980685363219e-10,1.07066255670515e-08
"ENSG00000166963.13",1472.69086151017,-1.08404855488179,0.134490957819549,-8.06038244099871,7.6056124305654e-16,3.09602804935513e-14
"ENSG00000167077.13",219.044925822584,-1.12065300076822,0.170409456949863,-6.57623714567631,4.82502796611936e-11,8.79166209240916e-10
"ENSG00000167100.15",152.2256794981,-1.32397111116169,0.157448824855494,-8.40889801735154,4.13880775682487e-17,2.06751355756196e-15
"ENSG00000167105.8",22.2952358454523,-1.44855696657864,0.198620532782119,-7.29308770995826,3.02930733539294e-13,8.17558905672736e-12
"ENSG00000167157.11",362.857106964222,-1.63198028489706,0.193251672309914,-8.44484430789237,3.04450944118265e-17,1.55449510312572e-15
"ENSG00000167178.16",111.817098405313,-1.54986487329912,0.18074436211152,-8.5749002358527,9.91727229906892e-18,5.510450150988e-16
"ENSG00000167194.7",0.368395375065183,-1.25715184592038,0.440763089897781,-2.85221670038645,0.00434154925086,0.0118861385919401
"ENSG00000167244.21",49.9329815065612,-2.0484983862329,0.223655816463091,-9.15915543189532,5.23050600011511e-20,4.13756479314453e-18
"ENSG00000167281.19",9.00264759075698,-1.34745792542223,0.201417177252918,-6.68988585680673,2.23344734504295e-11,4.35192398287272e-10
"ENSG00000167291.16",20694.5046919219,1.10006267339277,0.11900712115404,9.24367098981303,2.38182142438104e-20,1.96415202460565e-18
"ENSG00000167355.8",10.0538341225282,-1.64613386378741,0.383873953830534,-4.28821452292155,1.80115097191158e-05,9.48788804747646e-05
"ENSG00000167371.21",137.385834947347,-1.12764852235937,0.158909487543379,-7.09616864160832,1.2826295233004e-12,3.1315951737354e-11
"ENSG00000167414.4",8.44628521628431,-1.29222472745083,0.215291435982573,-6.00221147466094,1.94647949288977e-09,2.57724054423334e-08
"ENSG00000167476.10",113.923828624132,-1.70526660259328,0.251231994437954,-6.78761718390302,1.1400065568085e-11,2.34559170861757e-10
"ENSG00000167531.6",0.548099255058339,-1.84018333789729,0.642110876972142,-2.8658342412367,0.00415911957437271,0.0114614326846624
"ENSG00000167580.8",1.67829511666236,1.14833109186113,0.400989827991531,2.86374120164809,0.00418669922640045,0.011525637848648
"ENSG00000167588.13",101.193300361364,-1.52814195299805,0.219075223226294,-6.97542118407224,3.04955807351251e-12,7.00639760372179e-11
"ENSG00000167601.12",3829.81626977253,-1.76147865962238,0.17531689991997,-10.047397942962,9.43251450389639e-24,1.20998199941649e-21
"ENSG00000167612.13",1.20779153850595,-1.99550475760434,0.328653065813998,-6.07176675094126,1.26510597777816e-09,1.74453665057784e-08
"ENSG00000167614.14",923.182016284711,-1.79926442892109,0.248700235984613,-7.23467117671901,4.66658409200568e-13,1.23301060414457e-11
"ENSG00000167617.3",449.878318924564,-1.23636555720244,0.140832857245841,-8.7789567106787,1.64998016324944e-18,1.02505942518644e-16
"ENSG00000167618.10",23.831126289931,-1.0399665408273,0.220753923393903,-4.71097647932457,2.4653269084066e-06,1.61615010989267e-05
"ENSG00000167676.4",166.246758666831,-1.39091299017018,0.249864372191227,-5.56667194275175,2.59650563983631e-08,2.69992412816805e-07
"ENSG00000167680.17",2197.5672061589,-1.04656226238239,0.175578389650097,-5.96065532021359,2.51228382282388e-09,3.2558634313753e-08
"ENSG00000167723.15",129.477263690966,-1.30355116682348,0.21845504390439,-5.96713696111314,2.41452728208225e-09,3.13896099148897e-08
"ENSG00000167759.13",106.401443936779,1.20989192579977,0.326536451227349,3.7052277663096,0.000211200860790336,0.000844437727385083
"ENSG00000167767.14",414.311458185444,-1.16980509380859,0.272211026583224,-4.29741994103587,1.72797639943811e-05,9.14647925540584e-05
"ENSG00000167771.6",318.335322025017,-1.32066795194224,0.198995710119304,-6.63666543942309,3.20858776995456e-11,6.03690923018794e-10
"ENSG00000167779.9",816.400593619307,-1.65696010494235,0.169425578889202,-9.77986981544233,1.37387144696026e-22,1.53496895372479e-20
"ENSG00000167800.9",2.08094079481008,-1.171825765236,0.291155220813054,-4.02474584506389,5.70368813112129e-05,0.000265490744882588
"ENSG00000167858.13",2.58203871963319,-2.37123725215943,0.303483258320019,-7.81340382756465,5.56638905172156e-15,1.96726413067731e-13
"ENSG00000167861.16",331.596467644922,-1.32419455686712,0.145829403614909,-9.08043593433265,1.08140848247042e-19,8.18679405253836e-18
"ENSG00000167874.7",130.329250958104,-1.01077778750575,0.127262638399042,-7.94245506946338,1.98218167233079e-15,7.50988465500568e-14
"ENSG00000167889.13",1994.2330521286,1.54931773020155,0.207796122651318,7.45595110454159,8.92218315117252e-14,2.60592955818013e-12
"ENSG00000167910.4",14.7980730619605,1.08315523514943,0.211669306313686,5.1172050119739,3.10096508475642e-07,2.52364031432634e-06
"ENSG00000167941.3",2.63515752599935,-1.33676965835694,0.411279739910293,-3.25026868245081,0.00115296022149831,0.00374779702220496
"ENSG00000167995.17",2355.81907650289,1.32284638205986,0.140011856233077,9.44810259395262,3.45028078248342e-21,3.19377661206182e-19
"ENSG00000168004.10",81.2430949734435,-1.92867810593851,0.28237807128066,-6.83012706047406,8.48394561751216e-12,1.78808188516755e-10
"ENSG00000168032.10",37.9331314223144,-1.33493360525066,0.237243100192491,-5.62685955531494,1.83520026267413e-08,1.97193881378651e-07
"ENSG00000168077.14",634.977374604423,-1.59557827742651,0.177933946811746,-8.96725052198517,3.04008092805543e-19,2.15250159338739e-17
"ENSG00000168081.9",47.8555232805636,-1.65752546144839,0.264967198734013,-6.25558736842857,3.9602256021229e-10,6.0829321608629e-09
"ENSG00000168122.4",0.624841464539684,-2.18042583649921,0.766943229267313,-2.84300813057864,0.00446899303522824,0.0121932835639832
"ENSG00000168229.4",22.7553323044575,-1.10792711237197,0.16152579290816,-6.85913433653232,6.92790686947051e-12,1.48881936560979e-10
"ENSG00000168267.7",1.13445393050625,-1.66269394432154,0.532945799720521,-3.1198180850538,0.0018096276065007,0.00556053102035946
"ENSG00000168280.18",500.73287015438,-1.09401514076015,0.218066001873512,-5.0168991560396,5.251211264338e-07,4.06501848702581e-06
"ENSG00000168306.13",222.607669424321,-1.43218359847232,0.201242646508333,-7.11670027860133,1.10541505967499e-12,2.72816133615726e-11
"ENSG00000168333.14",1.42180152051565,-1.69688026958915,0.603802979181718,-2.81032112807523,0.00494920909752167,0.0133354313459446
"ENSG00000168356.13",25.2180604802351,-1.05601800849797,0.18902318984286,-5.58671139438426,2.31409818635787e-08,2.43305208250457e-07
"ENSG00000168386.18",719.503372107863,-1.08252536288794,0.143794675716637,-7.52827152669534,5.14163869228526e-14,1.55462245224323e-12
"ENSG00000168398.7",253.561800513333,-1.27538551896211,0.16893369234076,-7.54962199245311,4.36523341766658e-14,1.33304798901586e-12
"ENSG00000168405.17",211.010376042064,-1.13190576018774,0.140914303961066,-8.03258241619302,9.54420811647921e-16,3.82892256503001e-14
"ENSG00000168412.6",0.332491583963393,-1.07956895517185,0.430336403332721,-2.50866286656481,0.0121189086595764,0.0287801883103754
"ENSG00000168421.13",407.086045465402,-1.1672845564515,0.217170014930143,-5.37498032049672,7.65910469628138e-08,7.1727739834801e-07
"ENSG00000168454.12",3.38641173414965,-1.38341728212684,0.186222999070161,-7.42882076346342,1.0957009766097e-13,3.16466462750884e-12
"ENSG00000168461.13",2898.20045338212,-1.12563286173657,0.123735069334771,-9.09712070949844,9.27582384179558e-20,7.08679761971889e-18
"ENSG00000168481.9",2404.18796016737,1.47576356727512,0.275923219225868,5.3484573404715,8.87070784380729e-08,8.18389255059531e-07
"ENSG00000168497.5",244.230215018284,-1.2470545817269,0.168502460377097,-7.4008093349858,1.35356964374603e-13,3.85058600502208e-12
"ENSG00000168509.20",2.60691266980575,-1.77987648205946,0.273007595567164,-6.51951268374723,7.05361751338710e-11,1.24803086884374e-09
"ENSG00000168530.16",0.857765281345288,-1.41998298831088,0.532139042844387,-2.66844353445821,0.00762035863089763,0.0193460250706064
"ENSG00000168546.11",210.302875556399,-1.8889407051611,0.221186956070369,-8.5400185378027,1.3420030469206e-17,7.2735829865791e-16
"ENSG00000168594.15",1.81586880560101,-1.2480016220077,0.337967168826802,-3.69267117377091,0.000221910877865236,0.000881408630144777
"ENSG00000168621.15",622.971936635559,-2.79123611203825,0.261806166700967,-10.6614605271173,1.54157296323978e-26,2.65854172191584e-24
"ENSG00000168634.5",0.568719886179556,-1.34730687452925,0.340581958032264,-3.95589620282124,7.62482641153028e-05,0.00034404845870809
"ENSG00000168658.19",6.81263244806853,-1.85462728176369,0.222828493042689,-8.32311548868385,8.56808908479347e-17,4.03749340750778e-15
"ENSG00000168685.15",1029.27160392858,-1.54347446654077,0.208211090547754,-7.41302714701824,1.23448603755177e-13,3.53115682675339e-12
"ENSG00000168702.18",61.8348085956477,-4.59636658454133,0.32407678501241,-14.1829553893079,1.16821177821234e-45,1.21383044815153e-42
"ENSG00000168772.11",91.6304440240699,-1.06955901212172,0.22991245275163,-4.65202732310087,3.2868751461979e-06,2.09394703902938e-05
"ENSG00000168785.8",1278.04003805713,-1.29875147219419,0.190097997139691,-6.83201028804015,8.37328433907966e-12,1.76655047563873e-10
"ENSG00000168811.7",21.7457060785527,-1.87616439502683,0.181449388623877,-10.3398771925096,4.65133210626283e-25,6.9790131769132e-23
"ENSG00000168824.14",12572.0703370934,1.47281162959879,0.218733019961803,6.73337582892599,1.65771136799478e-11,3.31239422483649e-10
"ENSG00000168843.14",647.44865502781,1.06828538581799,0.309439414266431,3.45232487060678,0.00055577812813763,0.00197615284127437
"ENSG00000168878.19",19.5575519144611,-1.75779026252984,0.321778270215985,-5.46273762162366,4.68847319165293e-08,4.60558550677095e-07
"ENSG00000168907.13",42.6540813516162,1.28745453643582,0.396327631998931,3.24846019426497,0.00116031442343616,0.00376875492863815
"ENSG00000168917.9",262.645297949708,-1.00788495675349,0.175366698381733,-5.74729960736074,9.06799696742329e-09,1.04835630030611e-07
"ENSG00000168955.4",2.5739035217248,-1.10272847247069,0.250130711534432,-4.40860886576454,1.04036720873805e-05,5.81648398299313e-05
"ENSG00000169031.20",61.2364339695565,-1.3931172926441,0.217802367455341,-6.39624494866772,1.59244474843102e-10,2.65271297131422e-09
"ENSG00000169035.12",102.825985521315,1.927951928598,0.501987534850889,3.84063705719442,0.00012271543497732,0.000522304035691489
"ENSG00000169059.12",15.6293800285467,-2.46525029354159,0.467876365720197,-5.26902078019449,1.37153439155725e-07,1.21181361356085e-06
"ENSG00000169064.13",6.07229599420751,-1.44628268754768,0.308862560272109,-4.68260926890426,2.83246111227647e-06,1.83483087201425e-05
"ENSG00000169071.15",333.383420250607,-1.39963689354663,0.176285785671482,-7.93959018428706,2.02850354940653e-15,7.65746271756895e-14
"ENSG00000169075.7",1.99778001074476,-1.92670171345483,0.306839627280299,-6.27918150772223,3.40360057852036e-10,5.3120708691124e-09
"ENSG00000169116.11",733.777597625574,-1.47315904347077,0.169363172991297,-8.69822534292313,3.37114594094357e-18,2.01889866855182e-16
"ENSG00000169126.16",20.5100028443525,-4.3923238461585,0.332711752466882,-13.201589104057,8.59035412999794e-40,5.40958027804507e-37
"ENSG00000169129.15",3165.99353351872,-1.01617195048019,0.176322050765756,-5.76315864106059,8.25541301132099e-09,9.62535663280062e-08
"ENSG00000169271.3",6.69660534425525,-2.44096112676369,0.478950211541146,-5.09648198903446,3.46023467210985e-07,2.7918206350541e-06
"ENSG00000169297.8",117.499757867145,-1.40092351734673,0.347400129468661,-4.03259353843478,5.51646462896092e-05,0.000257597460587343
"ENSG00000169302.16",4528.99591112796,1.18591214924772,0.177744138579137,6.67201832211035,2.52309059135209e-11,4.87063126603694e-10
"ENSG00000169306.10",86.7879012463086,-1.32060614611053,0.313398398385284,-4.21382544682635,2.51081360135982e-05,0.000127603857788844
"ENSG00000169314.15",7.63101691970736,-1.00259354014394,0.185575486646364,-5.40261840754053,6.56750761808361e-08,6.23620634276424e-07
"ENSG00000169393.9",22.1857701897396,4.05216743135166,0.485013895117583,8.35474503337535,6.5574194252022e-17,3.18015713127484e-15
"ENSG00000169427.8",57.5145826177573,-1.61494806700526,0.25273358037591,-6.38992279776682,1.6596952687799e-10,2.75150597371481e-09
"ENSG00000169435.14",25.4081181468016,-1.55456379875459,0.253275262646094,-6.1378430033525,8.3649467945405e-10,1.19925463495927e-08
"ENSG00000169436.17",4045.36634330157,-2.30240351514187,0.272557813559961,-8.44739501344494,2.97874523951695e-17,1.5240919697586e-15
"ENSG00000169442.9",1093.13874943255,-1.08657172536896,0.205623966572187,-5.28426595149603,1.26209789510529e-07,1.1234806750132e-06
"ENSG00000169469.9",1057.01849173273,-1.43171641068106,0.583265710928665,-2.45465554352836,0.0141019641981972,0.0327799684566818
"ENSG00000169507.9",90.5857174465328,-1.09263924447028,0.27604116583695,-3.95824746340795,7.55017119906738e-05,0.000340976002798695
"ENSG00000169508.7",419.997750453305,-1.27382630997304,0.172709740514961,-7.37553253322556,1.63689420297482e-13,4.6030173791637e-12
"ENSG00000169550.14",245.646779957038,-1.17303558138322,0.451995036072917,-2.5952399645247,0.00945248987805214,0.0232643088951029
"ENSG00000169551.13",42.1246712919921,-1.69992664598501,0.484827463577688,-3.50625072565142,0.000454466901990225,0.00165474161030589
"ENSG00000169575.5",0.407160948842596,-1.31152324859319,0.45378343255059,-2.89019641202299,0.00385001196641668,0.0107233747050134
"ENSG00000169594.13",120.223404102496,-1.2756434995122,0.307101032938851,-4.1538235391289,3.26965356780914e-05,0.000161259453643388
"ENSG00000169668.11",1.64137888140467,-1.74784238529829,0.316833736644625,-5.51659177399644,3.45637032241756e-08,3.490976022851e-07
"ENSG00000169704.5",0.559947327900387,-1.17651909537107,0.425621867733888,-2.76423554465173,0.00570563359040633,0.0150860451227475
"ENSG00000169752.17",13.7856686569848,-1.01892410860027,0.161410346099402,-6.31263195466282,2.7432937628322e-10,4.34680805836187e-09
"ENSG00000169789.10",0.814245764393361,1.11874233235096,0.468411818882203,2.38837340829844,0.0169231374155764,0.0383072510901468
"ENSG00000169836.5",0.885661077497453,-1.85623927688447,0.417666345104364,-4.44431134718466,8.81738384558679e-06,5.02634296694719e-05
"ENSG00000169860.7",434.004492829682,-1.34618616246269,0.15983354019258,-8.42242598669027,3.68767418394295e-17,1.87139333862072e-15
"ENSG00000169877.10",1.10204962670656,-1.38943997541489,0.342175566524211,-4.06060546499185,4.89456213231023e-05,0.000231562653776981
"ENSG00000169891.18",428.132571937639,1.04986789259326,0.128173492188953,8.19099077869827,2.59084442570811e-16,1.13467519516628e-14
"ENSG00000169894.18",28.6221866166344,-1.0280608159915,0.144375162268274,-7.12075955337244,1.07333898577569e-12,2.65063071460542e-11
"ENSG00000169900.8",4.31764417650093,1.03029045238245,0.391723060394153,2.63015011509857,0.00853471723824276,0.0213480932749065
"ENSG00000169903.7",1.96782441834924,-2.41254392530788,0.429834694160348,-5.61272498028718,1.99165008159896e-08,2.12412011012101e-07
"ENSG00000169933.16",32.9339008434538,-2.36777907745517,0.298093360437331,-7.94307888636438,1.97223424423719e-15,7.47901456742575e-14
"ENSG00000169946.14",196.291303889824,-1.32375949736172,0.158820797667939,-8.33492538004642,7.75470838328067e-17,3.69611456222375e-15
"ENSG00000169962.5",85.4054088584195,-1.29980058499197,0.181751769659032,-7.15151542915049,8.58250715316608e-13,2.15532424350386e-11
"ENSG00000170006.12",394.758567426386,-1.06692248249747,0.184192774783324,-5.79242309451364,6.93780977148264e-09,8.23149442541712e-08
"ENSG00000170074.19",5.72610875317308,-1.67575066331101,0.309112779292057,-5.42116268097646,5.92126429669011e-08,5.67965812829528e-07
"ENSG00000170075.9",23.6627000591066,-1.50799083207712,0.272352407701825,-5.53691022892695,3.07854241589113e-08,3.14528957446576e-07
"ENSG00000170099.6",2.80687281940876,-1.27444457591758,0.399570618466175,-3.18953525864781,0.00142501754611612,0.00451353294099056
"ENSG00000170128.5",5.62857187249747,-1.31736928246155,0.268930903492742,-4.89854183863663,9.6550481835967e-07,6.97156206752338e-06
"ENSG00000170162.14",1.51096028083748,-2.47331402914118,0.537423652601585,-4.6021681724804,4.1811537697851e-06,2.59562528722641e-05
"ENSG00000170231.16",22.3671239960309,-1.52119437472147,0.302788919988528,-5.02394332916511,5.06211799486534e-07,3.92888418492237e-06
"ENSG00000170279.3",0.724390989864885,-1.82173420296082,0.533449848080375,-3.41500557084486,0.000637807070662297,0.0022343676222915
"ENSG00000170290.4",8.20169215668111,-2.27362452826121,0.298993308330155,-7.60426559697657,2.86526280794512e-14,8.99441486584705e-13
"ENSG00000170293.9",236.295878403265,-1.00187355393318,0.159247961533468,-6.29128024174193,3.14858321045207e-10,4.92701112171721e-09
"ENSG00000170323.9",277.105423312379,-1.08428770588645,0.2651049250559,-4.09003229818464,4.31313122961321e-05,0.000206690142009898
"ENSG00000170374.6",3.58608721855229,-1.71340071059075,0.225568591802395,-7.59591881520343,3.05616094875561e-14,9.55038807159252e-13
"ENSG00000170396.9",62.3027400014935,-1.78664155956177,0.224074284899868,-7.97343416876316,1.54324833546189e-15,5.93344008496458e-14
"ENSG00000170421.12",997.84982217779,-1.21679067610051,0.212585667777634,-5.72376627653604,1.04188061304673e-08,1.19094175025985e-07
"ENSG00000170426.2",22.0825628481494,1.0073938995751,0.430851053761463,2.33814885859101,0.0193795274100875,0.0429548256836902
"ENSG00000170476.16",1485.085577603,-1.4838599836253,0.27556888406273,-5.38471529059688,7.25594083260258e-08,6.82288264444861e-07
"ENSG00000170482.17",14.4395573003532,-1.06647721326409,0.142913210427812,-7.46241169778204,8.49529478934235e-14,2.49527520872542e-12
"ENSG00000170486.11",4.65757534836756,-1.25888694816008,0.349092798202375,-3.60616705541511,0.000310753124494009,0.00118839909460987
"ENSG00000170498.9",1.43409441274904,-1.15111087157385,0.372672832817246,-3.0887973852882,0.00200968446814468,0.00608660685455288
"ENSG00000170516.17",4.35635766043456,-2.07909052052944,0.633059910632595,-3.28419235780051,0.00102275090392947,0.00337576025008868
"ENSG00000170537.13",154.494019666974,-2.70868859808289,0.180941512690664,-14.9699676862636,1.15377297076091e-50,1.99804634211521e-47
"ENSG00000170545.17",282.986959144545,-2.04383988851819,0.161004581060696,-12.6942964917731,6.35988595089685e-37,3.14678071299018e-34
"ENSG00000170558.10",2048.31854621696,-1.54126520179828,0.229807212585123,-6.70677471111739,1.98973086985847e-11,3.91558685667888e-10
"ENSG00000170571.12",1017.8327554259,-1.25030353154402,0.170330340092347,-7.34046283748477,2.12856471407102e-13,5.90964640255309e-12
"ENSG00000170577.8",56.2197015556195,-1.13499245016958,0.201284196697757,-5.63875589236572,1.71283143057707e-08,1.85483845538416e-07
"ENSG00000170608.3",35.3114815768021,-2.72609970197162,0.281413230564627,-9.68717674183968,3.41847580099338e-22,3.58784573840623e-20
"ENSG00000170689.10",885.304138721898,-3.0181978000511,0.271983746381869,-11.0969785518489,1.2975655597664e-28,2.77986699974285e-26
"ENSG00000170743.17",4.6078050579613,-2.20448585427114,0.27319779868966,-8.06919332748847,7.07641396914457e-16,2.89478265143294e-14
"ENSG00000170748.7",1.06387512939671,-1.40544023248396,0.328127768851888,-4.28321027934199,1.8421592155035e-05,9.67203402157107e-05
"ENSG00000170807.12",2.19021366487274,-1.13149630413166,0.263995591836339,-4.28604241556092,1.81884275152757e-05,9.56842868580118e-05
"ENSG00000170827.9",0.847517148845907,-1.03404942757012,0.266294227758054,-3.88310868123517,0.00010312944439216,0.000447231424022009
"ENSG00000170927.15",119.466259542285,1.31576874327635,0.312234305439632,4.2140428529265,2.508396605496e-05,0.000127496612104225
"ENSG00000170965.10",26.2575748985912,-2.04878392977766,0.231622286539795,-8.84536613632669,9.12286863477242e-19,6.05694354949539e-17
"ENSG00000171004.18",312.541836078261,-2.65910294993875,0.285994881255638,-9.29772917006127,1.43477155472144e-20,1.22447588002736e-18
"ENSG00000171033.13",365.949919844361,-1.58072679060698,0.219653943904556,-7.19644165048015,6.18042184711665e-13,1.59447978156339e-11
"ENSG00000171180.3",2.34981007858957,-2.93445917380642,0.420613396954818,-6.97661842216985,3.02369480437797e-12,6.95466538237726e-11
"ENSG00000171189.17",16.2078453211576,-1.27531009946419,0.135236051489833,-9.43025240248213,4.0910332594682e-21,3.7369565786817e-19
"ENSG00000171195.11",187.862851019963,-1.25941851541741,0.351848059574025,-3.57943857056414,0.000344333175845121,0.00129983428287692
"ENSG00000171201.12",4.50226558095847,-5.2058019316102,1.21454350536733,-4.28622104404218,1.81738160067683e-05,9.56368879302738e-05
"ENSG00000171209.3",0.805107341104685,-1.81731667024616,0.485080419441752,-3.74642347414805,0.000179373689387947,0.000729750320902688
"ENSG00000171236.10",96.0424841158675,-1.06287546134223,0.186432525610008,-5.70112676350061,1.19018086426842e-08,1.34273336266895e-07
"ENSG00000171243.8",753.581223536673,-1.31933802727235,0.358950204348183,-3.67554610999074,0.000237341167185327,0.000935810036102511
"ENSG00000171303.7",68.7604767816352,-1.2939765767124,0.233510122757218,-5.54141534179976,3.0003662156148e-08,3.07600445617618e-07
"ENSG00000171408.14",395.239781361482,-1.49827442604716,0.185239486231928,-8.08831020061921,6.04981684534521e-16,2.5044072482693e-14
"ENSG00000171433.12",1.02809677207473,-1.05497059980149,0.345658719095688,-3.05205840767304,0.00227277871660201,0.00678357120426662
"ENSG00000171435.14",19.4949035393465,-1.51690050335937,0.259292880598285,-5.85014328144806,4.91149733511015e-09,6.01094382337597e-08
"ENSG00000171446.7",61.3102608861129,2.48036207632609,0.290440742683946,8.53999357461081,1.34229299617587e-17,7.2735829865791e-16
"ENSG00000171451.14",161.947925100639,-1.02863921049647,0.182595307557623,-5.63343726766828,1.76652794428882e-08,1.90603412306676e-07
"ENSG00000171509.16",14.5865367221683,-1.42781520270549,0.20709989085002,-6.89433102472999,5.4118871008775e-12,1.19136044325567e-10
"ENSG00000171540.8",4.11767004601946,-1.30327368371739,0.254159792916854,-5.12777284227543,2.93189897024012e-07,2.40346321501223e-06
"ENSG00000171557.17",7.80160526215018,-2.21768609406046,0.446459512855043,-4.96727257501735,6.79011167675085e-07,5.1060362133005e-06
"ENSG00000171560.16",14.2447433955247,-5.09161212515908,0.751696524878588,-6.77349429808987,1.25708532362279e-11,2.5699449198431e-10
"ENSG00000171561.4",3.47350994746815,1.2410053455628,0.260731123119014,4.75971311256282,1.93868326798278e-06,1.30634815148995e-05
"ENSG00000171564.12",7.58451146733425,-4.46190610491474,0.617817745118868,-7.22204264957827,5.12124044341153e-13,1.34204915075076e-11
"ENSG00000171587.15",5.19001845800791,-2.0078706898994,0.281048076848653,-7.14422497536125,9.05050671803287e-13,2.26600698924628e-11
"ENSG00000171643.14",5.57082825738815,-1.05574052417514,0.195831172595379,-5.39107492532094,7.00374630584413e-08,6.61266933129246e-07
"ENSG00000171680.23",561.725700532804,-1.20939078149106,0.150390680547097,-8.04166040802192,8.8629227882834e-16,3.57979394486526e-14
"ENSG00000171695.10",10.6600320133348,-1.22505799754862,0.243365398804212,-5.03382158502399,4.80797180971503e-07,3.74632404115816e-06
"ENSG00000171724.3",1236.09809300779,-6.31548713490504,0.295192700034464,-21.3944556696954,1.50475727798955e-101,3.12703609939009e-97
"ENSG00000171747.9",11.4559416813184,-1.12208907537313,0.186468115662401,-6.01759218398853,1.77030504156032e-09,2.37040651215625e-08
"ENSG00000171772.17",1.81412300598104,-1.5517504136094,0.526314319392781,-2.94833402100798,0.00319491652563792,0.00912124746796011
"ENSG00000171815.6",3.74260620641114,-1.12542753304803,0.310551171880329,-3.62396807660965,0.000290117429628495,0.00111947457155506
"ENSG00000171873.8",18.2026196844143,-1.46330917329452,0.175842816309015,-8.32168867634031,8.67188385984319e-17,4.07715878939822e-15
"ENSG00000171889.5",19.7604438576899,-1.97406426664428,0.291725150390625,-6.76686348092023,1.3160414624993e-11,2.67599389747534e-10
"ENSG00000171903.16",43.6010721855701,-1.12704688961792,0.29888798942282,-3.77080019774079,0.000162724922139045,0.000669516771563233
"ENSG00000172000.7",36.847140533158,-1.05631687005534,0.277801292398791,-3.80241884742194,0.000143290210131796,0.000599017070357845
"ENSG00000172005.11",2390.4730552596,1.45089841942971,0.261254896331802,5.55357407574487,2.79886976392842e-08,2.89153927736498e-07
"ENSG00000172016.16",1.23608089871827,-3.31567386671101,0.79210323134422,-4.18591129982417,2.8402425464874e-05,0.000142310018947691
"ENSG00000172020.13",722.466659616902,-5.35792974967368,0.293045909474268,-18.2835848460944,1.11828369105929e-74,6.63972953825803e-71
"ENSG00000172137.19",68.3498856651432,-1.4590414419056,0.274927567771705,-5.30700305440874,1.1144231125809e-07,1.00624925928932e-06
"ENSG00000172209.6",2.20421993961044,-1.43861142053726,0.216652663342473,-6.64017417714907,3.13312689283802e-11,5.9029474125174e-10
"ENSG00000172260.15",797.754672492109,-1.39084491953317,0.225984834316815,-6.15459406264095,7.52700396672853e-10,1.09307246284127e-08
"ENSG00000172346.15",26.6655960054188,-2.04748235528202,0.277280633465654,-7.38415204008698,1.53428043267957e-13,4.33335104123183e-12
"ENSG00000172348.15",666.780143902632,-1.40061974118696,0.176783926877126,-7.92277762989426,2.32262736197175e-15,8.68102863473649e-14
"ENSG00000172399.6",50.762422529272,-1.6313264758429,0.276557455481134,-5.89868920006096,3.66400660164356e-09,4.59654217861484e-08
"ENSG00000172403.11",1279.20271578783,-1.13157594855891,0.199468109352315,-5.6729667325429,1.40345492327937e-08,1.55589206511968e-07
"ENSG00000172410.4",0.647190158711163,-1.18708892800513,0.346903390693247,-3.42195827383777,0.000621718540162997,0.00218371215805413
"ENSG00000172508.10",79.0815197337564,-1.11884206352925,0.153572096100879,-7.28545153667956,3.20594707606439e-13,8.61315917100118e-12
"ENSG00000172538.7",0.52503015808372,-1.07927503247036,0.279441348573403,-3.86225960467285,0.000112343092305184,0.000482654910315079
"ENSG00000172548.14",178.378304426107,-1.42722792300146,0.28080587031524,-5.08261426799666,3.72275215406534e-07,2.98178888084917e-06
"ENSG00000172572.7",1487.26512871843,1.17990117374387,0.208241917635034,5.66601185363542,1.46159418224074e-08,1.61346022316838e-07
"ENSG00000172575.12",330.530259551998,-1.1288871594841,0.176519473926597,-6.39525563028547,1.60278983051962e-10,2.6656723063648e-09
"ENSG00000172673.11",120.596371753589,-1.33461278883888,0.237520815460714,-5.61892980305815,1.92143896973247e-08,2.0536819228097e-07
"ENSG00000172717.16",6.92464484696041,-1.3794528339299,0.17746008767249,-7.77331315464992,7.64594040429447e-15,2.64141658992572e-13
"ENSG00000172733.11",13.8590963412655,-3.30693336474618,0.268647906381719,-12.3095445234827,8.04760634030902e-35,3.21610206457619e-32
"ENSG00000172867.4",133.886442010684,-1.64414584145254,0.457981027632458,-3.58998679476306,0.000330694714000823,0.00125496107590414
"ENSG00000172900.12",0.673430509193876,-1.70300330051726,0.367700388240491,-4.63149715089075,3.63030994740041e-06,2.28610518233115e-05
"ENSG00000172985.11",601.268700750642,-1.32971509972183,0.153752480058079,-8.64841399123804,5.22200875262942e-18,3.03124480135173e-16
"ENSG00000173114.13",126.791782403333,-1.9958142117261,0.226217584589098,-8.82254231186893,1.11889897395917e-18,7.22106819187748e-17
"ENSG00000173157.17",29.3738300103931,-1.64587276943841,0.316576184734542,-5.1989784728075,2.0038672903672e-07,1.7063046982635e-06
"ENSG00000173175.15",133.306584349785,-1.01923667084583,0.187226382647641,-5.44387311463484,5.21343629453592e-08,5.06263643162388e-07
"ENSG00000173198.6",104.95647724664,-1.18200699110058,0.157305252812502,-7.51409739959196,5.7304910407886e-14,1.72213064813634e-12
"ENSG00000173200.13",237.807070837706,-1.76663195031388,0.220585006759442,-8.00884872579068,1.15787226505454e-15,4.5875583489225e-14
"ENSG00000173208.4",69.4991354710257,-1.18003933630977,0.205420605807745,-5.74450324333177,9.21912287778709e-09,1.06434773624052e-07
"ENSG00000173227.14",121.025031295828,-1.57884137030776,0.224087632480693,-7.04564260343012,1.84607535920062e-12,4.40451114116511e-11
"ENSG00000173239.14",2.73615917441761,1.33655285250419,0.552334099178686,2.4198267941299,0.0155279013248223,0.0355654488516624
"ENSG00000173267.14",275.262468640694,-1.73114067060437,0.187879919674897,-9.21408032108964,3.13958052780599e-20,2.54361103112422e-18
"ENSG00000173376.14",28.2861820177786,-1.75010385795508,0.229561749915095,-7.62367362420948,2.46556288374066e-14,7.79860917610573e-13
"ENSG00000173406.16",97.8996071235431,-4.45178882697665,0.287662562712638,-15.4757323476388,5.05942073184033e-54,1.16822024698193e-50
"ENSG00000173432.12",99.2026371921547,-1.70713642054894,0.276280633351112,-6.17899416199548,6.4511281141211e-10,9.53491417777742e-09
"ENSG00000173452.14",0.670676171296173,-2.05194009302591,0.642707998879013,-3.19264751116343,0.00140974919296636,0.00447233004794044
"ENSG00000173530.6",277.267216320989,-1.6953969991667,0.214247557492699,-7.91326173799894,2.50731448761689e-15,9.33772443856032e-14
"ENSG00000173597.9",62.6513980805781,-2.59108663293132,0.221088680594568,-11.7196711562219,1.01063531555763e-31,2.81906207954405e-29
"ENSG00000173626.10",2.42793808688794,-1.00699824611116,0.226668747827187,-4.44259853095802,8.88789102433319e-06,5.05956070063465e-05
"ENSG00000173702.7",16.4465587561804,-3.03647046752395,0.28125605869489,-10.7961068700673,3.59109041739507e-27,6.57501761796361e-25
"ENSG00000173714.8",2.30305541543136,-1.56833429102314,0.359754846356165,-4.35945285215271,1.30388041222365e-05,7.10806370577639e-05
"ENSG00000173838.12",14.1461955028641,-1.87562530869727,0.202244378541169,-9.27405410338991,1.79201977144673e-20,1.50192359460841e-18
"ENSG00000173848.19",1969.63714829002,-1.07030188687897,0.120461909329311,-8.88498192364731,6.39311633117623e-19,4.32049920254222e-17
"ENSG00000173976.16",0.491216659975132,1.10422031773556,0.294460127932277,3.74998246957741,0.000176846933110589,0.000721235622995025
"ENSG00000174015.10",5.0407358565312,-2.13150465334983,0.372349472131532,-5.72447341243142,1.03755054334752e-08,1.18697152993695e-07
"ENSG00000174123.11",123.685778041144,-1.38840123766764,0.240460500651472,-5.77392641995706,7.74452664934482e-09,9.09225017668058e-08
"ENSG00000174145.8",3.54508202140818,-1.64574362937602,0.291030996710349,-5.6548740442722,1.55960601436127e-08,1.70579855707587e-07
"ENSG00000174156.15",7.73742693909116,1.2095408647078,0.473041800130257,2.55694288406383,0.0105596554219158,0.0255892017168483
"ENSG00000174171.6",15.5786706984659,-2.22005952231272,0.24837010685922,-8.9385133758109,3.94440740259742e-19,2.75988990684771e-17
"ENSG00000174255.8",11.8279449670535,-1.58413627961619,0.263835357399314,-6.00426074515331,1.92205607083456e-09,2.54977639374485e-08
"ENSG00000174279.4",6.77824259901858,-1.22483799196644,0.228041518908043,-5.37111837279225,7.82498205506104e-08,7.31164352905681e-07
"ENSG00000174326.14",31.7719497390686,-1.85571211321996,0.198830136058382,-9.33315316283375,1.02767172343025e-20,8.95431701660543e-19
"ENSG00000174343.6",44.1789189888805,-3.14268940298167,0.344693075355888,-9.11735578017316,7.69795382897477e-20,5.9468839598485e-18
"ENSG00000174403.16",5.63557122070149,-1.16380210141217,0.371250048937352,-3.13482006195927,0.00171959553546226,0.00532008495261528
"ENSG00000174417.3",2.0932469823662,-1.54320987817132,0.249869744329755,-6.17605737865861,6.57221102073115e-10,9.69319497670788e-09
"ENSG00000174450.12",0.917633210048834,-1.13450650164676,0.340929336937052,-3.3276881122619,0.000875698450697032,0.00294488057349867
"ENSG00000174453.10",0.552395054064915,-1.35201004581401,0.340587297723924,-3.96964318648764,7.19803410629565e-05,0.00032674169236114
"ENSG00000174460.4",19.4052372604092,-1.69308990646327,0.22004286028916,-7.69436419904002,1.42199482607703e-14,4.68683179709861e-13
"ENSG00000174469.23",30.8348970761941,-2.21105536913463,0.245988789373,-8.98843957389435,2.50765283647232e-19,1.79385657813188e-17
"ENSG00000174498.14",47.5896719621768,-2.61554672816338,0.277165181620042,-9.43677958708736,3.84412533659035e-21,3.53472427520726e-19
"ENSG00000174500.13",105.689593082586,-1.39559625174922,0.184546032595187,-7.56232053392633,3.95941205281961e-14,1.2180687175373e-12
"ENSG00000174576.10",1.30179708059133,-1.26865283275166,0.227571269367815,-5.57474955549499,2.47886220750589e-08,2.5873046476233e-07
"ENSG00000174808.12",79.2109544976789,-2.89000066612638,0.319913937208088,-9.03368165622175,1.6599109884829e-19,1.21459895252335e-17
"ENSG00000174837.15",94.3498417007801,-1.00770967576204,0.202154360694117,-4.98485252705886,6.20090903825252e-07,4.70897462904899e-06
"ENSG00000174946.7",114.863173967453,-1.09126022497157,0.216053322529869,-5.05088379198938,4.39770564334e-07,3.46103847658582e-06
"ENSG00000175018.13",0.560040830833165,-2.28082414402143,0.581604364043206,-3.92160768561908,8.79601224368707e-05,0.000388873376100545
"ENSG00000175077.6",0.372730542957929,-1.06694339807614,0.358178109451933,-2.97880682800166,0.00289373146364293,0.00836946883033594
"ENSG00000175084.12",168.19092275943,-1.73108881597179,0.256107772493455,-6.75922014829141,1.38736454359748e-11,2.80728554824725e-10
"ENSG00000175093.5",35.5577183278774,-2.87139796075848,0.278844405020531,-10.297491751886,7.23224515587754e-25,1.05468973041608e-22
"ENSG00000175121.11",30.1035149945196,2.59336545745831,0.584463744899128,4.43717079133094,9.11489715974307e-06,5.17178642666541e-05
"ENSG00000175161.14",24.4049010485492,-1.27634885306851,0.283035071108618,-4.50950777254986,6.49782141134405e-06,3.82958669169429e-05
"ENSG00000175164.15",39.3161159175356,-1.16326553623573,0.171823577407905,-6.77011591647965,1.2867925574199e-11,2.62551164808472e-10
"ENSG00000175264.8",429.992563058626,-1.61970145994547,0.164714738551843,-9.83337298280492,8.08640744915513e-23,9.36176229531436e-21
"ENSG00000175267.15",10.3756993801748,-1.67213581759727,0.189989946520937,-8.80118052674435,1.3538436300514e-18,8.59060289346508e-17
"ENSG00000175311.7",1.32828018316251,-1.20248496061099,0.315929895810654,-3.80617654915339,0.00014113165539759,0.000591301800568006
"ENSG00000175329.13",0.665781678869739,-1.11762046944725,0.355280569378593,-3.1457404816763,0.00165666935692828,0.00515185123925577
"ENSG00000175356.14",2298.7815878161,1.79949359943796,0.239105074029233,7.52595321008518,5.23370816527641e-14,1.57969047759781e-12
"ENSG00000175426.11",875.506486748793,-2.0707138164474,0.275160547432955,-7.52547498457038,5.25290108166024e-14,1.58318400838262e-12
"ENSG00000175445.17",2624.89218850294,-1.0769753833157,0.219713559442082,-4.90172470943743,9.49989009601366e-07,6.87385849879038e-06
"ENSG00000175463.12",767.176363324948,-1.10248899342605,0.196972113901841,-5.59718313210298,2.17862542779632e-08,2.30226366717698e-07
"ENSG00000175505.11",248.45885018485,-1.36925116594594,0.151070707175841,-9.06364437913287,1.26163241702006e-19,9.39712661580422e-18
"ENSG00000175535.6",0.551562894679477,-1.45054083396931,0.550070290926951,-2.63700995653651,0.00836403765960554,0.0209767157379028
"ENSG00000175544.14",103.115021107414,-1.06742540905704,0.210478602686031,-5.07142006567436,3.94858113580456e-07,3.14509254822363e-06
"ENSG00000175697.11",53.6866606564426,-1.18792411763258,0.165916586174681,-7.1597671156391,8.08142309097965e-13,2.04306634128526e-11
"ENSG00000175746.6",6.38494855982738,-1.48645050087896,0.219869099466125,-6.76061576860177,1.37406483827736e-11,2.78172833942931e-10
"ENSG00000175749.11",1.83164613132885,-1.42714436645415,0.253267883296302,-5.63492041659508,1.7513919735761e-08,1.89166718310213e-07
"ENSG00000175779.4",7.40843747768171,-1.18847660447071,0.187657724241059,-6.33321441617842,2.40105520176424e-10,3.84705691194007e-09
"ENSG00000175841.8",2.5877953723705,-1.25502893560028,0.264544542622259,-4.74411198643522,2.09422976652369e-06,1.40161638576904e-05
"ENSG00000175857.8",125.963859711096,-1.10272220289917,0.206433459768817,-5.34178036900653,9.20381270214681e-08,8.44994176113598e-07
"ENSG00000175868.14",3.91831129834953,-1.82681309125504,0.268534064880855,-6.802910059346,1.0252666293918e-11,2.13273932186097e-10
"ENSG00000175874.10",38.1940896168575,-1.05781319120364,0.216071790150094,-4.89565616348545,9.79782488094497e-07,7.06116174270565e-06
"ENSG00000175877.4",0.706395056900035,-1.69863910413,0.372571618962912,-4.55922839441801,5.13419105789695e-06,3.11377861882844e-05
"ENSG00000175894.18",31.560680159343,-1.58498732343515,0.287200140762157,-5.51875538510877,3.41409037546629e-08,3.45330796264615e-07
"ENSG00000175920.18",59.4400021662162,-1.25945570240759,0.224476508453896,-5.61063476566978,2.01585815506882e-08,2.14553384483919e-07
"ENSG00000175967.4",1.45632734513401,-1.17524268803083,0.274161577742883,-4.28667903688901,1.81364040381714e-05,9.54762792443928e-05
"ENSG00000176049.16",128.153363324026,-1.98526988084526,0.232758453846783,-8.52931375009091,1.47218410234373e-17,7.88237512905135e-16
"ENSG00000176134.5",0.491667449936605,-2.36158861676247,0.674519227921773,-3.5011435093387,0.000463266305519891,0.00168262467797061
"ENSG00000176136.6",17.2608565358797,-1.684022753063,0.303231634115427,-5.55358532422103,2.79868957636706e-08,2.89153927736498e-07
"ENSG00000176160.11",7.33826025393104,-1.04855554786577,0.235467921219642,-4.45307174936872,8.46504516942224e-06,4.84673105567609e-05
"ENSG00000176165.12",30.7874474347549,-1.65942626850847,0.380790795977536,-4.3578423796944,1.31350921721391e-05,7.14930200181306e-05
"ENSG00000176177.10",910.354796033894,1.28140395006681,0.271462432094384,4.72037305560309,2.35412489614697e-06,1.55108019869468e-05
"ENSG00000176198.3",0.378028039539905,-1.01280291328035,0.407064982707641,-2.48806199576188,0.0128441340881504,0.0302417800233236
"ENSG00000176381.6",6.74403445421162,-1.90243523606327,0.290077620189041,-6.55836611877699,5.44005157347044e-11,9.83468566753278e-10
"ENSG00000176387.7",94.6737991795865,-1.03887725363807,0.153029103003629,-6.78875608134117,1.13104477686331e-11,2.32945901962304e-10
"ENSG00000176406.23",297.175089473104,-1.38776055357422,0.261896161991002,-5.29889610838167,1.16504898022672e-07,1.04650455405625e-06
"ENSG00000176510.5",1.51896857226532,-2.5005991779462,0.347116716246829,-7.20391459386837,5.85080213214669e-13,1.51602891656035e-11
"ENSG00000176566.5",2.908219558504,-1.03074433749702,0.325704676662716,-3.1646593105705,0.00155264636552586,0.00486916835765379
"ENSG00000176571.12",3.89649680071086,-1.09248271622221,0.320681879099009,-3.40674914121015,0.000657415199330158,0.00229397116233398
"ENSG00000176597.12",525.8414195803,-2.00521199214197,0.159057311904335,-12.6068520090922,1.93571504278967e-36,9.14229416004822e-34
"ENSG00000176641.11",364.259959548828,-1.31939732539753,0.150565580821111,-8.76294115960759,1.90220962863639e-18,1.17823601468533e-16
"ENSG00000176658.17",16228.3230052674,1.58801983424134,0.128615539838842,12.3470292643577,5.05435508013339e-35,2.059501037652e-32
"ENSG00000176659.9",9.37046930857815,-1.36040367801322,0.17116682343815,-7.94782336137,1.89817041208457e-15,7.21131249241856e-14
"ENSG00000176678.6",77.9398200224467,-2.17552186551493,0.182645859306278,-11.9111480204258,1.03541770185382e-32,3.18770596477395e-30
"ENSG00000176692.8",53.0218932414925,-2.05173212984939,0.214753014458767,-9.55391538982714,1.2488514386305e-21,1.22304232904454e-19
"ENSG00000176697.20",138.766936591638,-1.35520181714521,0.247121150011586,-5.48395722940621,4.1591536855114e-08,4.12954480356486e-07
"ENSG00000176774.6",1.35210113750672,-1.20723081435432,0.462947062617071,-2.6077081200813,0.00911506411442685,0.0225553878735299
"ENSG00000176840.12",1.5826747874399,-1.03251632161131,0.250800084364952,-4.11688984964152,3.84019492709276e-05,0.000186259985482354
"ENSG00000176887.7",603.747566808088,-6.07110608222917,0.291874322366785,-20.8004117422837,4.29109684514722e-96,5.94488556926695e-92
"ENSG00000176907.5",452.013206237873,-2.19624863551522,0.175141975372058,-12.5398188004313,4.52027931072394e-36,2.06452581002537e-33
"ENSG00000176971.4",275.442456792613,-1.6094965430607,0.210917548593422,-7.63092760082884,2.33070549979492e-14,7.40587018214652e-13
"ENSG00000176979.14",0.954502807115928,-2.24403120227204,0.673588241553847,-3.3314583952586,0.000863922128309946,0.00291116681504929
"ENSG00000176998.4",12.787280801106,1.42708537445064,0.25775583727059,5.53657829658575,3.08437988242172e-08,3.15047915146748e-07
"ENSG00000177103.15",13.7755313515706,-1.59634552992147,0.242434561770925,-6.58464502033273,4.55973478166108e-11,8.35589492925034e-10
"ENSG00000177112.8",3.0429415360022,-1.04226056668571,0.204622204002521,-5.093584891075,3.51355617502709e-07,2.83224246986959e-06
"ENSG00000177133.11",17.5320639675348,-2.81139025871006,0.238791147813559,-11.7734274676929,5.35055760738281e-32,1.53365431226237e-29
"ENSG00000177138.17",2.41370426058233,-1.06564188729405,0.22399389971993,-4.75745941575407,1.96044654618267e-06,1.31866126157055e-05
"ENSG00000177182.11",8.50375444895703,-1.85902642393009,0.210353721569846,-8.83762079442373,9.77784986158025e-19,6.41659463763468e-17
"ENSG00000177272.9",79.691309134582,-1.04269637705119,0.210112155328864,-4.9625704682301,6.95663142140907e-07,5.21898041762823e-06
"ENSG00000177283.7",557.797816867925,-3.06533635045474,0.201726162374334,-15.1955319745117,3.78577707760225e-52,7.15202122269568e-49
"ENSG00000177291.4",0.523791112664643,-1.26175277707638,0.305044731867905,-4.13628771541206,3.52969584195572e-05,0.000172813309675302
"ENSG00000177294.7",14.0812324732132,-2.64182057722093,0.235599829617235,-11.2131684539541,3.51385296699447e-29,7.98047852536744e-27
"ENSG00000177301.16",526.075566825355,-1.19515023855093,0.235443097630666,-5.07617445819427,3.85109723866958e-07,3.07510669420913e-06
"ENSG00000177324.14",0.585320090507812,-1.47056594856935,0.396781742627431,-3.70623390791996,0.000210364029863283,0.000841496613010373
"ENSG00000177335.11",65.4036380714455,-1.04844060959798,0.201503878674107,-5.20307904987587,1.96013441247449e-07,1.67455511718941e-06
"ENSG00000177338.14",0.374564419903361,-1.39037847220132,0.599319953530149,-2.31992688381495,0.0203448329806266,0.0447700507407637
"ENSG00000177354.12",0.818084781529907,-2.33401762968451,0.527002465513745,-4.42885523772496,9.47345803081124e-06,5.35403675110928e-05
"ENSG00000177363.5",2858.85005469586,1.07261799246065,0.218655030767255,4.90552624696931,9.31771790240214e-07,6.76323771323154e-06
"ENSG00000177369.9",4.39745341057183,-1.22600629199631,0.154581250238381,-7.93114488403781,2.17134715279763e-15,8.17441398229847e-14
"ENSG00000177374.13",492.329631457441,-1.21235493167873,0.133982453358781,-9.0486097342334,1.44800109789496e-19,1.06894887443535e-17
"ENSG00000177455.15",286.865607545686,-1.31803505530601,0.290039332831544,-4.54433211674613,5.51097093072126e-06,3.30944912328619e-05
"ENSG00000177504.10",1.00612578352791,-1.96694644389122,0.645804004715568,-3.04573280674766,0.00232114004930598,0.00690955613302213
"ENSG00000177519.4",6.92742148470693,-1.45827471367806,0.322439105431406,-4.52263602371359,6.10742124851091e-06,3.62885564817508e-05
"ENSG00000177551.5",13.1997493394238,-2.02163304876296,0.35441061636351,-5.70421131710519,1.16883001016521e-08,1.32309155232741e-07
"ENSG00000177570.15",81.9264244373195,-1.71929561752781,0.224646983792836,-7.65332161821191,1.95853255757998e-14,6.32482751811494e-13
"ENSG00000177590.7",1.24523436249971,-1.55768998429357,0.334863946551205,-4.6517100462333,3.29193732849928e-06,2.09685056317375e-05
"ENSG00000177627.11",2.90016976058634,-1.09593379084421,0.304134579161811,-3.60345013666182,0.000314021011287157,0.00119957180800706
"ENSG00000177675.9",294.340403689269,-1.02726388726777,0.167881357346319,-6.11898726282424,9.41719306035919e-10,1.33673967887517e-08
"ENSG00000177689.10",0.909387656962683,1.81279061065264,0.626608063922886,2.89302151540095,0.0038155515907434,0.010641516903417
"ENSG00000177699.4",23.7926657785712,1.04139911618812,0.223219066508103,4.66536811787229,3.08065028736039e-06,1.97925471082505e-05
"ENSG00000177706.9",4544.40770365383,-1.49556557552586,0.15455365158203,-9.67667577062762,3.78833651644825e-22,3.94613639841158e-20
"ENSG00000177984.7",1.56178661474008,-1.00334647291716,0.35981244017773,-2.78852635673617,0.00529484388263089,0.0141420410931113
"ENSG00000178021.11",0.803874299282608,-1.04426207957718,0.325804114175409,-3.20518383329856,0.00134976243432638,0.00430370742581303
"ENSG00000178031.17",434.371700907096,-2.05100148314432,0.179481713149506,-11.4273562869097,3.05261592247375e-30,7.46310723352083e-28
"ENSG00000178033.6",216.349055755309,-1.27828313967355,0.135172200129043,-9.4567014404828,3.17810614972542e-21,2.9549988321004e-19
"ENSG00000178125.14",4.27082630777157,-1.00079115943056,0.200872866469457,-4.98221176916763,6.2861584183425e-07,4.76500667851817e-06
"ENSG00000178162.8",21.487702384956,-1.1675806002963,0.308969240541122,-3.77895417113829,0.000157488402457757,0.00065052007383714
"ENSG00000178172.7",12.7332452460474,-2.52122499147892,0.476971809165261,-5.28589938237915,1.25088638954459e-07,1.11517246079477e-06
"ENSG00000178199.14",143.08577980708,-1.19940920710459,0.18579714432366,-6.45547708211926,1.07878506235648e-10,1.8496891403325e-09
"ENSG00000178233.18",94.5802429350859,-1.74617120414583,0.308415515513293,-5.66174889495976,1.498379762274e-08,1.64924946185466e-07
"ENSG00000178235.8",14.4482838983056,-1.69756709183519,0.427781506697797,-3.96830406470661,7.23859374315608e-05,0.000328224343391941
"ENSG00000178248.11",2.52436956753872,-2.72794734101451,0.395413023896546,-6.89898201665769,5.23765006203354e-12,1.15582409414641e-10
"ENSG00000178297.14",138.385606637307,-2.06199008996745,0.222614037891734,-9.26262381966351,1.99469106028606e-20,1.66472590055441e-18
"ENSG00000178343.5",80.6272909460313,-1.72152582341579,0.31473729379787,-5.46972302723483,4.50739404906116e-08,4.44248339505042e-07
"ENSG00000178372.8",490.361598523759,1.52691241011785,0.651450244238941,2.34386650956232,0.0190850007303248,0.0424079629267302
"ENSG00000178394.5",0.357251527105168,-1.65912200197475,0.660155745419934,-2.51322814878989,0.0119631940045877,0.0284691823199927
"ENSG00000178395.7",0.687485665469909,-2.25434091758952,0.617024141028035,-3.65357004319721,0.000258619196515367,0.00100986942571039
"ENSG00000178457.3",1.17442668092695,-1.36621653559988,0.441455942921916,-3.09479701769817,0.00196947630660925,0.00597862775102611
"ENSG00000178538.10",821.012849996244,1.14879651441373,0.292215088816412,3.93133879248609,8.44741312835843e-05,0.000375780139613436
"ENSG00000178562.18",301.999042318998,-1.00055837099965,0.167288677664087,-5.98102863248616,2.21732889856516e-09,2.90257082463513e-08
"ENSG00000178568.15",43.5769029219318,-1.05799725482716,0.316173172778686,-3.346258778153,0.000819099134330492,0.00277882607305884
"ENSG00000178602.8",0.919387608424214,-2.04031117684138,0.37608841598693,-5.42508381037793,5.79273531107609e-08,5.5705151549964e-07
"ENSG00000178662.16",125.061078811369,-1.48134698030267,0.217179277049119,-6.82084865752469,9.05042487217131e-12,1.8997664572585e-10
"ENSG00000178734.5",4.26349597550069,-1.79311196897556,0.26588213074861,-6.74401082888469,1.54073048799733e-11,3.09351886677029e-10
"ENSG00000178828.7",0.895693603987517,-1.02831754205531,0.401197522570688,-2.56312036890538,0.0103736077395152,0.0251971179282174
"ENSG00000178919.9",33.8815833157295,-1.74214574608545,0.351281694940321,-4.95939803063586,7.07119524599763e-07,5.29250885672886e-06
"ENSG00000178934.5",87.9137982460285,1.28866560862382,0.4776945381042,2.69767708405893,0.00698251361439409,0.0179683753848955
"ENSG00000178965.14",21.2011883694073,-3.45900018280548,0.289998223700812,-11.9276598962002,8.49274145346594e-33,2.63414418126083e-30
"ENSG00000179023.8",2.15083886269276,-1.13205648678544,0.341454961278155,-3.31539035938403,0.000915152324998017,0.00306145854246359
"ENSG00000179046.8",13.7910949230044,-1.09618635750584,0.277702579890022,-3.94733948074938,7.90244664040204e-05,0.000355263912675381
"ENSG00000179088.15",10.3966119124579,-1.17311288300756,0.224822750501412,-5.21794560555468,1.8091857434675e-07,1.55518878738358e-06
"ENSG00000179111.9",14.3555400431716,-1.01475973262561,0.193476946615977,-5.24486121150007,1.56400013428019e-07,1.36131881844928e-06
"ENSG00000179144.5",626.116910664663,-1.21155793659315,0.170974488060066,-7.08619133965477,1.37853183192773e-12,3.3407895042904e-11
"ENSG00000179168.15",31.3780895200839,-1.09865898754447,0.136728729164354,-8.03531923582666,9.33355694324184e-16,3.75165661194407e-14
"ENSG00000179213.13",0.560549313737172,-1.0724294060173,0.412194269672907,-2.60175719295737,0.0092747491555939,0.0228932844996314
"ENSG00000179219.5",2.14956508038339,-1.1968990108144,0.227060037172271,-5.27128871165608,1.3546917698658e-07,1.19795104976942e-06
"ENSG00000179253.3",2.50670859337349,-1.06028133152802,0.310756937051207,-3.41193133639783,0.000645043591827579,0.00225572585305325
"ENSG00000179299.17",26.9708255404084,-1.3272709181571,0.228347994053058,-5.81249212922232,6.15495785867084e-09,7.37211407844603e-08
"ENSG00000179399.15",18.6944955620957,-1.89377038536346,0.261383170628997,-7.24518866614963,4.31837653712121e-13,1.14610706025435e-11
"ENSG00000179447.2",0.695537921846337,-1.62934554483964,0.360560425591799,-4.51892506551528,6.21543862525641e-06,3.6830062752054e-05
"ENSG00000179520.11",1.55234268472902,-1.40093391033895,0.32048735377564,-4.37126112414309,1.23530949496354e-05,6.77781296761383e-05
"ENSG00000179542.16",45.9126797832828,-1.25899319982227,0.205859616680153,-6.1157852138547,9.60826669028303e-10,1.36060913179401e-08
"ENSG00000179571.10",2.38567756544666,-1.60771319308395,0.26632264629339,-6.03671229412776,1.57285785516808e-09,2.13074048815176e-08
"ENSG00000179603.18",16.1589560873696,-1.8539380556812,0.190322749852311,-9.74102180175437,2.01517739705424e-22,2.21573552847535e-20
"ENSG00000179636.15",0.834401268753174,-1.13264408022239,0.316463665981896,-3.57906515652631,0.000344825496316303,0.00130133817106131
"ENSG00000179674.4",2.62271846767502,-1.31328992239588,0.342643503197518,-3.8328172288118,0.000126684076728043,0.000536742656558903
"ENSG00000179826.7",359.155815740645,-1.51482384895847,0.340498628189235,-4.44883980007283,8.63353784856265e-06,4.93097567764135e-05
"ENSG00000179862.7",474.189620974992,-1.93520289704057,0.198199551182156,-9.76391160069787,1.60829577386572e-22,1.78250637209085e-20
"ENSG00000179913.11",48.8257305925117,-1.27371041772069,0.242813201510777,-5.24563907479371,1.55741525535035e-07,1.35615530783304e-06
"ENSG00000179915.24",112.377373023457,-5.98097827876242,0.322683006383036,-18.5351510939587,1.07487438440861e-76,7.44565486079842e-73
"ENSG00000179935.10",37.9900218678211,-1.97031212727319,0.202255235884684,-9.74171135127778,2.00154765384838e-22,2.20658683260601e-20
"ENSG00000180044.5",58.7015171601305,-1.59622513445649,0.174992254313764,-9.12169021832498,7.39616819209633e-20,5.72438626443031e-18
"ENSG00000180071.20",7.06275438756634,-1.17540982941667,0.352399780744785,-3.33544426994955,0.000851632219414574,0.00287488127869628
"ENSG00000180090.5",2.61459263804008,-1.72268840169152,0.364663259442315,-4.72405255282929,2.31190631414768e-06,1.52810830516231e-05
"ENSG00000180139.11",24.2038015103356,-1.33483602686722,0.158683266022526,-8.41195206227813,4.0324270140294e-17,2.02166141805899e-15
"ENSG00000180176.15",9.06696656352328,-1.40926560714544,0.308611387332325,-4.56647312766812,4.95998588282432e-06,3.01825670954531e-05
"ENSG00000180178.11",10.9896194216732,-3.99958923925103,0.517132919080415,-7.73416097038116,1.04087266395643e-14,3.52286235011051e-13
"ENSG00000180210.15",3.24139784012943,-2.05141364955786,0.343293105742927,-5.97569137055157,2.29116400682109e-09,2.99262597270579e-08
"ENSG00000180264.11",2.66659229787697,-1.12972352147819,0.342819184821989,-3.29539177355202,0.000982845531808172,0.0032577578748713
"ENSG00000180287.17",26.7554203519209,-2.11849001283797,0.296543485724191,-7.14394385587122,9.06904556717164e-13,2.26928158857789e-11
"ENSG00000180383.3",11.8547593827718,-3.55385576348265,0.330640519806149,-10.7483975816583,6.03000630340652e-27,1.08493126399213e-24
"ENSG00000180424.7",0.820347144608694,-2.97321994746567,0.737227654392385,-4.03297397995218,5.50753799875294e-05,0.000257311481906666
"ENSG00000180432.6",4.45775194170513,-1.56601163086909,0.260872302017371,-6.00298160731841,1.93726571245677e-09,2.56589082507634e-08
"ENSG00000180440.4",9.17081001962744,-4.73010250469471,0.530370014868219,-8.91849533739195,4.72666034579189e-19,3.26328002145851e-17
"ENSG00000180535.4",185.87582421729,-1.89679073488011,0.222384505568042,-8.52932955034387,1.4719830596539e-17,7.88237512905135e-16
"ENSG00000180539.8",31.5549436630292,-1.28168190945723,0.156278134537207,-8.20128748818718,2.37826015282367e-16,1.05242914345387e-14
"ENSG00000180613.11",0.893843146310148,-1.36431335285087,0.388940366429125,-3.5077700095176,0.000451879528571658,0.00164726136095616
"ENSG00000180660.8",38.8683093889113,-1.03849903470132,0.263313310030236,-3.94396711120328,8.0144654361508e-05,0.000359522085760712
"ENSG00000180745.5",1.99088392410171,-1.45488707470739,0.292254605891389,-4.97814934437022,6.41951165371475e-07,4.85458048310939e-06
"ENSG00000180772.7",0.678715253839038,-2.21968651795929,0.834864745196044,-2.65873787428653,0.00784339600756479,0.0198337323476763
"ENSG00000180777.14",122.128469969555,1.15574018779507,0.304527350615245,3.79519338890283,0.000147528415322546,0.0006142017427262
"ENSG00000180815.14",18.0965995587289,-1.15659010051447,0.169969609021942,-6.80468765663371,1.01268706281275e-11,2.10868234993103e-10
"ENSG00000180875.5",20.5648307580017,-2.6092346715617,0.268477317406557,-9.71864102623802,2.51110379372158e-22,2.71081807466639e-20
"ENSG00000180914.10",93.6263101287219,-1.12728823463967,0.164630409881124,-6.84738764517234,7.52107182989676e-12,1.60622441445456e-10
"ENSG00000180919.3",1.2187878023617,-1.12863049413707,0.298354568016824,-3.78284972018069,0.000155043030596624,0.000642014390520761
"ENSG00000180934.7",0.457786368632719,-1.11577982895038,0.416264143857974,-2.68046106159717,0.00735208175084485,0.018769258862576
"ENSG00000180974.4",0.418539911598907,-1.18390836488605,0.503301513343999,-2.35228453222803,0.0186584962423065,0.0416389830768226
"ENSG00000180999.11",1.57897725325191,-1.23691105786736,0.335498800019318,-3.68678236046191,0.00022710742735891,0.0008997272801345
"ENSG00000181001.3",0.469940031763729,-1.16117828922966,0.49465828641835,-2.34743523177859,0.0189031593226196,0.0421009114372675
"ENSG00000181017.6",0.672615900913107,-1.83099742491283,0.408651750590995,-4.48058138075961,7.4439989089876e-06,4.32709765951528e-05
"ENSG00000181023.8",0.755781762688745,-1.45255415074962,0.398451092602588,-3.64550173839875,0.000266870610925353,0.00103806048959097
"ENSG00000181072.11",1.944683674167,-2.09957752705808,0.371000061575219,-5.65923767813823,1.52046860990846e-08,1.6695829951127e-07
"ENSG00000181074.4",4.13083738951291,-1.54460749959314,0.275481210798265,-5.60694319266753,2.05931213454044e-08,2.18562642839045e-07
"ENSG00000181085.15",77.8010463008659,-1.80955514958525,0.250322987153828,-7.22888125521305,4.86988996829423e-13,1.28183892882992e-11
"ENSG00000181092.10",35.194882948357,-1.95928763510467,0.483079817633563,-4.05582589788687,4.99574622488515e-05,0.000236027287255515
"ENSG00000181109.3",0.48210488965686,-1.26414015210333,0.390662743539585,-3.23588612686646,0.00121265750308448,0.00391429567747727
"ENSG00000181123.8",1.25109483334103,-1.74107225813353,0.344995846829143,-5.04664700788638,4.49630957133204e-07,3.53061814478939e-06
"ENSG00000181126.13",92.1198115868496,1.40578290384511,0.214078217568878,6.566678851354,5.14498426697403e-11,9.32966126108092e-10
"ENSG00000181143.15",11.376940403631,-1.04706615463532,0.211020713924188,-4.96191172498587,6.98027200645582e-07,5.23577089211906e-06
"ENSG00000181195.11",14.4725272959449,-1.96949198240485,0.289692420308859,-6.79856235211489,1.05668279133571e-11,2.19479511111917e-10
"ENSG00000181234.9",16.5850982959484,-1.29395033361601,0.357709686250501,-3.61731980807998,0.000297669421839391,0.00114415393604816
"ENSG00000181273.2",1.17495547015216,-3.07563325292717,0.681447324089001,-4.51338371170341,6.38014389474946e-06,3.76985414491864e-05
"ENSG00000181282.5",0.457314375666069,-1.80834870012655,0.747275626084124,-2.41992196320207,0.0155238381377382,0.0355607537173797
"ENSG00000181291.8",25.11490686293,-1.49442668761452,0.223168338125749,-6.6964099843431,2.13601920943633e-11,4.17971894456652e-10
"ENSG00000181323.8",0.295409083937217,-1.32329351592065,0.525069129922985,-2.52022722439376,0.0117279098921485,0.0279653121593503
"ENSG00000181333.12",22.6628457252739,1.08733670559948,0.247239758451259,4.39790393102909,1.0930133677759e-05,6.08544160636329e-05
"ENSG00000181418.8",71.4360223602963,-1.25132670559457,0.188960405096498,-6.62216354243919,3.53979101152381e-11,6.5914334238778e-10
"ENSG00000181433.9",57.212329002868,-4.3024106612871,0.598257561597486,-7.19156921276292,6.40508503898858e-13,1.64834764328448e-11
"ENSG00000181444.13",281.146755310246,-1.28653350283724,0.13522027046903,-9.51435386406727,1.82845621596366e-21,1.75506460156771e-19
"ENSG00000181541.6",1.07587450347757,-1.96037365480928,0.634785903980871,-3.08824383546544,0.00201343193736704,0.00609573559009682
"ENSG00000181626.12",0.535660371598904,-1.11958837817198,0.339561237448941,-3.29716190983174,0.000976671813845222,0.0032397369649546
"ENSG00000181656.7",12.3755650079749,-1.20629430457586,0.200676667295628,-6.01113383450203,1.84230231108502e-09,2.45573343981128e-08
"ENSG00000181903.5",1.72192123529741,-1.25312486971063,0.374910061003747,-3.3424679677991,0.000830369385893084,0.00281246943333782
"ENSG00000181997.8",3.09383108547964,-2.88393308585228,0.427570999633723,-6.74492210258129,1.53109146008646e-11,3.0777422708251e-10
"ENSG00000182021.10",7.36766917395103,-2.3345403303828,0.257047485198747,-9.08213643318764,1.06464207202488e-19,8.10414904716078e-18
"ENSG00000182035.12",0.5528147328453,-1.86132223340598,0.539734496882945,-3.44858860079431,0.000563524558699054,0.00200112847818268
"ENSG00000182050.13",35.6133729901797,-1.10237781073862,0.364048008544652,-3.02811108662722,0.0024608760730972,0.00727239272966908
"ENSG00000182077.12",7.89865172121505,-1.21872741765648,0.331830135171748,-3.67274484285671,0.000239959053873877,0.000945235351825047
"ENSG00000182132.14",115.969619352501,-1.55235622291523,0.26391342837902,-5.88206607162788,4.05176523942118e-09,5.0253496532624e-08
"ENSG00000182156.10",2.19894093775083,-1.39818974739843,0.259554972130926,-5.38687329284967,7.16939382904031e-08,6.75372498464582e-07
"ENSG00000182168.15",303.975311162924,-1.84426982377325,0.218295055648808,-8.44851853511657,2.95022425254927e-17,1.5137928442525e-15
"ENSG00000182175.14",483.661812902058,-1.45734107714605,0.189301611754513,-7.69851383534935,1.37657831801021e-14,4.54796089452627e-13
"ENSG00000182183.15",44.3478800054744,-1.16795849322511,0.199961387686636,-5.84092012331623,5.19132924995391e-09,6.32362327920822e-08
"ENSG00000182223.7",1.78781303336839,-1.30952110598776,0.28929531398022,-4.52658941470892,5.99432429494933e-06,3.57030820215941e-05
"ENSG00000182255.7",21.0382647783591,-3.81402228934399,0.380439004109499,-10.0253187715901,1.17978280188568e-23,1.49951476489213e-21
"ENSG00000182272.12",1122.05913293029,-1.05034088456404,0.217019669271389,-4.83984188203033,1.29942472050036e-06,9.07828042249723e-06
"ENSG00000182329.14",7.56527274454441,-1.43726668444045,0.135243638988974,-10.6272405503495,2.22601542933979e-26,3.79170710140248e-24
"ENSG00000182348.7",2.07352995085294,-2.19581889051449,0.36602614948926,-5.99907655116569,1.98442796737629e-09,2.6191424318861e-08
"ENSG00000182366.10",20.5872002525109,1.07876604506978,0.271126898100571,3.97882339460701,6.92571602102869e-05,0.000315690512465447
"ENSG00000182463.16",369.293887618839,-2.3113927868838,0.172633279868982,-13.3890336129743,7.00867290652326e-41,5.02231833346413e-38
"ENSG00000182492.16",23715.0823436912,-1.12368294558451,0.14859622779474,-7.56198836444682,3.9695390038727e-14,1.22028091774376e-12
"ENSG00000182531.7",0.759219829505051,-1.68319621073993,0.367666318401073,-4.57805386704962,4.69321851124358e-06,2.87274738975413e-05
"ENSG00000182533.7",1.37927198027637,-1.74312718675556,0.368634629789887,-4.72860400486275,2.26068813994487e-06,1.49735012705002e-05
"ENSG00000182575.8",111.662726884526,-1.6472354326096,0.193193515681583,-8.52634948330529,1.510384852702e-17,8.06871661285352e-16
"ENSG00000182580.3",1934.2584239236,-1.55980238330641,0.171906702249269,-9.07354025699746,1.15211409570975e-19,8.64335127182103e-18
"ENSG00000182583.12",19.6725673265923,-1.27938638685545,0.391856249392775,-3.26493807062666,0.00109488012025221,0.00358112910662804
"ENSG00000182600.9",294.573544328118,-2.46653149950625,0.225357474215321,-10.9449731281136,7.02385527962297e-28,1.40348785159466e-25
"ENSG00000182601.7",2.33825507115834,-1.28382565114761,0.372098485344595,-3.45023079026694,0.000560107493947146,0.0019903546223864
"ENSG00000182612.10",6776.07164365646,1.52353645911023,0.233611923152606,6.52165539562373,6.95356284082822e-11,1.23295212794583e-09
"ENSG00000182632.15",86.3244600193039,-1.07722100383221,0.304592923751297,-3.53659234943939,0.000405324765480219,0.00149769807102497
"ENSG00000182667.14",689.521681051362,-2.34971470906346,0.216647002781334,-10.8458214463972,2.08752107155915e-27,3.99822814636595e-25
"ENSG00000182674.6",1.73527848344007,-1.39294528032585,0.360038831629833,-3.86887512666405,0.000109338618258565,0.000471550446410964
"ENSG00000182722.5",1.41279986627018,-1.39654478775832,0.27947783436746,-4.99697870823677,5.82354955157156e-07,4.45332780979608e-06
"ENSG00000182732.18",22.7529990535958,-1.48639695598192,0.277948758885549,-5.34773733814,8.90605848686653e-08,8.20921718410173e-07
"ENSG00000182752.10",196.891349093749,-2.88452639291938,0.21368655661135,-13.4988669323064,1.58799612328713e-41,1.15789991010631e-38
"ENSG00000182759.4",5.68283226380838,-1.30852058698871,0.221217753376422,-5.91507945007534,3.31715423292286e-09,4.19688171168158e-08
"ENSG00000182814.7",1.289990964903,-2.25195180720847,0.31999209378391,-7.03752327308816,1.95686859819501e-12,4.65282452392339e-11
"ENSG00000182816.9",4.31941664896951,1.24677317307719,0.367660159593172,3.39110219191763,0.000696121395431688,0.00241423543365586
"ENSG00000182836.10",95.6727125157555,-3.34678902385587,0.291813257253622,-11.46894097737,1.88957544568095e-30,4.75966876808435e-28
"ENSG00000182853.12",135.599697234263,-1.07767060877444,0.157296377324497,-6.85121060703927,7.32276133810622e-12,1.56719158977534e-10
"ENSG00000182870.13",8.65563059162122,-1.73864853537935,0.219420718846813,-7.92381204708918,2.30337708556922e-15,8.6245908495881e-14
"ENSG00000182896.13",0.821905302035948,-1.39775466626015,0.339614863138039,-4.11570522369047,3.8599737024494e-05,0.000187110131818523
"ENSG00000182898.4",1.12719679707084,1.76006243952876,0.544899780894476,3.23006633740896,0.001237614985963,0.00398771267156585
"ENSG00000182901.17",5.89734100510606,-2.52049547828808,0.315837306351887,-7.98036022850289,1.45906837987845e-15,5.64635009352963e-14
"ENSG00000182916.8",30.7751618973391,-2.13708278828762,0.191417733176429,-11.1644974205074,6.08342773592728e-29,1.34489055085431e-26
"ENSG00000182931.9",1.74313707987094,-2.21117430712749,0.302663213004971,-7.30572534790073,2.7577497000095e-13,7.5208394377818e-12
"ENSG00000183023.18",383.783047786719,-1.10683314502981,0.149248535639132,-7.41604023309164,1.20673855324431e-13,3.45892881034068e-12
"ENSG00000183049.13",595.842091991111,-1.06140713543648,0.154222894486726,-6.88229292394614,5.88967455092504e-12,1.28362167637937e-10
"ENSG00000183072.10",157.819687675593,-1.73793140434171,0.4197782994808,-4.14011731071201,3.47128257266217e-05,0.000170162020473401
"ENSG00000183090.5",2.6561271157072,-1.30094963561163,0.236201787752905,-5.50778911534987,3.63368328212433e-08,3.66027980057323e-07
"ENSG00000183098.11",1116.64544448769,-2.2364781898025,0.218222383173057,-10.2486195837615,1.20045673441373e-24,1.70867749300354e-22
"ENSG00000183114.8",43.6577468701392,-1.40303649837099,0.201782793312638,-6.95320188276487,3.57087098699541e-12,8.09228680269919e-11
"ENSG00000183128.7",0.99275756251295,-1.49293118028622,0.299727991601996,-4.98095347153517,6.32717526555314e-07,4.79323519167871e-06
"ENSG00000183146.4",5.73079540130661,-2.37579599460006,0.93279186469432,-2.54697332226264,0.0108661739813439,0.0262288408299064
"ENSG00000183166.11",19.0587666451628,-1.91329094195741,0.295973791790659,-6.46439311528864,1.01706155317415e-10,1.75690408449808e-09
"ENSG00000183185.9",0.570813483569966,-1.13986380207877,0.357437312010218,-3.18898940815162,0.00142771108733827,0.00452068628766976
"ENSG00000183230.17",12.761886348258,-1.7534756763894,0.252238099148571,-6.95166861115848,3.60990604735383e-12,8.17628965341252e-11
"ENSG00000183242.12",7.60776611909423,-2.48782919891001,0.325850223064405,-7.63488567082639,2.2602090745007e-14,7.21496233136697e-13
"ENSG00000183248.12",92.4293471729682,-1.17646007641011,0.198287915809081,-5.93309013113462,2.97285541703195e-09,3.79944086232109e-08
"ENSG00000183273.7",1.26583547364936,-1.29716697276471,0.292714546005879,-4.43150841140181,9.35761620308225e-06,5.29648978118622e-05
"ENSG00000183287.14",61.5738143943585,-1.91452291964631,0.217510141222401,-8.80199382376719,1.34406582396321e-18,8.54159996568179e-17
"ENSG00000183292.13",0.817988057308895,-1.26395285497712,0.4587771721529,-2.75504739925438,0.0058683633290613,0.0154494784748493
"ENSG00000183313.4",0.40759285746054,-1.39792269961357,0.4892499466131,-2.85727716332088,0.00427292544486682,0.0117266640869717
"ENSG00000183397.5",674.277030538833,1.51487186474967,0.140278065535744,10.7990644079967,3.47728642422946e-27,6.39482205149667e-25
"ENSG00000183470.9",0.356399069905402,-1.24746117010791,0.548797884719323,-2.27307940653946,0.0230213951855529,0.0496530994655916
"ENSG00000183508.5",1194.32223386822,-1.02363539155661,0.175658077362274,-5.82743137650014,5.62869830530327e-09,6.80255769017198e-08
"ENSG00000183542.5",5.32044147771664,-2.05910583790738,0.316031028679531,-6.51551794300362,7.24392631058925e-11,1.27735284395719e-09
"ENSG00000183607.10",0.548653484507533,-1.87447462411518,0.529718397725258,-3.53862473375408,0.000402217203609329,0.00148767032272056
"ENSG00000183631.5",0.947178303193405,-1.68759643224977,0.484211977330633,-3.48524305729313,0.000491690190554089,0.00177223377849354
"ENSG00000183632.14",1.0355910457382,1.71016867755478,0.333309771979619,5.13086870330147,2.88408037062156e-07,2.36893573841449e-06
"ENSG00000183643.4",0.826616239297094,-2.17192402109948,0.606600143017785,-3.58048715632401,0.000342954201800453,0.00129580568502095
"ENSG00000183644.13",3.80776588318615,-1.08194298457542,0.228376071880129,-4.73754967264396,2.16317845031675e-06,1.44190084534288e-05
"ENSG00000183654.9",2.98497981093545,-3.42155988827276,0.567433586578566,-6.02988608570673,1.64075289909971e-09,2.21262076548937e-08
"ENSG00000183662.11",6.61023577399687,-1.82395543883945,0.241090229405185,-7.56544735694803,3.86532032270409e-14,1.19176886685629e-12
"ENSG00000183668.18",7.00580801826624,2.13097977019121,0.425159410286828,5.01219006008495,5.381401110876e-07,4.15188032244716e-06
"ENSG00000183674.12",1739.11281544169,1.15604519790403,0.205038116206201,5.63819654264397,1.71840314266796e-08,1.85990290144702e-07
"ENSG00000183690.13",35.8078653949177,-1.2420164655812,0.238821301605217,-5.20061006800102,1.9863544360837e-07,1.69347411430791e-06
"ENSG00000183691.6",21.2603969583237,-1.36994915401819,0.275343170995151,-4.97542448235377,6.51048125980241e-07,4.91711106886985e-06
"ENSG00000183715.13",55.0278699656453,-2.95333533449545,0.281884359833437,-10.4771167021844,1.10047732249104e-25,1.7457266594417e-23
"ENSG00000183742.13",69.8484851017283,-1.03681457550579,0.177223449067416,-5.85032387622358,4.90616729640927e-09,6.00618925400183e-08
"ENSG00000183780.13",13.1307149839173,-1.04319829224915,0.228160368806646,-4.57221513843713,4.82595060020979e-06,2.94488560924856e-05
"ENSG00000183783.7",2.88108429124263,-2.21246549576371,0.326696095444085,-6.77224345995398,1.26800520387851e-11,2.58972148813753e-10
"ENSG00000183785.15",17.5778725464341,1.06785799978198,0.203117473764271,5.2573418721291,1.46152467383163e-07,1.28151663489009e-06
"ENSG00000183798.5",88.3236855024471,-2.43286179019613,0.258796005410897,-9.40069297566403,5.42048809159391e-21,4.87632740395728e-19
"ENSG00000183822.3",1.0024812325433,-1.3629996683055,0.345945436574629,-3.93992671734945,8.15065032509066e-05,0.000364568799840097
"ENSG00000183833.16",19.1608386511985,-1.18212828733276,0.261648487429053,-4.51800160951933,6.24260098818692e-06,3.69699319280457e-05
"ENSG00000183837.9",264.252851174591,-1.27196765639801,0.238693433209917,-5.32887578553276,9.88225516048464e-08,9.01535899375337e-07
"ENSG00000183840.7",23.3920072515619,-3.02834346044417,0.260720160349644,-11.615302232029,3.44567797863626e-31,9.1800812915436e-29
"ENSG00000183844.17",27.8940123412398,-1.48681978142554,0.18169531148453,-8.18303878772424,2.76774023272554e-16,1.20706001629107e-14
"ENSG00000183850.14",17.1033578550044,-1.30909185953946,0.250926906468781,-5.21702466252788,1.81820058752348e-07,1.56229176801015e-06
"ENSG00000183873.18",36.65037882707,-2.39932029078775,0.238317300190447,-10.0677554204851,7.67086893434183e-24,9.93198301087586e-22
"ENSG00000183908.7",21.3358084941571,-1.144739623096,0.226952924909143,-5.04395183959089,4.56014122536885e-07,3.57533653289531e-06
"ENSG00000183918.17",259.15969060709,-1.10732254974682,0.228586456591803,-4.84421765950997,1.27111528453498e-06,8.9059496722594e-06
"ENSG00000183971.10",64.1349609027526,-1.27982176581332,0.230894078817276,-5.54289556652573,2.97510317497894e-08,3.05538023618667e-07
"ENSG00000184058.14",73.9586879736562,-1.03345139634943,0.214298564077069,-4.82248399936903,1.41781406219157e-06,9.82611106433318e-06
"ENSG00000184106.8",3.93291287692471,-1.36147969282781,0.229597875256034,-5.92984447834966,3.03221738732128e-09,3.86461266641666e-08
"ENSG00000184108.8",2.36709128130418,-1.51861142234572,0.42855768744857,-3.54354026732508,0.000394793016390003,0.00146425016484038
"ENSG00000184226.15",1173.73485442646,-1.76177801552854,0.21443429088507,-8.21593415986251,2.10518946252878e-16,9.37790830028092e-15
"ENSG00000184261.5",25.4795350482522,-1.47197093889942,0.187259231199742,-7.86060547973375,3.8228105079699e-15,1.39493986244289e-13
"ENSG00000184293.7",40.5178854151755,-1.34719259199533,0.200204988215239,-6.7290660637635,1.70755519531211e-11,3.40544189191756e-10
"ENSG00000184347.15",1137.427412962,-1.17586811489679,0.189432291742269,-6.20732666052846,5.3893500477519e-10,8.08635980811063e-09
"ENSG00000184351.8",220.773121705845,1.15297050736964,0.361407880774419,3.19021960699659,0.00142164719516747,0.00450560475259648
"ENSG00000184374.3",4.38225857911655,-2.08933808711282,0.2685686695613,-7.77953024277068,7.27943427215736e-15,2.52544112870955e-13
"ENSG00000184408.10",21.6835997237686,-2.03394231461991,0.233788152240871,-8.69993750805792,3.3206698716281e-18,1.99153941132189e-16
"ENSG00000184454.7",29.5544199535002,-2.35512202460104,0.266969639285084,-8.82168485865209,1.12750196518904e-18,7.26530801196693e-17
"ENSG00000184459.8",16.1093097852904,1.21678047472755,0.38970552685348,3.12230746264226,0.00179439432694523,0.00551821065604865
"ENSG00000184471.8",0.305431552765149,-1.11541471776735,0.471169617956592,-2.3673315834853,0.0179168724965683,0.0402302028472377
"ENSG00000184502.4",0.900800795826864,-1.69425599828885,0.466987531358063,-3.62805403682133,0.000285565500880994,0.00110375461244452
"ENSG00000184515.11",43.3044428665073,-1.28330552354514,0.23058618653539,-5.5654050349984,2.6154418933125e-08,2.71825446286207e-07
"ENSG00000184560.8",0.565589474989276,-1.23737225382619,0.298621636000895,-4.14361219902527,3.41877686246956e-05,0.000167916809215268
"ENSG00000184564.11",457.50208696949,-2.96626684460255,0.331076096361488,-8.95947148465775,3.26238314936678e-19,2.30597225261874e-17
"ENSG00000184599.13",149.925459174538,-1.40137817217922,0.223291668477133,-6.27599848098557,3.47397573224437e-10,5.40769211174310e-09
"ENSG00000184601.11",1.65800976710336,-2.08517765408521,0.477138569682543,-4.37017207699756,1.24148664089373e-05,6.80541648230352e-05
"ENSG00000184617.10",1.92040646441996,-1.32745638970797,0.338427082724839,-3.92242954972747,8.76605295900606e-05,0.000387755101194349
"ENSG00000184669.9",6.098162024971,-1.02039133423379,0.2362818672763,-4.31853424046536,1.57068856808305e-05,8.40058657401462e-05
"ENSG00000184788.14",2.15569039945358,-1.66271627354247,0.313762072734719,-5.29929018842335,1.16253740751079e-07,1.04492603224402e-06
"ENSG00000184811.4",19.8680058390459,-1.56092564473978,0.334740948179024,-4.66308544930384,3.11503331810367e-06,1.9982561316102e-05
"ENSG00000184856.7",5.25465931495142,-1.01627184446925,0.383619485252009,-2.6491663837191,0.00806905951652789,0.0203239956139587
"ENSG00000184905.9",8.11271809921733,-1.95136858300491,0.304339328427546,-6.41181865349838,1.43793825246542e-10,2.40885085243724e-09
"ENSG00000184906.11",3.43510730248373,-3.40756903858581,0.38038047148163,-8.95831751118267,3.29670031491607e-19,2.32627263987338e-17
"ENSG00000184933.5",0.702377380261325,-1.47385035763535,0.342224865926744,-4.30667232097284,1.65728832275254e-05,8.81836093589056e-05
"ENSG00000184937.16",51.3726168895789,-2.02728506015018,0.289885489807852,-6.99339957130638,2.68303944654193e-12,6.22626942921137e-11
"ENSG00000184954.4",1.10014029704371,-2.55803301995665,0.847623843848861,-3.01788704803445,0.00254543759714638,0.00748662355194948
"ENSG00000184984.10",8.21169476849169,-1.59187443722008,0.186609828423893,-8.53049622661926,1.45721286506135e-17,7.82489419866666e-16
"ENSG00000184985.16",973.683464665029,-2.14252079752396,0.242970805499581,-8.81801742854929,1.16504122936616e-18,7.47244499612906e-17
"ENSG00000184995.7",4.74355530744384,-2.14065135224803,0.361786588275472,-5.91688974003119,3.28086470214427e-09,4.15602861171961e-08
"ENSG00000184999.12",2.09129435530583,-1.57118206489558,0.388895994367744,-4.04010863482912,5.34264486899163e-05,0.000250537071020005
"ENSG00000185002.10",2.49554864070877,-1.06143891275485,0.448498491896911,-2.36664990391724,0.0179499034746858,0.0402934857258921
"ENSG00000185052.12",205.412885353071,-2.3723924657624,0.224638909892364,-10.5609151455513,4.52231223971915e-26,7.51525449388098e-24
"ENSG00000185053.14",1.61661094366827,-2.13456647799267,0.409127402487373,-5.21736374785738,1.81487634032251e-07,1.55975786717295e-06
"ENSG00000185070.11",989.916894480659,-1.88574919699485,0.188108720650197,-10.0247834894457,1.18619293854819e-23,1.50306557658354e-21
"ENSG00000185101.13",330.210676831576,-1.21765048628267,0.21824378870515,-5.57931336102181,2.41469884349229e-08,2.52795247690747e-07
"ENSG00000185149.6",0.811268041855871,-2.51415816840516,0.567233232044862,-4.43231818301914,9.32253066754159e-06,5.27734976306679e-05
"ENSG00000185186.10",1.34768466690493,-1.26361473572716,0.273176070782856,-4.6256421073264,3.73439656457965e-06,2.34490089163105e-05
"ENSG00000185203.12",0.687636329645137,-1.62709586533467,0.405879352386167,-4.00881655045757,6.10237980190606e-05,0.00028155762580686
"ENSG00000185231.5",0.341205255320668,-1.8155172929447,0.774153379383341,-2.34516484884542,0.0190186686709534,0.042301932318429
"ENSG00000185271.9",11.6734723079725,-1.23294760355652,0.175413900439941,-7.02879076552239,2.08331107611271e-12,4.93370797409665e-11
"ENSG00000185274.12",29.1867643559833,-1.17707355888872,0.245996258590388,-4.7849246392348,1.71051499744107e-06,1.1667885167183e-05
"ENSG00000185303.17",16.782388282642,-3.50218491596577,0.433338813873636,-8.08186297613079,6.37847519854346e-16,2.62859565712113e-14
"ENSG00000185306.13",28.0532134772991,-1.87379889001815,0.282667540402244,-6.62898501664422,3.38002885574429e-11,6.32226639524951e-10
"ENSG00000185313.8",2.2766192463641,-1.39302800239813,0.332507011742078,-4.18946955464111,2.79607291494392e-05,0.000140299870205118
"ENSG00000185352.8",5.88243712573075,-2.27480775885554,0.329415058961211,-6.90559735195167,4.99926104844605e-12,1.10756549944304e-10
"ENSG00000185433.10",15.4894447035391,-1.01553015974643,0.22604349450913,-4.49263165901644,7.03483997885372e-06,4.11110825648367e-05
"ENSG00000185519.9",15.9719177715362,-1.72427240164825,0.25495843184617,-6.76295500079241,1.35205241861123e-11,2.7384991531345e-10
"ENSG00000185559.16",112.284841299744,-4.84638529367408,0.473782149893539,-10.2291428555573,1.46813012043253e-24,2.06143324545327e-22
"ENSG00000185594.7",1.67286972409774,-1.49015678546334,0.283745205294215,-5.2517426115384,1.50666908667036e-07,1.31602678563382e-06
"ENSG00000185610.6",1.86148400156618,-2.16486571742466,0.384515029396967,-5.63011989627508,1.80084392646502e-08,1.93903303812795e-07
"ENSG00000185615.16",54.7388710540646,-1.58718723956322,0.267029165083952,-5.94387223232423,2.78366603285097e-09,3.57492151295062e-08
"ENSG00000185630.19",846.86884195779,-1.25545312020589,0.19268459719617,-6.51558629218158,7.24062833363302e-11,1.2773132207235e-09
"ENSG00000185633.10",1666.36289819083,-1.38208425769414,0.17975221373406,-7.68883024572323,1.48486316571292e-14,4.87086684241202e-13
"ENSG00000185652.12",29.7956134829805,-1.83147616101292,0.270678770903762,-6.76623495406699,1.32176836452116e-11,2.68632453624588e-10
"ENSG00000185662.10",1.32771318033014,-1.45519896200056,0.344614274512819,-4.22268916183979,2.41404643731093e-05,0.000123273864144879
"ENSG00000185664.14",512716.079311752,1.6392744176267,0.275102823789762,5.95876987027753,2.54143685635154e-09,3.29056693531722e-08
"ENSG00000185758.9",1.2359915196848,-1.76465206305743,0.303993784794105,-5.80489520288261,6.44062745890615e-09,7.69210800135222e-08
"ENSG00000185823.5",0.623887847436768,-1.79113550148769,0.523251605496474,-3.42308648969786,0.0006191437391161,0.00217558776506115
"ENSG00000185888.5",1.37287572909471,-2.14885495198687,0.48641340581462,-4.4177543758032,9.97316635576862e-06,5.60141540646561e-05
"ENSG00000185897.7",3.71263423355508,-1.10978800121434,0.218096466323753,-5.08851894723921,3.6087073162562e-07,2.8999438027502e-06
"ENSG00000185962.1",6.94094179578905,-2.01065683634101,0.855157416791361,-2.35121253334293,0.0187123422673308,0.0417456988360067
"ENSG00000186038.9",1.87135949807706,-1.07574129294997,0.287191722462977,-3.74572527273536,0.000179873353053599,0.00073149670250623
"ENSG00000186075.13",1.0468960200151,-1.31516831699666,0.368568491269513,-3.56831456879735,0.000359284993159781,0.00134916903557163
"ENSG00000186124.4",1.18473994324016,1.48501179488895,0.346100933384808,4.29068994517233,1.78118859577895e-05,9.39463964692446e-05
"ENSG00000186160.5",1.20489343671459,-1.65228845456836,0.327987521101146,-5.03765646028594,4.71266298742676e-07,3.67826664945411e-06
"ENSG00000186191.8",10.082791874582,-2.01297546150515,0.299802407018938,-6.71434056024106,1.88918617227751e-11,3.74253363642507e-10
"ENSG00000186198.4",12.2491763507227,-1.82060876515973,0.180841901929075,-10.0674055389761,7.698199407314e-24,9.93641502381318e-22
"ENSG00000186230.7",732.131355661756,1.0619515252107,0.137722707405453,7.71079472090494,1.25036645648116e-14,4.1567363443107e-13
"ENSG00000186340.16",9625.3523300007,-1.79057499218221,0.23462873856295,-7.63152460840515,2.31993544698765e-14,7.38293698680711e-13
"ENSG00000186369.10",2.23392555742321,-2.60000639040573,0.42274239341284,-6.15033275800807,7.73205519009182e-10,1.12050096865619e-08
"ENSG00000186377.8",32.5708576929063,-1.06461413080038,0.182646033997797,-5.82883793038301,5.58146765320523e-09,6.75136666479964e-08
"ENSG00000186395.8",4495.12543499604,1.3135760552821,0.20532320003048,6.39760170836565,1.57836344547994e-10,2.63136548419724e-09
"ENSG00000186442.7",6.85552161304787,-1.66636612007322,0.321513962096147,-5.18287326997917,2.18493505658606e-07,1.8438633669407e-06
"ENSG00000186462.9",53.7254783079932,-1.55473874462142,0.241519297912287,-6.43732719522087,1.21595632427159e-10,2.0610757238734e-09
"ENSG00000186466.5",18.1520551823472,-3.12292753538721,0.309637210567978,-10.0857630439789,6.38670156440431e-24,8.34729844087334e-22
"ENSG00000186471.13",0.93459717676679,-1.43600557466329,0.329224555656669,-4.36178149530506,1.29007676464351e-05,7.03835265057937e-05
"ENSG00000186479.5",5.38669758772832,-1.64822292647612,0.267295817615162,-6.1662877525796,6.99118123289819e-10,1.02348529201027e-08
"ENSG00000186487.20",10.5512829052758,-1.00095708168169,0.346013699888273,-2.89282500087396,0.00381793955810508,0.0106454584673261
"ENSG00000186710.11",6.04755322815818,-1.47187011406982,0.200594793075315,-7.3375290131145,2.17573244707987e-13,6.03254115847455e-12
"ENSG00000186714.12",2.79677427077395,-1.07301995916204,0.190757179485857,-5.62505674519892,1.85447003391419e-08,1.99161456200366e-07
"ENSG00000186777.12",12.1394094431101,-1.2612797066871,0.239876652235646,-5.25803447285095,1.45603229883286e-07,1.27777902035665e-06
"ENSG00000186790.6",4.71058083319447,-1.00529683390749,0.223927862203285,-4.48937807031295,7.14314201087618e-06,4.16853788621224e-05
"ENSG00000186825.6",0.751474240945599,-1.28591447391871,0.280000964457074,-4.59253587362501,4.37892207093658e-06,2.70466278960122e-05
"ENSG00000186827.11",338.527374292564,-1.01851029173574,0.158821705170561,-6.41291623611486,1.42761969873793e-10,2.39252943221555e-09
"ENSG00000186867.11",23.5806337878115,-3.59715224327017,0.340953333574963,-10.5502773812279,5.06473503073645e-26,8.35319513283604e-24
"ENSG00000187026.3",0.681780235613042,1.32965552005312,0.474892510215624,2.79990838231875,0.00511171123754395,0.0137146047675942
"ENSG00000187033.9",0.484625947802912,-1.09900719836662,0.401454202459641,-2.73756555949144,0.00618957817670935,0.0161762716582025
"ENSG00000187045.19",12.7284875343227,-1.49507404508735,0.176422053807924,-8.47441696101715,2.36259788959368e-17,1.22742866859116e-15
"ENSG00000187048.13",1.55585917160061,-1.32848531594995,0.326040695670493,-4.07459968522629,4.60935662277293e-05,0.000219192311162115
"ENSG00000187098.17",14833.746103775,1.22496953670337,0.139238686281373,8.79762348682292,1.39743989548169e-18,8.85371904512346e-17
"ENSG00000187134.14",141.27556393451,-1.43514444383159,0.196375527816365,-7.30816339382991,2.70818362231525e-13,7.39051396655723e-12
"ENSG00000187151.7",3.26408465515703,-1.37487228196023,0.300208028906778,-4.57973188447658,4.65572362497541e-06,2.85273750996945e-05
"ENSG00000187180.3",12.1809317480132,2.48689689149511,0.960765671758833,2.58845311046808,0.0096408071537248,0.0236577449916225
"ENSG00000187260.16",97.2833228022396,-2.02079944402065,0.186811399483856,-10.817324047697,2.84976583281403e-27,5.28758783675968e-25
"ENSG00000187268.12",4.44303221940609,-1.0846389881611,0.323329621850868,-3.35459207836322,0.000794820959313538,0.00270817746441952
"ENSG00000187288.12",28.9073804093359,-1.12257581547405,0.23761295207354,-4.72438815173097,2.30809203475194e-06,1.525829825805e-05
"ENSG00000187323.12",48.5280471192668,-1.95230359250409,0.292709235512363,-6.66977107533606,2.56202746047539e-11,4.94082768182507e-10
"ENSG00000187398.12",16.8105301899095,-2.60490813538322,0.344669967029492,-7.5576881787334,4.10296194311219e-14,1.25943356188795e-12
"ENSG00000187486.5",41.2780323150911,-1.83888555430475,0.227809882022351,-8.07201837769415,6.91454645531184e-16,2.83414575715652e-14
"ENSG00000187492.9",2.6920733690403,-1.00145692914954,0.17677920889522,-5.66501533414557,1.47011388928311e-08,1.62200354304181e-07
"ENSG00000187510.10",5.29739375947964,-1.66120196859467,0.24886921872111,-6.67499973331881,2.47232614821592e-11,4.77929392428605e-10
"ENSG00000187516.7",1.28193148090532,-3.30954444450116,0.473432985080459,-6.99052357735215,2.73862266205431e-12,6.34816704296159e-11
"ENSG00000187533.14",2.06018386144628,-3.85109315964988,0.658714191727581,-5.84637951939337,5.02387131123094e-09,6.13582543160095e-08
"ENSG00000187546.14",701.447126334691,-2.54761587411988,0.282282686051021,-9.02505183636876,1.79610317176097e-19,1.31194446440649e-17
"ENSG00000187627.17",1.96882316069227,-1.18576720730602,0.266430030475783,-4.45057640532678,8.56401171724211e-06,4.89530264051735e-05
"ENSG00000187634.12",97.5860741460855,-2.22565744871958,0.202018588022126,-11.0170923899132,3.16105333175331e-28,6.44018130266328e-26
"ENSG00000187653.11",74.2992833191167,-1.14696571872191,0.173548987095243,-6.60888742665178,3.87219019646457e-11,7.18143547280055e-10
"ENSG00000187672.14",29.6784146594958,-2.38054097471332,0.228692354806109,-10.4093596689386,2.24728120039108e-25,3.43387872245051e-23
"ENSG00000187690.4",5.29624266578392,-1.79453146161168,0.307407618556196,-5.83762845579454,5.29490690211918e-09,6.43658732570568e-08
"ENSG00000187715.13",3.66548775750253,-1.47085182148895,0.243517295241828,-6.04003021645055,1.54085369746339e-09,2.09079207881075e-08
"ENSG00000187758.8",1.50551352415644,-2.12952899207798,0.359096892127122,-5.93023509466664,3.02501250223998e-09,3.85661256497233e-08
"ENSG00000187772.8",132.098538213043,-2.22470922694897,0.484043576961547,-4.59609285782489,4.30486910367616e-06,2.664070424166e-05
"ENSG00000187773.8",986.083931555069,1.09274993995124,0.277286202328516,3.94087383640026,8.11853199158919e-05,0.000363366817396543
"ENSG00000187783.12",1.8762682593168,-1.34562354222455,0.263290394415567,-5.11079618081573,3.20803940787493e-07,2.60364252821906e-06
"ENSG00000187800.13",335.363638489434,-1.12253761195773,0.152537847361822,-7.35907600226624,1.85187576985052e-13,5.17951956571516e-12
"ENSG00000187848.15",3.85346629913208,-1.21214348711036,0.313390722904145,-3.8678346183244,0.000109806092620916,0.000473222814341613
"ENSG00000187855.5",5.35510383292061,1.36538688455266,0.456852435993684,2.9886825087905,0.00280183108345303,0.00814086774139294
"ENSG00000187862.12",44.425824701016,-1.41584263220073,0.231195477207674,-6.12400661682897,9.12511043873278e-10,1.30060987673049e-08
"ENSG00000187867.10",92.585235534808,-1.43601094781005,0.233184831327433,-6.15825197391866,7.3552264287808e-10,1.07037087126396e-08
"ENSG00000187889.13",1.86434493305751,-1.33288221506491,0.312469248206908,-4.26564285194015,1.99327425853261e-05,0.000103763107130677
"ENSG00000187902.11",17.6535682709692,-1.10944833889882,0.201064222397248,-5.51788043477399,3.4311273490437e-08,3.46885222284004e-07
"ENSG00000187908.20",45.4853522209529,-2.21062713617887,0.327747518726137,-6.7449088394962,1.53123132638194e-11,3.0777422708251e-10
"ENSG00000187922.14",3.97009588594398,-1.23680132120493,0.274061097977321,-4.51286713193885,6.39570918287152e-06,3.77797704744892e-05
"ENSG00000187979.4",0.603099692765413,-1.34343458749317,0.464063970695884,-2.89493404428409,0.00379238206790847,0.0105869816970991
"ENSG00000187997.11",3.06784598585292,-1.19807334873234,0.290347828335136,-4.12633824610343,3.68585037706784e-05,0.0001797176365224
"ENSG00000188001.10",63.2995664741957,-1.01530918654615,0.16402527975553,-6.18995552429123,6.01811930549718e-10,8.93622988835561e-09
"ENSG00000188011.5",19.5604546340026,-1.11551587220326,0.275960564118236,-4.04230175339589,5.2929057359532e-05,0.000248456910094519
"ENSG00000188037.12",10.2233580178019,-1.97932539255276,0.212071484395659,-9.33329343260481,1.026312118397e-20,8.95431701660543e-19
"ENSG00000188042.8",2967.15435273682,-1.23531276997424,0.138958988702713,-8.88976511348293,6.12382242265079e-19,4.15201154209155e-17
"ENSG00000188051.7",21.5727884185128,-1.00107073204746,0.160321085638658,-6.24416138438416,4.26079895030819e-10,6.50817074504626e-09
"ENSG00000188064.10",83.3101396617696,-2.49559542305259,0.316311262277951,-7.88968247630602,3.02956355158887e-15,1.1152765308338e-13
"ENSG00000188107.15",24.4890352559501,-1.36560496389782,0.161243451723936,-8.46921192332115,2.47058826326966e-17,1.27714663430365e-15
"ENSG00000188124.3",6.02324796418027,-1.28229480572561,0.253639070930874,-5.05558864026547,4.29065282686924e-07,3.38640548405506e-06
"ENSG00000188158.16",162.77155890715,-1.61762384767453,0.168885498402674,-9.57822822547874,9.87239230576956e-22,9.76943735743796e-20
"ENSG00000188162.12",1.30422575845698,-1.64932060108829,0.334209596367312,-4.9349887585981,8.01553763891409e-07,5.90467521000616e-06
"ENSG00000188176.12",22.5135686594626,-1.22544254164362,0.181348492489439,-6.75739028663269,1.40499356636202e-11,2.84157384939845e-10
"ENSG00000188219.14",4.33281395407154,-1.08157825420818,0.211281579826127,-5.11913180078577,3.06945400989593e-07,2.50142446194696e-06
"ENSG00000188257.12",490.066062838372,-1.11046694073643,0.295036355644794,-3.76383086182558,0.000167330082157075,0.000686396849053725
"ENSG00000188263.10",12.8283308743152,-1.08628841729448,0.289486022851217,-3.75247276740813,0.000175098857913503,0.000714948298713135
"ENSG00000188269.10",188.124181262852,1.31802348203846,0.316338566495441,4.16649634801154,3.09316845662566e-05,0.000153573211987315
"ENSG00000188280.11",0.716953179130124,-1.51511485697484,0.377326615702279,-4.01539354480712,5.93466822145146e-05,0.000274795767179106
"ENSG00000188282.12",40.1069266719233,-1.84658740360011,0.214323257690209,-8.61589835606753,6.93953019327934e-18,3.96182354248731e-16
"ENSG00000188322.8",469.159769072915,-1.60534314012418,0.194470126984454,-8.25496010630217,1.51952987283088e-16,6.89461796665906e-15
"ENSG00000188334.3",0.712509140636168,1.96335351843984,0.679865614900362,2.88785529876751,0.00387878265104537,0.0107941054263641
"ENSG00000188338.15",50.7129683955232,-1.95958510682487,0.227754292870214,-8.60394367161955,7.70227920673946e-18,4.36728688118016e-16
"ENSG00000188403.7",17.7650019463787,-1.65503889513556,0.332410066666986,-4.97890726273823,6.39442707559114e-07,4.83825192273292e-06
"ENSG00000188452.14",7.53035030475285,-1.8838808373729,0.221344270753198,-8.51108922296642,1.72306979815081e-17,9.08809986684567e-16
"ENSG00000188467.11",1527.15588373449,1.52677240483684,0.216608480230251,7.04853477211009,1.80811570495209e-12,4.31890258213901e-11
"ENSG00000188488.14",1531.28218998737,-1.03824388607756,0.287662819623024,-3.60923906481259,0.000307096502237975,0.00117636357843454
"ENSG00000188508.11",309.203462926171,2.1231160334153,0.461945524667514,4.59603117693027,4.30614295535544e-06,2.66446201444816e-05
"ENSG00000188511.12",101.508951563983,-1.12058555805147,0.157546534124525,-7.11272745083534,1.13771818002897e-12,2.79797887564285e-11
"ENSG00000188580.15",7.02658913123106,-2.14926152255292,0.302661281999959,-7.10121066147207,1.23668698425767e-12,3.02882642544002e-11
"ENSG00000188582.10",4.52647287096686,-2.01092032666454,0.291139198712135,-6.90707515703802,4.94747857613161e-12,1.09726309808528e-10
"ENSG00000188641.14",1164.00580575883,-1.21948772252521,0.156237765375338,-7.80533259417512,5.93448301537202e-15,2.0849449119602e-13
"ENSG00000188676.13",8.48486545200277,-1.24668386172894,0.225221698963899,-5.53536301104263,3.10584404612319e-08,3.1685098243734e-07
"ENSG00000188691.5",0.733084131119295,-1.31065350860897,0.525223987054082,-2.49541822329987,0.0125808750396736,0.0297195821529449
"ENSG00000188729.6",8.05100830755294,-2.04678440395778,0.362005503606555,-5.65401460355234,1.56742884615837e-08,1.71390364914586e-07
"ENSG00000188730.5",2.94809411589183,-1.41126711849449,0.353259594041709,-3.99498596017709,6.46980868336104e-05,0.000296993802184506
"ENSG00000188738.15",50.8109202423986,-1.01758014871929,0.229320992544205,-4.43736152294535,9.10682706066318e-06,5.16791297508579e-05
"ENSG00000188765.7",2.69699399686771,-1.12142816302339,0.219741411923842,-5.10339927829376,3.33606103406295e-07,2.69753635598685e-06
"ENSG00000188766.12",430.930097110051,-2.18856373916059,0.183424240998025,-11.9317039408338,8.09003696588189e-33,2.52810613816529e-30
"ENSG00000188782.9",0.755297082996778,-1.00509866996767,0.347340365702235,-2.89369957890041,0.00380732244590672,0.0106222686109133
"ENSG00000188816.3",4.39858911769366,-2.06538593570787,0.367618203751402,-5.6182907011443,1.92855825958986e-08,2.06053312043892e-07
"ENSG00000188848.16",31.774388862826,-2.41002596637485,0.299298209875683,-8.05225653496521,8.12813142370163e-16,3.29903709210827e-14
"ENSG00000188916.9",31.1610051101062,-2.59384446949561,0.228464580660122,-11.3533767991564,7.13527544146046e-30,1.67545942315243e-27
"ENSG00000188937.6",7.5246699652623,1.17410981543879,0.33974855313467,3.45581991330333,0.000548621728308573,0.00195321366043866
"ENSG00000188959.9",3.80778813214166,-1.22082423673258,0.240838140948847,-5.06906519010158,3.99774297739235e-07,3.17755199132494e-06
"ENSG00000188991.3",0.801956901106332,-1.20007594865119,0.421185978070661,-2.84927801763109,0.00438185715881376,0.0119846503839575
"ENSG00000188992.11",2.69435526395956,-1.39371675336384,0.227648585551245,-6.12222891694668,9.22753219121386e-10,1.31295683988781e-08
"ENSG00000189001.11",699.127640829204,1.41800626638678,0.351821559342337,4.03047007419747,5.56654161062343e-05,0.000259746943326295
"ENSG00000189023.10",9.5359624855277,-2.06784278904468,0.591899262907053,-3.49357216444009,0.000476604151368762,0.00172548969853558
"ENSG00000189056.14",772.891804681027,-3.9996844937621,0.276169203981103,-14.4827317315068,1.55780803997961e-47,1.96198841689795e-44
"ENSG00000189108.13",21.3665979575966,-2.98013934209337,0.385447690623043,-7.73163107366457,1.06177275811676e-14,3.58193176727668e-13
"ENSG00000189120.5",113.097266612902,-1.48997522382679,0.196036439168849,-7.60050136670488,2.94985648934477e-14,9.23903055087771e-13
"ENSG00000189143.9",173.253113256383,-1.44540002577049,0.228264734075636,-6.33212148001607,2.41812972792571e-10,3.87142942034084e-09
"ENSG00000189184.12",717.651665229391,-1.88240079691674,0.173725477188035,-10.8354907258611,2.33708973676541e-27,4.41518743815655e-25
"ENSG00000189196.4",1.47468670514436,-1.81429183982176,0.287067066778696,-6.32009746078056,2.61398389899097e-10,4.16254401570354e-09
"ENSG00000189212.12",18.3083932623103,-2.21840672299339,0.303956670507698,-7.29843079044126,2.91143197250446e-13,7.88819658678164e-12
"ENSG00000189223.15",931.331495783745,-1.25759349642375,0.198747654510089,-6.32758912060473,2.49021152895168e-10,3.97763918394657e-09
"ENSG00000189229.11",17.8064518569832,-1.82822433841576,0.335767676084219,-5.44490869322751,5.1831966193219e-08,5.03797983845315e-07
"ENSG00000189233.12",78.135635779771,-1.31025958315364,0.244752574515545,-5.35340470165482,8.63145031071173e-08,7.98648149664916e-07
"ENSG00000189275.4",1.19486938877106,1.36654256291426,0.453605313864268,3.01262467864997,0.0025899902046032,0.00760743271263027
"ENSG00000189299.7",39.4743677607547,-4.85682062261248,0.558487182226404,-8.69638691303676,3.42618789941743e-18,2.04596582579867e-16
"ENSG00000189316.3",0.732693437855892,-1.00940226768947,0.368979102783434,-2.73566242661152,0.00622548539150567,0.0162568248204171
"ENSG00000189320.9",116.401986856753,-2.06665358854142,0.233978150982833,-8.8326776660999,1.02199212150092e-18,6.63688071153456e-17
"ENSG00000189325.7",1.1241896422755,-1.59646647157285,0.332120271470993,-4.80689258894659,1.53294295711591e-06,1.05606124952182e-05
"ENSG00000189334.9",247.099871298864,1.27733997698318,0.319750463779091,3.99480257788045,6.47481831191017e-05,0.000297190942771519
"ENSG00000189367.15",1.41853693241387,-1.2463012281348,0.319907619188316,-3.89581602119066,9.78686603976855e-05,0.00042691197139469
"ENSG00000189398.5",2.32143945304036,-1.26770635439664,0.318241174203602,-3.98347686332253,6.79142862658834e-05,0.000310147628368602
"ENSG00000189409.14",3.73545127573539,-1.15496631899702,0.202625417284641,-5.70000710905171,1.19802431944801e-08,1.35011623549073e-07
"ENSG00000196074.13",334.608345399226,-1.00455112887487,0.172014210917021,-5.83993103546232,5.2222435307714e-09,6.35569211203282e-08
"ENSG00000196090.12",16.9407165339182,-1.52848932981174,0.267643829418702,-5.71090816153499,1.123748790632e-08,1.27679735473612e-07
"ENSG00000196091.15",126.378580188671,-3.89284924590414,0.322966724079835,-12.0534066071211,1.86096567971559e-33,6.4996181159949e-31
"ENSG00000196104.11",6.66601832267846,-1.90629300563122,0.323688712519712,-5.88927859359673,3.87885083927394e-09,4.83686764422153e-08
"ENSG00000196109.9",11.2312711858455,-1.11937024227802,0.266293432186943,-4.2035217807858,2.62793851532006e-05,0.000132857779556906
"ENSG00000196132.14",145.000439387676,-2.26374502885587,0.21555755917377,-10.5018123119077,8.47374051937931e-26,1.35456001333247e-23
"ENSG00000196136.18",71.3556096358157,-1.30209632564554,0.290775299650794,-4.47801559214037,7.53400999625122e-06,4.37452533478895e-05
"ENSG00000196139.14",185.621236014416,-1.34054196976329,0.179762268533718,-7.45730447606055,8.83104704919837e-14,2.58112501729102e-12
"ENSG00000196159.14",325.85965549435,-1.08316159123296,0.158106272832298,-6.85084514250653,7.34149557137457e-12,1.56958456243554e-10
"ENSG00000196167.10",20.4825519749085,-1.21409635205088,0.233134144214021,-5.20771573869642,1.91179500325757e-07,1.63561185519537e-06
"ENSG00000196172.9",88.5482836212963,-1.02836426853609,0.172308450394086,-5.96815922947549,2.39945152232868e-09,3.12131468453911e-08
"ENSG00000196277.16",9.93288444117044,-2.06590878197242,0.302455887903046,-6.83044656956607,8.46507036975636e-12,1.78500890262716e-10
"ENSG00000196329.11",52.919040746498,-1.43076645861225,0.202397770904003,-7.06908209621965,1.55961865094952e-12,3.75337987091858e-11
"ENSG00000196335.13",39.2061577285684,-1.68542390918385,0.298183401411381,-5.65230626925004,1.58309183451204e-08,1.73011997964737e-07
"ENSG00000196338.13",531.82574307592,-1.26879236337559,0.198840525092048,-6.38095460061894,1.75987479526621e-10,2.90830680878148e-09
"ENSG00000196341.3",3.27817251944102,-1.58622032392821,0.451844440507446,-3.51054518264471,0.000447188803484182,0.00163264766781532
"ENSG00000196350.9",1.79980588189333,-1.72366850020285,0.511036772342747,-3.37288546243166,0.000743848883212835,0.00255587361806315
"ENSG00000196353.11",9.55290945920949,-1.39987138480247,0.220181274669547,-6.35781306518197,2.04646295477306e-10,3.31857562724455e-09
"ENSG00000196361.10",16.3208961224681,-2.24674273181824,0.258213622687131,-8.70110069498752,3.28680454066686e-18,1.97407760576873e-16
"ENSG00000196368.5",141.916699403538,-1.28182483034155,0.213627315393759,-6.00028525368529,1.96971191883744e-09,2.60468236623359e-08
"ENSG00000196376.11",999.974560153471,-1.5201847243058,0.246738141455815,-6.16112578029622,7.22295895708729e-10,1.0543844532064e-08
"ENSG00000196381.11",41.9280985803228,-1.147088236515,0.190641617509819,-6.01698753660605,1.7769275655159e-09,2.37621182361557e-08
"ENSG00000196406.4",0.701932426104503,-2.72406175228783,0.952420234692602,-2.86014686906251,0.00423444852078583,0.0116350753286329
"ENSG00000196420.7",40.9561471526558,-1.18647117801328,0.23959072606219,-4.95207472139513,7.34263975651358e-07,5.46546637352329e-06
"ENSG00000196460.14",80.3892806126905,-2.98255073248272,0.203412119077313,-14.6626009601183,1.11902872676084e-48,1.55030239805447e-45
"ENSG00000196468.8",1.61213894954822,-1.22970046013557,0.34846358135086,-3.52892102918903,0.000417257624963681,0.00153700801282819
"ENSG00000196534.5",0.830092300371851,-2.00786322418692,0.444083156337853,-4.5213676662381,6.14413652431833e-06,3.64877836331835e-05
"ENSG00000196569.13",509.600788235408,-1.23482957865325,0.169386550627653,-7.29000959094837,3.09932960223026e-13,8.34289746942318e-12
"ENSG00000196581.11",83.9497054375462,-2.0509352819184,0.232174515259275,-8.83359347010189,1.01365558267075e-18,6.60337826441407e-17
"ENSG00000196604.13",9.18114178799602,-1.40105034880802,0.210655795353061,-6.6508986684171,2.91308798893466e-11,5.53100790297407e-10
"ENSG00000196616.14",199.353739064915,-1.65293494698577,0.348056878226458,-4.74903686836585,2.04387683366608e-06,1.37012272517467e-05
"ENSG00000196620.10",1.25356380128738,-1.85112987929926,0.399544581883292,-4.63309969208889,3.60230957865005e-06,2.27329472681223e-05
"ENSG00000196628.20",2563.67674995947,-2.13372834758544,0.152092272331777,-14.0291700220698,1.03354059645262e-44,9.5457809488364e-42
"ENSG00000196634.3",1.27259623182575,1.18178996599141,0.486762330381618,2.42785830420545,0.0151882759260701,0.0349106915186001
"ENSG00000196639.7",296.998274766669,-1.1931428492721,0.152657543170175,-7.81581325425922,5.4609286987232e-15,1.93492854711282e-13
"ENSG00000196684.12",295.192726251697,-1.18993950159959,0.221612483022755,-5.3694606250019,7.89724762874618e-08,7.36757364637371e-07
"ENSG00000196711.9",0.473878164424,-1.52668952417166,0.547382162613626,-2.78907430392336,0.00528589360994545,0.0141217657785275
"ENSG00000196734.9",16.5246149460346,1.43057136283244,0.612954058025181,2.33389655244549,0.0196011393208218,0.0433723341559918
"ENSG00000196748.10",0.700572571381277,-1.30915593588373,0.464402168438255,-2.81901340014476,0.00481715070689956,0.0130294427749681
"ENSG00000196893.3",5.70279857010188,1.15250736243269,0.348063426595373,3.31119926533532,0.000928970320734885,0.00310243989316057
"ENSG00000196970.8",0.564057711897521,-1.68311703915466,0.393684498187954,-4.27529416805002,1.90885085523754e-05,9.99063836360441e-05
"ENSG00000196979.1",2.95346286327028,-1.28340172100192,0.249148103522634,-5.15115990391366,2.58880339786381e-07,2.14933773116292e-06
"ENSG00000197046.12",116.123673412926,-1.64552903986461,0.199386280080636,-8.25297026053708,1.54505511154324e-16,6.9799544071696e-15
"ENSG00000197057.10",81.7626632534194,-1.07456796002503,0.230778297662578,-4.65627821553725,3.2197677202788e-06,2.05845233026038e-05
"ENSG00000197085.11",0.450679452126431,-1.15094069533388,0.405129055750431,-2.84092359952303,0.00449830876238739,0.012263608316323
"ENSG00000197106.7",5910.16889760648,1.13349263386052,0.244430172761566,4.63728606437722,3.53013685313436e-06,2.23215499604397e-05
"ENSG00000197123.9",2.02750856609998,-1.87353377968435,0.549618247439862,-3.4087910807389,0.000652514306929805,0.00227878326397921
"ENSG00000197124.12",84.3763989443619,-1.21267374719551,0.160759405731941,-7.5434077506954,4.57846745616765e-14,1.39202826929949e-12
"ENSG00000197165.11",3.33408416617552,-1.86335157542536,0.314400645892326,-5.92667858597053,3.09123177746587e-09,3.93500076983266e-08
"ENSG00000197182.14",139.636690605214,-1.01882782057081,0.150623057199698,-6.76408937324937,1.34150258087983e-11,2.71978196422085e-10
"ENSG00000197208.6",147.134377784552,-1.45373550260841,0.165321458591734,-8.79338662380458,1.45118034606063e-18,9.12465318350561e-17
"ENSG00000197213.10",2.71958428662327,-1.28547307262117,0.271509632367525,-4.73453947623159,2.19553037519104e-06,1.46063549721069e-05
"ENSG00000197233.7",0.580512914313528,-1.03248471769167,0.396449003741718,-2.60433172475399,0.00920536122198285,0.0227503849145538
"ENSG00000197241.3",1.37897655592073,-1.01753333068489,0.254496651232155,-3.99821893827862,6.38209053719529e-05,0.000293291073537053
"ENSG00000197251.3",1.88611529309889,-1.24283665824153,0.218426039858805,-5.68996562426774,1.27064949107051e-08,1.42231979929632e-07
"ENSG00000197254.4",0.750784479520857,1.41419577874446,0.300505117687964,4.70606221160241,2.52547477950132e-06,1.65245249977383e-05
"ENSG00000197261.11",82.4973838425894,-3.81392494015874,0.323542084949268,-11.7880335127245,4.49923926884116e-32,1.29859293396928e-29
"ENSG00000197301.7",236.444113752731,-1.51486939768438,0.326635896024661,-4.63779215977538,3.52150633257854e-06,2.2270366128215e-05
"ENSG00000197309.3",0.578236792390317,-1.85755920504424,0.521368516668214,-3.56285265730064,0.000366846602588152,0.00137334520777957
"ENSG00000197320.5",0.519295873871365,-2.27238127148958,0.600869408421914,-3.78182220568963,0.000155684543881501,0.00064447818852619
"ENSG00000197360.9",4.20932112113976,-2.37488228829496,0.372609798584852,-6.37364421793148,1.84588531883921e-10,3.0239923382576e-09
"ENSG00000197410.14",29.8417130658628,-2.86346912164395,0.281007920754235,-10.1899943388012,2.19777009681813e-24,3.01464424963548e-22
"ENSG00000197415.12",1268.83229315456,1.45721822363115,0.231915207506075,6.2834095241166,3.31227010676893e-10,5.17535978111016e-09
"ENSG00000197467.16",213.424720975968,-1.1563790567101,0.151025111535243,-7.65686609965027,1.9052509618121e-14,6.17194391853736e-13
"ENSG00000197475.11",1.364956559405,-2.03502218917895,0.75015303085333,-2.71280939418992,0.00667154688746609,0.0172815725607271
"ENSG00000197476.3",8.11926890517466,-1.24565472914401,0.406921113145886,-3.06117006196588,0.00220473830739782,0.00660372827414732
"ENSG00000197535.15",17306.8819810539,1.00019125079897,0.119799568389403,8.3488719053469,6.89180310020852e-17,3.33066419128914e-15
"ENSG00000197549.9",4.59840744113863,-1.87161339655432,0.373598453084961,-5.00969257527599,5.4517050808141e-07,4.2004743483928e-06
"ENSG00000197558.13",59.2641237761299,-2.04335506527822,0.176553382752652,-11.5735820714403,5.60909463641125e-31,1.45703244549078e-28
"ENSG00000197561.7",3.3118125738553,-1.18266002501134,0.287145981803144,-4.11867168603504,3.81062607505096e-05,0.000184912131852035
"ENSG00000197565.16",57.7415227375652,-1.53944251232575,0.259839338328344,-5.92459372098786,3.13070422301663e-09,3.97980348667883e-08
"ENSG00000197584.12",2.42763328060284,-1.28374472241243,0.248815553346288,-5.15942313552154,2.47711894778429e-07,2.06486196766568e-06
"ENSG00000197595.4",3.49074969235381,1.15925828807988,0.403398029938279,2.87373314207126,0.0040565155523284,0.0112247266942254
"ENSG00000197614.11",491.076176129623,-1.0096050725842,0.23626237496011,-4.27323678920378,1.92655674315632e-05,0.000100673550487044
"ENSG00000197616.13",4.38685430500646,-1.59284944139275,0.256397266733954,-6.21242754138072,5.21722405306799e-10,7.84508922191071e-09
"ENSG00000197632.9",129.569576253418,-1.54241226131591,0.309072786433158,-4.99044991672046,6.02388182473648e-07,4.59300268574019e-06
"ENSG00000197641.12",32.1030092040201,1.77013902665074,0.462741663097004,3.82532883424345,0.000130597647263366,0.000551447669974602
"ENSG00000197646.8",262.577286120352,-1.24884889064191,0.181413733422068,-6.88398208385031,5.82021978884273e-12,1.27181900559349e-10
"ENSG00000197653.16",45.4959345918352,-1.15747113759177,0.176789520972866,-6.54717050661291,5.86374042203878e-11,1.0550163611289e-09
"ENSG00000197692.5",227.021535989937,2.35996894340022,0.216677724149892,10.8916085059471,1.26388019400565e-27,2.45464432818986e-25
"ENSG00000197826.12",1.64276542901293,-2.62366897375695,0.396480000726881,-6.61740559157306,3.6555752319348e-11,6.79485768290134e-10
"ENSG00000197849.6",0.94769965361312,-1.22098070674105,0.465642494437791,-2.62214192503037,0.00873790347887722,0.0217698563954619
"ENSG00000197870.12",10.4653745838901,-2.00999461399108,0.258559975893717,-7.77380415141012,7.616346724337e-15,2.63353246719546e-13
"ENSG00000197872.11",442.239832309944,-1.20172014923642,0.146174012681396,-8.22116138971784,2.01541831695543e-16,8.99729496125688e-15
"ENSG00000197880.9",8.1105083754362,-1.33813684391917,0.241649313066882,-5.53751561275416,3.06792353341651e-08,3.13598224042934e-07
"ENSG00000197888.2",5.81476023755811,-1.44481217409928,0.376691200457617,-3.83553470944921,0.000125291409641782,0.000531580396848891
"ENSG00000197921.6",10.1917122515017,-1.1901455886484,0.25543927034036,-4.65921151067568,3.17422916065374e-06,2.03277831086426e-05
"ENSG00000197953.6",6.39430923347249,1.33167031386031,0.526417933853244,2.52968264989155,0.0114165735116883,0.0273373748151569
"ENSG00000197959.14",249.098480203346,-1.35548245138026,0.162206743853854,-8.35651107454285,6.46003712257721e-17,3.14762090138985e-15
"ENSG00000197971.16",12825.1203185406,1.13995506181614,0.14780617322496,7.71249966725767,1.23376999591754e-14,4.10880998159653e-13
"ENSG00000198028.4",118.14431024292,-1.00847687164665,0.337837772875258,-2.98509211407516,0.00283492939996959,0.00822343214136908
"ENSG00000198049.7",1.0837534319834,-1.27944311709337,0.337649303424315,-3.78926627159519,0.000151092894482656,0.000627094355950485
"ENSG00000198075.10",234.701425894685,-1.46056629313088,0.242246034606677,-6.02926811785518,1.64703846696664e-09,2.21893720466994e-08
"ENSG00000198088.10",14.1834911060735,-1.26469772468917,0.249677100849983,-5.06533326598125,4.07686478712925e-07,3.23672692039476e-06
"ENSG00000198099.9",3.48371772602922,-2.73950830602962,0.366593985949031,-7.47286756201861,7.84658102682654e-14,2.31619034543299e-12
"ENSG00000198121.13",921.2514059558,-1.68713641079763,0.19915249820455,-8.47158045220586,2.42085693832825e-17,1.25455930262841e-15
"ENSG00000198153.8",0.841200531151153,-1.92048057689194,0.390603872068104,-4.91669620867734,8.80169769740461e-07,6.42797680020261e-06
"ENSG00000198185.11",232.694991938797,-1.1713579471467,0.225262339588536,-5.19997239346043,1.99318128390235e-07,1.69859750915624e-06
"ENSG00000198286.10",605.853684574834,-1.01847387894923,0.200142772156598,-5.08873674514885,3.60456584954625e-07,2.89773628314974e-06
"ENSG00000198300.14",104.82894052088,-1.05319282667013,0.30481954979324,-3.45513543138725,0.000550016468442651,0.00195717332717581
"ENSG00000198312.4",0.493125453744803,-1.57608490081123,0.479768692064919,-3.28509326864948,0.00101948617714502,0.0033655190225974
"ENSG00000198354.7",16.0336048350743,-1.55030858382928,0.34375242671603,-4.50995676929422,6.48408380380381e-06,3.82257434118715e-05
"ENSG00000198358.4",3.38561203197997,1.7476333260305,0.29880177596521,5.84880501591793,4.95117059673128e-09,6.04881106235584e-08
"ENSG00000198443.6",1.37003559858629,1.64337578358779,0.497910706354993,3.30054317493651,0.000964978648452217,0.00320646327046459
"ENSG00000198467.16",4224.24786332314,-1.03832232175977,0.135824591763596,-7.64458268033658,2.09624077727301e-14,6.72252771489359e-13
"ENSG00000198523.6",200.799368088964,-2.65096140041389,0.226399424215061,-11.7092232438529,1.14322133513436e-31,3.14665994244068e-29
"ENSG00000198535.5",6.73420398723594,-1.88941149039925,0.253968173874661,-7.43956008965013,1.0102114114168e-13,2.92384447641401e-12
"ENSG00000198570.6",0.674066542599151,-1.79593488905556,0.385441031267742,-4.65942840373949,3.17088660000788e-06,2.03157682857295e-05
"ENSG00000198573.7",0.65748048733511,-1.80576695229749,0.698625334446787,-2.58474301354589,0.0097451602623753,0.0238758079690083
"ENSG00000198576.4",287.095879591683,-1.06113571322116,0.227494910550152,-4.66443715446209,3.09462887002389e-06,1.98670010960663e-05
"ENSG00000198597.9",326.430981044934,-1.89715589685634,0.335895917180346,-5.64804690923866,1.62280901848909e-08,1.76980289757133e-07
"ENSG00000198610.11",0.900898614487475,-2.88146434733538,0.460304151958,-6.25991387450769,3.85190144081492e-10,5.93168579092518e-09
"ENSG00000198650.11",2.96699411274562,-2.09526039205377,0.287227400066303,-7.2947789506506,2.99149816178631e-13,8.08404724318354e-12
"ENSG00000198673.10",55.0662182226989,-1.53730256157896,0.15835431261787,-9.70799301998602,2.78771986443987e-22,2.97085161553462e-20
"ENSG00000198681.7",599.915153696683,-1.30444564585853,0.408846586088691,-3.19055041730386,0.00142002062184205,0.00450113614132088
"ENSG00000198704.9",0.541986585061316,-2.09183422686102,0.714504816632617,-2.92766987452877,0.00341512443156592,0.00968142702576516
"ENSG00000198715.13",9221.70947076012,1.20783166288291,0.113084951145956,10.6807462057793,1.25260700111849e-26,2.16920217418694e-24
"ENSG00000198732.11",186.257400330088,-2.83164385018632,0.253671336668751,-11.1626480444022,6.21134251160185e-29,1.36590379612273e-26
"ENSG00000198734.12",771.42603834705,-1.63373112474967,0.256441223247445,-6.37078198294686,1.88066822210288e-10,3.07249735247798e-09
"ENSG00000198739.11",3.50260494290071,-4.28901554912457,0.441572390734209,-9.7130519007159,2.65272966113949e-22,2.85628886467045e-20
"ENSG00000198743.7",5863.657420883,-1.21113952863833,0.168940674694518,-7.16902268105854,7.55350433565314e-13,1.92246630250102e-11
"ENSG00000198758.11",1.83655212407643,-1.50286846998531,0.36843772230748,-4.07902985767317,4.52240289989762e-05,0.000215570355369887
"ENSG00000198765.12",1.79761904072741,-1.35752783111981,0.469353850635731,-2.89233342664829,0.00382391892334063,0.0106592701738352
"ENSG00000198768.11",201.447564648894,-3.09409701265521,0.246362640885255,-12.5591161124803,3.54268187468641e-36,1.63601048973018e-33
"ENSG00000198771.11",1337.15429989987,-1.04270570127077,0.170769078037892,-6.10593974770656,1.02197558857914e-09,1.43789266799343e-08
"ENSG00000198774.5",59.5893680657558,-1.62101006575026,0.194417759320815,-8.33776745197119,7.57062739143825e-17,3.62674316016682e-15
"ENSG00000198788.9",1.77319088896318,-1.18780077912948,0.392882441442555,-3.02329820281152,0.00250035724702612,0.00737458764856878
"ENSG00000198795.11",847.872571138594,-1.14420763049761,0.180080949386388,-6.35385161171354,2.09989410833886e-10,3.39726737760917e-09
"ENSG00000198796.7",87.2105854823228,-1.49252066487995,0.189443223039186,-7.87845899650485,3.31443223757023e-15,1.21583788753658e-13
"ENSG00000198797.7",23.1337299914977,-4.65002310881993,0.363833880367797,-12.7806214861553,2.10381670149579e-37,1.10682062971605e-34
"ENSG00000198798.5",0.628539576883345,-1.85235597646063,0.632623045008066,-2.92805643277983,0.00341088130692199,0.0096713773283048
"ENSG00000198822.10",3.30293704053977,-1.27170896804056,0.244102702685806,-5.20972915927698,1.89116494824209e-07,1.61962904551489e-06
"ENSG00000198842.10",8.01555948024636,-1.30370166091824,0.295173524710926,-4.41672965824086,1.00205427229867e-05,5.62451358821184e-05
"ENSG00000198846.6",403.467209142059,-1.09565464534015,0.199561825660797,-5.49030177345877,4.01247588195488e-08,4.00784721475147e-07
"ENSG00000198865.10",66.7332349070001,-1.68336771562119,0.236689599848873,-7.11213216252859,1.14263760759972e-12,2.80675557015718e-11
"ENSG00000198883.12",37.286002975395,-2.13387632786456,0.368628878866285,-5.78868463704549,7.09397419925497e-09,8.39520944389052e-08
"ENSG00000198889.5",13.4628645306601,1.98351395413825,0.578292636667578,3.42994848692572,0.000603695848084197,0.00212796258485925
"ENSG00000198910.14",16660.6888182846,1.18360110393962,0.234381042974403,5.04990117340199,4.42038690093207e-07,3.47691370886712e-06
"ENSG00000198944.6",18.7175414184874,-1.38646759173471,0.272848030500935,-5.08146453976315,3.7453593669651e-07,2.99874062819887e-06
"ENSG00000199082.1",0.653550007850849,-1.36051377177365,0.394815794398788,-3.44594565636715,0.000569064785147414,0.00201856026289125
"ENSG00000199161.1",1.15457018205445,-1.09734526616165,0.257014767345623,-4.26958060618355,1.95840865155993e-05,0.000102152836817437
"ENSG00000199370.2",0.551875667672159,-1.5611191034335,0.581032848334712,-2.68680008007774,0.00721401162251455,0.0184669100181664
"ENSG00000199568.1",1.1839049342892,1.00721241695748,0.30919266530147,3.25755598366288,0.00112376089396929,0.0036663592334682
"ENSG00000199866.1",0.507560495606548,-1.14242454544432,0.440371337888847,-2.59423002169292,0.00948030369903462,0.0233203351289818
"ENSG00000199899.2",0.497259636168936,-1.61715389277032,0.411466911576956,-3.93021612982814,8.48695390200186e-05,0.000377216103170785
"ENSG00000199959.1",1.17597499886641,1.12248851255518,0.328795197444101,3.41394436804696,0.000640296485673982,0.00224119947259408
"ENSG00000200135.1",0.492058396657793,-1.10374108419109,0.292174001692242,-3.77768411220142,0.000158293477614769,0.000653326069178254
"ENSG00000200164.1",2.00467056986937,-1.03745861796546,0.249364949261653,-4.16040273918719,3.1768688620497e-05,0.00015720564786821
"ENSG00000200372.1",0.562588387417809,-1.97907006439403,0.564790572314902,-3.50407772616039,0.000458191602649299,0.00166666894707773
"ENSG00000200702.1",0.585648434721643,-2.40668619463037,0.679531183431315,-3.54168617027658,0.000397578187142438,0.00147286370203779
"ENSG00000200711.1",0.60826831614708,-1.46504272691018,0.335787770445635,-4.36300203835855,1.28289747707737e-05,7.00378102486402e-05
"ENSG00000200753.1",0.336773783415583,-1.6097910220931,0.455856693673247,-3.53135326174891,0.000413439184043832,0.00152442861668113
"ENSG00000200795.1",2.69447559076149,-1.00520456173188,0.250148084546477,-4.01843797266861,5.85852265623172e-05,0.00027151195209445
"ENSG00000201078.1",0.582804122220852,-1.24759903649839,0.369192048316293,-3.37926843816947,0.000726790049161537,0.00250619684097036
"ENSG00000201363.2",1.08503980212898,-1.12147019760365,0.324211683261765,-3.45906781125523,0.000542048416975458,0.00193229404806021
"ENSG00000201700.3",0.41164704869068,-1.85250614824144,0.654252564763111,-2.83148473237118,0.0046332445485508,0.0125885408855899
"ENSG00000201724.1",0.886066818892254,-1.21309117229457,0.233721283981318,-5.19033248333314,2.09918904231731e-07,1.78017741229937e-06
"ENSG00000202081.1",0.890628719420946,-1.14513116141164,0.280904508415496,-4.07658519925867,4.57019146035314e-05,0.000217628663468374
"ENSG00000202268.2",0.466751799402711,-1.42001762859692,0.57000000701902,-2.49125896686091,0.0127291302717348,0.0300109008229237
"ENSG00000202474.1",0.779968904729988,-1.11536956345378,0.261261659864245,-4.26916664325464,1.96204645412615e-05,0.000102304070664147
"ENSG00000203280.4",0.703836775095071,-1.28377120820054,0.309037121541927,-4.15410032877351,3.26569874094894e-05,0.0001611149631436
"ENSG00000203364.2",25.3063702424304,1.42821992009008,0.272470850444785,5.24173473147177,1.59073947883065e-07,1.38227711100061e-06
"ENSG00000203395.2",0.454772117713195,-1.02720609633702,0.39839662152083,-2.57835041977963,0.00992732691506754,0.024256294017874
"ENSG00000203416.3",0.84128742289875,-1.4018685132434,0.29800051378376,-4.70424864522431,2.54802564802566e-06,1.66511072300696e-05
"ENSG00000203434.2",0.60710694527292,-1.44352026284473,0.580594960958763,-2.48627762883263,0.0129087216252213,0.0303611730059106
"ENSG00000203616.2",1.25719580930721,-1.06061618963763,0.273666095854764,-3.87558490329217,0.000106368881860296,0.000459840177644854
"ENSG00000203635.2",0.381708883960635,-1.21587031662428,0.402838114657815,-3.01826036907426,0.00254230374493802,0.00747952348319628
"ENSG00000203663.4",5.13080089485023,1.15341496531203,0.258351834135783,4.46451239322662,8.02513036993948e-06,4.62608139300173e-05
"ENSG00000203710.12",287.031201278949,-1.26315368516499,0.208810979989689,-6.04926850698833,1.45504977132433e-09,1.98473182132529e-08
"ENSG00000203740.4",3.88950175771098,-1.57964159722847,0.281115846571984,-5.61918375108026,1.91861719994804e-08,2.05202182357799e-07
"ENSG00000203756.8",5.11531401877351,-3.04489779672797,0.324031033596996,-9.39693264230663,5.6176871287706e-21,5.04281452367092e-19
"ENSG00000203799.13",12.4845954778291,-1.54470879014265,0.202968309881721,-7.61059098852832,2.72845404167561e-14,8.571429091468e-13
"ENSG00000203809.7",1.76459769473761,-1.13729456268974,0.353546587469608,-3.2168166883735,0.0012962138953245,0.00415368094968982
"ENSG00000203876.10",10.0622168721292,-1.31591290259155,0.162147646282395,-8.11552269034953,4.83698318492199e-16,2.04511388740313e-14
"ENSG00000203877.8",2.47588975428042,-3.01388121644367,0.474768440845,-6.3481077450715,2.17979402629545e-10,3.51422029949152e-09
"ENSG00000203930.12",62.6770172057719,-2.75404729602536,0.259431815060335,-10.6156883471862,2.51930645890172e-26,4.2379916362419e-24
"ENSG00000203985.11",0.716516366158077,-1.31120831402237,0.498337169523605,-2.63116699738822,0.0085092211935692,0.0212971366522415
"ENSG00000204001.9",2.40918472982392,-1.33200683296378,0.460219389900924,-2.8942866428347,0.00380021072381624,0.0106052748340328
"ENSG00000204019.5",1.23242622172223,-3.17269157652735,0.915540026564187,-3.46537724673135,0.000529488181136087,0.00189352846191516
"ENSG00000204025.8",1.07547114670078,-1.63095955519228,0.299000516134846,-5.45470481548177,4.90542647970112e-08,4.78927261802532e-07
"ENSG00000204052.4",92.0485775832118,-1.04115296413318,0.166225730286425,-6.26348858470441,3.76458726014657e-10,5.81001766454555e-09
"ENSG00000204065.3",3.53512727560365,-2.19217015007196,0.362266015659131,-6.05127187015701,1.43706683882094e-09,1.96342445611689e-08
"ENSG00000204110.6",1.86229594704484,-1.38390385033049,0.320685546256829,-4.31545439600872,1.59274932236383e-05,8.50758964340758e-05
"ENSG00000204118.2",6.08637764306054,-2.15339366138928,0.340433401316598,-6.32544765895828,2.52499485634825e-10,4.03010123730975e-09
"ENSG00000204131.9",358.328045039124,-1.00226762402722,0.135870794340836,-7.37662298133774,1.62354916424015e-13,4.56858160894714e-12
"ENSG00000204193.11",0.496752988733659,-1.68943486242821,0.43715132060331,-3.86464545067971,0.00011125068008858,0.00047860477857795
"ENSG00000204248.11",5798.28913894762,-1.1285888582863,0.26704042181529,-4.22628473477675,2.37581334055564e-05,0.000121470727100718
"ENSG00000204262.14",9789.03790936034,-1.14601959974151,0.163892429686698,-6.99251089224973,2.70009542487993e-12,6.2623530161194e-11
"ENSG00000204277.1",6.33629066400261,-1.66280918099299,0.227036774261626,-7.32396408643847,2.40751142280472e-13,6.62655561288806e-12
"ENSG00000204283.4",3.92525698725859,-2.04620204634455,0.22678902155619,-9.02249161932023,1.83859073152087e-19,1.34062294707843e-17
"ENSG00000204290.10",2.97398279895799,-1.38469984450145,0.317199456988055,-4.36539159823845,1.26895220307459e-05,6.94041208898357e-05
"ENSG00000204347.4",1.63589624857171,-2.83109914229172,0.43987396398613,-6.43615984141536,1.22533996472052e-10,2.07528849281639e-09
"ENSG00000204352.4",1.05517679566982,-1.5200653025932,0.324801138952336,-4.67998759947781,2.86892268778876e-06,1.85671387028771e-05
"ENSG00000204361.10",1.33653082561989,-1.32850588622347,0.299529365038224,-4.43531099548096,9.19394648191474e-06,5.21403358383006e-05
"ENSG00000204380.4",19.986078375961,-1.02040174671247,0.173065536467985,-5.89604243304234,3.72323265047403e-09,4.6567858988565e-08
"ENSG00000204381.12",366.07844362378,-1.44218682025853,0.159609602762044,-9.0357146142932,1.62934322382339e-19,1.19644457718283e-17
"ENSG00000204403.9",17.7281868029498,-1.04727562084435,0.283008936383699,-3.7005037163366,0.000215171927986112,0.00085773144677106
"ENSG00000204442.4",69.2714375832086,-2.90807948958091,0.217258808728036,-13.3853237371896,7.36756494494068e-41,5.1900124447733e-38
"ENSG00000204460.3",3.97406506725629,-3.48846859141569,0.697357292438484,-5.0024121483227,5.66173853409161e-07,4.34558036849336e-06
"ENSG00000204547.7",0.466201273771286,-2.20144298850757,0.876354184570521,-2.51204710066677,0.0120033066889561,0.0285514293034131
"ENSG00000204572.10",1.5724777722714,-1.1440894649656,0.333918707622141,-3.4262514763331,0.000611973504217095,0.00215294081448035
"ENSG00000204603.7",6.89856195745076,-2.8097766035396,0.319815165012145,-8.78562654598601,1.55495388414529e-18,9.73298092362144e-17
"ENSG00000204624.8",25.3969865280876,-1.11112126930695,0.226375986156278,-4.90830007269361,9.18692164664262e-07,6.67646157506138e-06
"ENSG00000204644.10",57.0461492488294,1.7132197340595,0.372333039348273,4.60130999134082,4.19842044666458e-06,2.60401060445117e-05
"ENSG00000204655.12",29.4098694512721,-1.3374852523283,0.301290035624038,-4.43919510832172,9.02959320596243e-06,5.12830871120796e-05
"ENSG00000204657.4",4.55258488903753,-1.43200111070307,0.22727796696278,-6.3006596276778,2.96381598492664e-10,4.65540891782015e-09
"ENSG00000204670.7",3.34558605063501,-1.13604204014056,0.424950843595747,-2.67334929971634,0.00750980095502495,0.0191146026880242
"ENSG00000204710.2",2.72203960146586,1.03437711485294,0.315512598533013,3.27840193913748,0.00104396629006777,0.0034381703791885
"ENSG00000204711.9",0.826325877508788,-2.36870513546091,0.432767768630557,-5.47338620654768,4.41516436393322e-08,4.36288781012346e-07
"ENSG00000204740.11",8.35605850966632,-1.6815131223604,0.273567770673852,-6.14660534835115,7.91587547434727e-10,1.14196326436939e-08
"ENSG00000204776.6",1.09188897600565,-1.38367134526235,0.47753133464125,-2.89755089328712,0.0037608871329228,0.0105075283018646
"ENSG00000204789.4",68.3484873066633,-2.13337614442384,0.227762445493568,-9.36667210347498,7.48554958967667e-21,6.64774384713978e-19
"ENSG00000204860.5",7.94686533411132,-1.17651361805445,0.30400344483345,-3.87006673131289,0.000108805566653199,0.000469397650118358
"ENSG00000204876.4",5.65894083202542,-1.82555067110498,0.393792034656157,-4.63582426876403,3.55517911008793e-06,2.24599365552765e-05
"ENSG00000204882.4",4.21848498524655,-1.06199621546439,0.206866732016317,-5.13372162412574,2.84068167488921e-07,2.33837218799258e-06
"ENSG00000204897.7",0.760654289168874,1.64815194357133,0.540458315502728,3.04954498116702,0.0022918830958296,0.00683519268289825
"ENSG00000204933.3",0.857255874513302,-1.36677867938376,0.461525846935901,-2.96143474619654,0.00306209372152639,0.00879764546205445
"ENSG00000204936.10",40.4644862481394,-1.11286106009904,0.24619731120736,-4.52019989431052,6.17812681493131e-06,3.66560038090186e-05
"ENSG00000204950.4",63.8956921385974,-1.48332290502144,0.215895537726881,-6.8705584220917,6.39510663050275e-12,1.38290021736189e-10
"ENSG00000204961.7",6.78412780663527,-1.17088210956139,0.334923710410934,-3.49596661318716,0.00047234779662183,0.00171186947359579
"ENSG00000204963.6",35.9201338145523,-1.0743153625375,0.24745058608014,-4.34153492847082,1.41490779878525e-05,7.64613157367213e-05
"ENSG00000204983.14",1.11473926598187,-1.05360672757715,0.456573273982594,-2.30763995094753,0.0210191705225092,0.0460103631567139
"ENSG00000205002.4",176.772415670965,-1.8533569350674,0.252297029608335,-7.34593244298019,2.04329566632852e-13,5.68810813690193e-12
"ENSG00000205022.9",0.623273435115127,-1.61219330356587,0.390261154455388,-4.13106271316113,3.61090047087891e-05,0.000176352814771644
"ENSG00000205038.12",44.2838993819408,-1.45803328630363,0.240177407772898,-6.07065127325503,1.27392551712563e-09,1.75495168520966e-08
"ENSG00000205056.8",19.2638620040611,-2.19138883329334,0.289071065610954,-7.58079619162791,3.43440746158495e-14,1.06523017103279e-12
"ENSG00000205057.6",2.80455979924804,-1.87828228735584,0.334218206556619,-5.61992809041551,1.91036955687294e-08,2.04425281984431e-07
"ENSG00000205086.8",6.50184019103132,-2.41138559321576,0.238584427639277,-10.1070535787927,5.14070777553682e-24,6.7827967164083e-22
"ENSG00000205097.7",2.70000168008615,-1.40532205019325,0.426743558051461,-3.29313008639204,0.000990786216895152,0.00328041557767835
"ENSG00000205116.3",1.57068189173839,-1.71023182247392,0.276890051884132,-6.176573736891,6.55076222394749e-10,9.66842256930773e-09
"ENSG00000205126.2",95.8619160972515,1.77831154560422,0.265622261033791,6.69488897008518,2.15835444098586e-11,4.21548530433526e-10
"ENSG00000205212.5",3.81048328774057,-1.17006787107333,0.44664278618288,-2.61969499400857,0.00880084419063141,0.0218983990287164
"ENSG00000205221.12",325.705876053575,-3.73739622849316,0.299611885678691,-12.4741253840017,1.03334577942946e-35,4.47374138381743e-33
"ENSG00000205267.5",3.35139344075355,-1.27343582660069,0.228954460316837,-5.56196120764999,2.66759598877229e-08,2.76830523059561e-07
"ENSG00000205274.3",0.688030072105325,-1.38058786161529,0.431351123573469,-3.2006126474831,0.00137135752634795,0.00436486150329864
"ENSG00000205277.9",28.5388900795848,-1.45629309782986,0.198391614060198,-7.3404972520057,2.12801742900524e-13,5.90964640255309e-12
"ENSG00000205325.3",0.493503777509367,-1.45782631033864,0.556435729094438,-2.61993656070784,0.0087946125668971,0.0218868660664466
"ENSG00000205334.2",2.65933407406268,-1.90916977359436,0.302014966592219,-6.32144093763448,2.59135423090368e-10,4.12967272027679e-09
"ENSG00000205336.14",41491.7240261741,1.13348743058661,0.145068619815714,7.81345705243848,5.5640378936805e-15,1.96726413067731e-13
"ENSG00000205358.4",36.2016728685889,-1.97333027405272,0.281398574268853,-7.01258092433464,2.33961451880121e-12,5.49063007512231e-11
"ENSG00000205359.10",5.52842847006469,-1.77172143148702,0.47579813150484,-3.72368303734922,0.000196337397326925,0.000791481562337696
"ENSG00000205403.13",271.30546778388,-1.61941991171364,0.196482982650496,-8.24203648513557,1.69303918707728e-16,7.631897472159e-15
"ENSG00000205414.1",14.3147985110322,1.22800041125085,0.288329011260957,4.2590248060034,2.05320686812546e-05,0.000106562667149139
"ENSG00000205424.2",10.3393315304227,-1.45888847521854,0.343700543017954,-4.2446498990324,2.18934973506349e-05,0.000112769554701585
"ENSG00000205436.7",55.0829930378013,-1.20511751667141,0.24420254407331,-4.93490975388703,8.01878289553513e-07,5.90601904490929e-06
"ENSG00000205444.3",882.773275165581,1.36992666807278,0.285748040266717,4.79417694971449,1.6334405075051e-06,1.11806743038417e-05
"ENSG00000205502.4",20.2852170704473,-1.13258592667269,0.186842556395638,-6.06171285879029,1.34679496426709e-09,1.84859617915683e-08
"ENSG00000205562.3",10.0235771645455,-2.09590350353768,0.239744435702341,-8.74224045032636,2.2853245380736e-18,1.40506891200318e-16
"ENSG00000205611.5",124.722985412068,-1.61074565864653,0.231182511504749,-6.9674200187649,3.22805855977813e-12,7.3868264425239e-11
"ENSG00000205622.11",5.58547387508078,-1.14948424209314,0.199034812348935,-5.77529241506725,7.68195556761298e-09,9.02678646596355e-08
"ENSG00000205644.5",1.06088261095411,-1.01098326343549,0.252686304839953,-4.00094205372873,6.30908076595497e-05,0.000290353244153051
"ENSG00000205649.9",283.890294821489,-6.43070689105824,0.608935131791109,-10.5605778929902,4.53859024581138e-26,7.51525449388098e-24
"ENSG00000205696.4",0.665406133928851,-2.54241617290617,0.779893145773851,-3.25995450361787,0.00111430086708555,0.00363806540752627
"ENSG00000205716.4",0.443791530772362,-1.26335041701933,0.457172561907404,-2.76339947381884,0.00572027097092738,0.0151170536080424
"ENSG00000205784.4",15.2678251033928,-1.3012846611162,0.210041791213372,-6.19536071178464,5.81516986244539e-10,8.6689415288004e-09
"ENSG00000205786.8",254.869201966294,1.21335874001711,0.312023977661602,3.88867147041189,0.000100794446709541,0.00043843210823045
"ENSG00000205809.9",17.2760108423998,-2.07315659724933,0.283846822909862,-7.30378651413574,2.79780175935686e-13,7.61288683380623e-12
"ENSG00000205810.9",3.32021773437568,-1.31173780853189,0.26815798010235,-4.89166053544717,9.99887903917841e-07,7.19483051638389e-06
"ENSG00000205830.1",0.30812751034892,-1.56610820458245,0.660216950776533,-2.37211147447884,0.0176867536270703,0.0397973501298411
"ENSG00000205835.9",0.861451580763395,-2.28765527941866,0.506397230842813,-4.51751143190739,6.25706509125135e-06,3.70450340915368e-05
"ENSG00000205837.7",4.74496419791641,-1.90875925914934,0.2357927667887,-8.09507129987507,5.72308204710363e-16,2.38578471456089e-14
"ENSG00000205846.4",7.57373120547572,-1.05795057157458,0.281568024657906,-3.75735338861702,0.00017171991360948,0.000702601205890648
"ENSG00000205864.1",0.640297425486094,1.22945722200818,0.38506096230026,3.19288980805457,0.00140856686350761,0.00446926146889864
"ENSG00000205885.7",68.1743351528753,-1.18217564055051,0.148561018346812,-7.95750900004434,1.75537357767456e-15,6.69943403446372e-14
"ENSG00000205927.5",264.717705059224,-1.55984757667878,0.366742820165059,-4.25324639205409,2.10693528533964e-05,0.0001089837514988
"ENSG00000206013.2",1.43502993725822,-1.17790938130051,0.29244693098521,-4.02777138858084,5.63080542091538e-05,0.000262431990310592
"ENSG00000206052.11",102.57873088732,-1.39407985134995,0.234013074644018,-5.95727334240034,2.5648106309249e-09,3.31772983014319e-08
"ENSG00000206129.4",2.17905666310632,-2.93539626745542,0.395443802086624,-7.42304279891688,1.14459769220955e-13,3.29216396426391e-12
"ENSG00000206150.4",0.525902898667994,-1.02823365604123,0.299186655335368,-3.43676309656476,0.000588710280335739,0.00208096416663667
"ENSG00000206199.11",7.14526601197788,1.93550548709049,0.277819436521669,6.96677493599165,3.24288823592387e-12,7.4136920165824e-11
"ENSG00000206432.4",121.615508860224,-1.82469382993179,0.245749614948769,-7.42501195907133,1.1276972553394e-13,3.24863553637037e-12
"ENSG00000206531.10",0.345973252566521,-1.13585462650345,0.443161207990447,-2.56307322487473,0.0103750164622762,0.025199066982534
"ENSG00000206538.9",329.779633475641,-1.11622889030331,0.165376367061504,-6.74962759272722,1.4822511129825e-11,2.98764892132777e-10
"ENSG00000206557.6",91.5581203858023,-2.22489279543762,0.325648054225831,-6.83220048935006,8.36218677569694e-12,1.765105163898e-10
"ENSG00000206579.9",36.904319646309,-2.77940338296447,0.292699987846295,-9.49574136786096,2.18649918388871e-21,2.07005191527978e-19
"ENSG00000206633.1",0.724943437346446,-1.70125354697739,0.298212118010005,-5.70484378143318,1.16449839201723e-08,1.31913006729409e-07
"ENSG00000206762.1",2.61891715493874,-1.03434871016596,0.184861597611179,-5.59526004065766,2.202913370936e-08,2.32615562812098e-07
"ENSG00000206820.1",1.31776786847644,-1.74001915024321,0.424500361744434,-4.0989815487855,4.14972112114719e-05,0.000199503423062024
"ENSG00000207044.1",0.273317816355209,-1.40891838568459,0.542451662058399,-2.59731600846843,0.00939554410880406,0.0231392275568923
"ENSG00000207047.2",0.554139575181031,-1.02480317454766,0.270452134335593,-3.78922198955924,0.000151119827621955,0.000627143512293927
"ENSG00000207087.1",0.542800705460246,-1.38435803894135,0.334860710362952,-4.13413098670448,3.56300231056361e-05,0.000174259239858372
"ENSG00000207138.1",0.370127587812561,-1.85550554685342,0.636559383779356,-2.91489779922336,0.00355805038325602,0.0100331134265968
"ENSG00000207146.1",1.04967697644376,-1.57210817742276,0.392193582811351,-4.00850051179689,6.11055064286795e-05,0.00028190332536228
"ENSG00000207276.1",0.527103985490659,-1.03175429728117,0.3330448480256,-3.09794402585043,0.00194868230679758,0.00592907276977459
"ENSG00000207331.1",0.648852947761933,-1.64164079396395,0.316799719394708,-5.18195154055232,2.19576270046969e-07,1.85149704517998e-06
"ENSG00000207561.1",116.618960013689,1.2411749473026,0.130978252143059,9.47619110038922,2.63734416284029e-21,2.47434081480741e-19
"ENSG00000207574.1",0.890147136548767,1.2667479539658,0.418736749237418,3.02516546797658,0.00248497135642866,0.00733369165063466
"ENSG00000207702.1",7.32765122473699,1.52411713227587,0.284083539335937,5.36503148277645,8.09351011047251e-08,7.53882714503493e-07
"ENSG00000207971.1",0.643946763380194,-1.02581574853396,0.347040942948109,-2.9558925809147,0.00311765651427503,0.00893627862388267
"ENSG00000210741.1",0.571081139172931,-2.18036188581134,0.672073095371862,-3.24423325502256,0.00117767263436855,0.00381767647060491
"ENSG00000211513.5",1.86230078977951,-1.0029319290041,0.190972284285617,-5.25171457604874,1.50689848246748e-07,1.31602678563382e-06
"ENSG00000211592.8",143116.738974337,-1.14872878210842,0.287911737512122,-3.98986436619331,6.61110889874961e-05,0.000302744499834543
"ENSG00000211593.2",9.76259998017866,-2.15195045373058,0.346016992107038,-6.21920455589906,4.99681532167312e-10,7.55741042210255e-09
"ENSG00000211594.2",9.90162230746488,-1.73798234911942,0.328903752499893,-5.28416698170687,1.26278031634448e-07,1.12384744128285e-06
"ENSG00000211595.2",6.68727807498919,-2.19088653217805,0.343501933515366,-6.37809082981492,1.79309164685694e-10,2.95263371737987e-09
"ENSG00000211597.2",47.379871953097,-1.3086917006566,0.286790931697597,-4.56322552777413,5.03736519498282e-06,3.06086216716193e-05
"ENSG00000211598.2",5229.24648810171,-1.17084027708719,0.305118002525234,-3.83733594018384,0.000124376273144246,0.000528021109746797
"ENSG00000211632.4",60.650493415102,-1.03619611275961,0.316852302108872,-3.27028115580352,0.00107440639477467,0.00352442609152523
"ENSG00000211633.3",6.60887521565243,-1.56180369652052,0.395440288389993,-3.94953104773238,7.83044540195474e-05,0.000352217501943769
"ENSG00000211639.2",99.2340650037955,-1.09488801703458,0.389168774666817,-2.81340150676776,0.00490204008492168,0.0132263431582391
"ENSG00000211640.4",1448.60648378225,-1.62673189736333,0.318067011110806,-5.11443136363683,3.14687485916288e-07,2.55749731905608e-06
"ENSG00000211641.3",0.653120378969857,-1.37278335781627,0.416266975805646,-3.29784354177839,0.000974304072292077,0.00323460546789706
"ENSG00000211642.3",57.4697296908681,-1.16880636454669,0.345708515403092,-3.38090128669199,0.00072248493224732,0.00249318488492719
"ENSG00000211644.3",12.9794100726408,-1.25261030617005,0.296127993020436,-4.22996250166599,2.33730269531528e-05,0.000119737427120293
"ENSG00000211645.2",10.5164291627273,-1.48846020049553,0.274315204347259,-5.42609442315589,5.76004957336257e-08,5.5429307795345e-07
"ENSG00000211647.1",8.50972430783372,-1.85088262014767,0.399909187625108,-4.62825730796354,3.68755672833424e-06,2.31759009138103e-05
"ENSG00000211648.2",1439.12446073025,-1.70985374696147,0.31761380413045,-5.38343650283917,7.30770339904325e-08,6.86534287231093e-07
"ENSG00000211650.2",165.913956738256,-1.3637392814542,0.363448775651865,-3.75221866962754,0.00017527647569059,0.000715603230123016
"ENSG00000211653.2",4069.08038066779,-1.79581596206218,0.31798874417236,-5.64741990077733,1.62873679002191e-08,1.7744052022776e-07
"ENSG00000211654.2",25.1203672659932,-1.42449112315566,0.427700112866822,-3.3305839308937,0.000866640327284023,0.00291914298424334
"ENSG00000211655.3",96.5383160497048,-1.514620561976,0.345933675269368,-4.37835536189592,1.19578259553599e-05,6.58092111171437e-05
"ENSG00000211659.2",2252.41750332502,-1.04274199781039,0.319469093657183,-3.2639839612446,0.00109857384170079,0.00359179720018629
"ENSG00000211660.3",2503.00363791578,-1.35700420594646,0.305509444531377,-4.44177497696667,8.92198368010837e-06,5.07479794324161e-05
"ENSG00000211662.2",4551.50626674284,-1.58837636883797,0.314273436102617,-5.05412225906148,4.32374584373073e-07,3.40993405611265e-06
"ENSG00000211667.3",13.8905101687464,-1.60521541553233,0.333826844409105,-4.80852706250651,1.52046447720513e-06,1.04815963844086e-05
"ENSG00000211668.2",1507.57722112622,-1.70771499533011,0.318358890270906,-5.36411907290208,8.13452316556287e-08,7.57363467309866e-07
"ENSG00000211669.3",872.811630755894,-1.87144795979212,0.337619928004236,-5.54306130818391,2.97228733821874e-08,3.05324286581926e-07
"ENSG00000211673.2",3459.9774502402,-1.61570701618071,0.305554186522372,-5.28779210839715,1.23801563715185e-07,1.10535780690237e-06
"ENSG00000211677.2",9774.93904363167,-1.21338139140146,0.282157427537985,-4.30037019400494,1.70513026412726e-05,9.0405184382775e-05
"ENSG00000211678.2",2.12567943573949,-1.6038990162163,0.380256270345097,-4.21794232284637,2.46541859437312e-05,0.000125588586370065
"ENSG00000211679.2",9157.29860408307,-1.4760550151588,0.304260884690155,-4.85128088897112,1.2266667566919e-06,8.63382281822672e-06
"ENSG00000211685.3",127.195613866203,-1.25546480741207,0.346851933519511,-3.61959869928604,0.000295060252605568,0.00113549020544376
"ENSG00000211701.2",1.11787969795641,-1.22622498331517,0.28554410145873,-4.29434534648372,1.75209564716178e-05,9.26117248980513e-05
"ENSG00000211707.3",0.995527598926973,-1.29594885400465,0.372307591308811,-3.48085530420926,0.000499815422932351,0.0017987123220984
"ENSG00000211713.3",1.75563539350821,-1.49030885283678,0.332073044950134,-4.48789468311278,7.1930469920691e-06,4.19589360118423e-05
"ENSG00000211714.3",14.4178226672567,-1.28175678234886,0.23170259704771,-5.53190511751117,3.16771252155994e-08,3.22676065901195e-07
"ENSG00000211715.1",0.407866484313689,-1.19334044471586,0.399897442281986,-2.98411622216473,0.00284398723175156,0.0082479797171208
"ENSG00000211731.1",0.517158806590406,-1.03063939656392,0.411575167336538,-2.50413406434014,0.0122751511617588,0.0290883079186396
"ENSG00000211745.3",42.1340439102914,-1.05642739811174,0.286453118848426,-3.68795914095366,0.000226059938811617,0.000896175427021026
"ENSG00000211747.3",101.471370592309,-1.52700492164473,0.232588581647963,-6.56526176317607,5.19415356197497e-11,9.4065102545884e-10
"ENSG00000211749.1",4.20646440068272,-1.66429476376793,0.330247901050484,-5.03953169262843,4.6667234877842e-07,3.64789094600878e-06
"ENSG00000211750.2",16.0105045816639,-1.21821135357078,0.266046944582995,-4.57893382493161,4.67352014567066e-06,2.86237613165877e-05
"ENSG00000211766.1",3.04981323951132,-1.22199497716963,0.29547195055565,-4.13573936501115,3.5381359029303e-05,0.000173197336748408
"ENSG00000211767.1",3.94104675073494,-1.14429456448998,0.292138787485616,-3.91695527437047,8.96743778954887e-05,0.000395400646519447
"ENSG00000211768.1",1.02215269674319,-1.02861223603741,0.353051576154603,-2.91348999837625,0.0035741328604957,0.0100686115367613
"ENSG00000211769.1",0.986612203413504,-1.60941866831818,0.35390755712422,-4.54756796208587,5.42693981890936e-06,3.26606534540271e-05
"ENSG00000211770.1",2.07400784958746,-1.46032534080566,0.323000061325899,-4.52113022768819,6.15103311237375e-06,3.65161031590455e-05
"ENSG00000211771.1",4.94509330798224,-1.36958135922295,0.271082383370972,-5.05226987527513,4.36590221804421e-07,3.43991711822471e-06
"ENSG00000211800.3",10.9982970717487,-1.03637981504813,0.295704940487504,-3.50477679993961,0.000456990235808722,0.00166302672101236
"ENSG00000211807.3",13.3610562496319,-1.13506415715692,0.25872254809939,-4.38718683584114,1.14826148908804e-05,6.35388683390722e-05
"ENSG00000211816.2",4.86191750454222,-1.06080624536663,0.302576799255372,-3.50590741913201,0.000455053472241566,0.00165670396052067
"ENSG00000211854.1",0.347420791147647,-1.05807901844702,0.403694415839372,-2.62098997888549,0.00876748391031855,0.0218325952262001
"ENSG00000211871.1",0.631004687485923,-1.02696731204213,0.382301637888676,-2.68627494696003,0.0072253604972984,0.018494273295968
"ENSG00000211883.1",0.671768977918116,-1.25474076531224,0.353328240583048,-3.55120429445921,0.000383472634503391,0.00142799835455873
"ENSG00000211885.1",0.508942449005179,-1.2137989029096,0.435615718256272,-2.78639831401934,0.00532973368926973,0.0142242593972535
"ENSG00000211886.1",1.03805922971799,-1.35444236213653,0.361576392644431,-3.74593692976099,0.000179721743908979,0.000731023206140633
"ENSG00000211887.2",0.816996245031715,-1.30332556532355,0.360464319034376,-3.61568537161997,0.000299554026089178,0.00115065290502019
"ENSG00000211888.2",1.0152761912364,-1.22424927456801,0.378906523247952,-3.23100606469864,0.00123355322490692,0.00397649415446998
"ENSG00000211890.4",1574.70796699898,-1.26981556454144,0.279376804447276,-4.5451717691942,5.48904724820314e-06,3.29914362588314e-05
"ENSG00000211895.5",28134.8451440728,-1.09784856385107,0.282876119019157,-3.88102243362836,0.000104018244455669,0.000450803574146666
"ENSG00000211896.7",238539.16943141,-1.10167376799344,0.288377834006738,-3.82024427011856,0.000133319572363001,0.00056162863030114
"ENSG00000211900.2",29.896516906334,-1.84664726953895,0.349147936335616,-5.28901098176298,1.2297950841819e-07,1.09896244439407e-06
"ENSG00000211917.1",0.623194515446448,-1.4923406825183,0.52864381162802,-2.8229606583731,0.00475824100752877,0.0128902367849635
"ENSG00000211918.1",0.440028467843284,-1.58452972938391,0.592588944533764,-2.67391037919309,0.00749724841504346,0.0190884978330088
"ENSG00000211924.1",2.1289156827171,-1.1105245845413,0.415199717551781,-2.67467567437061,0.00748015746966384,0.0190508183561596
"ENSG00000211930.1",3.83653890908368,-1.18648854977422,0.40971180961858,-2.89591005658046,0.00378060740866594,0.0105562381672136
"ENSG00000211931.1",1.00315831583762,-1.74327000292688,0.426181242093594,-4.09044282278393,4.3055034778416e-05,0.000206396004090026
"ENSG00000211933.2",645.867799027125,-1.62764287205747,0.32840033959478,-4.9562764583796,7.18569533538949e-07,5.36564623660543e-06
"ENSG00000211934.3",1520.02776411802,-1.47610746032545,0.330720317288832,-4.46331048671651,8.07029782140159e-06,4.64760590346533e-05
"ENSG00000211937.3",1314.25481144146,-1.10027186139467,0.336925763613571,-3.26562103649812,0.0010922431557564,0.00357362906711389
"ENSG00000211938.2",1150.69150298622,-1.0815811199719,0.310206254879681,-3.48665155185674,0.000489108170674636,0.00176412603672617
"ENSG00000211942.3",133.279224455446,-1.88744946225424,0.347132316805715,-5.43726230856982,5.41054562461589e-08,5.23660218692272e-07
"ENSG00000211943.2",1054.22231153422,-1.40465449363812,0.307315029748831,-4.57073152193743,4.86024628416076e-06,2.96407272285091e-05
"ENSG00000211944.2",0.723106895284521,-1.12775704367883,0.459516472473036,-2.45422549840149,0.0141188413323988,0.0328155286577093
"ENSG00000211945.2",3202.20447714698,-1.30871904555725,0.33472658707713,-3.90981504333172,9.23668176858083e-05,0.000405851535749822
"ENSG00000211946.3",109.185712227669,-1.97302489577486,0.346397056605862,-5.69584775086529,1.22760390231319e-08,1.37896414562002e-07
"ENSG00000211947.2",2918.34425372719,-1.3759432633433,0.322289625759184,-4.26927568674335,1.96108758343874e-05,0.000102279736658151
"ENSG00000211949.3",4470.68257812845,-1.39060001825843,0.317523896245584,-4.37951295855506,1.18944848786015e-05,6.55039857591674e-05
"ENSG00000211950.2",867.31302160897,-1.97518988626035,0.323455858353358,-6.10652067430654,1.01826451787096e-09,1.43315644740104e-08
"ENSG00000211951.2",226.457004773522,-1.08125949247418,0.335022252754167,-3.2274258906246,0.0012490939261586,0.00401910983657224
"ENSG00000211952.3",170.128181674496,-1.50713993609214,0.324964447838741,-4.63786099099691,3.52033410752024e-06,2.22672156467384e-05
"ENSG00000211959.2",2864.58648151739,-1.39281443479893,0.315077951676185,-4.42053919479065,9.84549251239444e-06,5.53868922306629e-05
"ENSG00000211976.2",478.739074796123,-2.05876288480399,0.354018887720514,-5.81540408213845,6.04875895907832e-09,7.25464903630295e-08
"ENSG00000211978.2",16.7078956066387,-1.19615451256502,0.348634918112048,-3.43096589131839,0.000601436218727227,0.00212107697265515
"ENSG00000211979.2",6.86865825640034,-1.56055297892627,0.373267109070151,-4.18079423824343,2.90492644350531e-05,0.000145165988751915
"ENSG00000212658.1",0.465418228412381,-1.04416565728487,0.414836077903651,-2.51705604430911,0.0118340003503333,0.0281924064290126
"ENSG00000212900.3",1.08746064245354,2.00437696166238,0.626417353080989,3.19974686493597,0.00137548335744135,0.0043759828002126
"ENSG00000212901.4",0.923611734590708,2.31070569983215,1.01136385034701,2.28474223103716,0.0223279467920623,0.0483607339919586
"ENSG00000212939.2",0.894888771363847,-1.63150456877438,0.32890811810978,-4.96036576461098,7.03605690215187e-07,5.27017199937583e-06
"ENSG00000213085.10",41.4363010323578,-1.22947300366692,0.137556328532843,-8.93796030164741,3.96419438667834e-19,2.7690730604895e-17
"ENSG00000213109.4",1.18936318680689,-1.10556618513863,0.337634335165199,-3.27444833061097,0.00105868498054661,0.00347889509499354
"ENSG00000213118.4",1.40394686777659,1.02777667716869,0.380669589377138,2.69991800198794,0.0069356567871513,0.0178577479486794
"ENSG00000213145.10",37.4524810147175,-1.05181690559742,0.157248611337508,-6.68887881839457,2.24886853057172e-11,4.37377041963603e-10
"ENSG00000213160.10",336.01136864993,-1.26363516871587,0.155301582172374,-8.13665354235301,4.06353409013118e-16,1.7321908087593e-14
"ENSG00000213171.3",5.42056642106088,-1.20629157940372,0.288709380119359,-4.17822094628519,2.93798177257712e-05,0.000146518356649688
"ENSG00000213177.3",0.615776424973858,-1.10325888400379,0.374591022507012,-2.94523578440308,0.0032270863692699,0.00920802991072329
"ENSG00000213185.7",49.5221093234215,-1.11537463701292,0.166819352892435,-6.68612254917519,2.29161146245808e-11,4.45065213096649e-10
"ENSG00000213190.4",899.491854088216,-1.17758866014535,0.175916000290085,-6.69403953138719,2.17092730299611e-11,4.23606012052227e-10
"ENSG00000213232.2",1.72185835066882,-2.44457328899816,0.828617315578515,-2.95018368918761,0.00317585051146975,0.00907429526726975
"ENSG00000213246.7",1.4992006214563,-1.11081215684027,0.248596624203099,-4.46833162115972,7.88320288763513e-06,4.55437417870297e-05
"ENSG00000213262.3",1.20110295922002,-1.27149605024114,0.28794212942858,-4.41580415052295,1.00635169417618e-05,5.64605684575467e-05
"ENSG00000213302.3",0.642895467568178,-1.3869617246968,0.314455736034738,-4.41067395426229,1.03049383325784e-05,5.76593762760667e-05
"ENSG00000213344.2",4.13042093905903,-1.4136212222607,0.252111207381222,-5.60713360165359,2.05704873324106e-08,2.18378185059936e-07
"ENSG00000213355.3",0.853450626892171,-2.34477118985327,0.426088071898303,-5.50302001979748,3.7334000769106e-08,3.75435698031837e-07
"ENSG00000213373.7",1.8505335455009,-1.46159610054727,0.207022200752866,-7.06009353215243,1.66390568307413e-12,3.98819192617804e-11
"ENSG00000213416.4",0.976154837829497,1.84829641085268,0.645914288791745,2.86151962098582,0.00421615405696246,0.0115947723758005
"ENSG00000213420.8",358.46655003075,-1.11116810857138,0.150480938018607,-7.3841120556677,1.5347415265611e-13,4.33335104123183e-12
"ENSG00000213468.7",141.538419722313,-1.20742611759468,0.157004763098349,-7.69037890167922,1.46699922960617e-14,4.81606808695825e-13
"ENSG00000213512.3",22.4166173192434,-3.2424131861763,0.319357120177482,-10.152938454525,3.21533584545537e-24,4.38150125930544e-22
"ENSG00000213538.5",1.12211566332334,1.11098474602442,0.298189018602275,3.72577350846798,0.000194717187970608,0.000785330981701543
"ENSG00000213557.4",0.499016948908555,-1.10955948850231,0.365274058466747,-3.03760823629175,0.00238463749631942,0.00707475934199642
"ENSG00000213640.3",4.78602766375171,-1.55209829118621,0.228920571450336,-6.78007346108227,1.20114791567515e-11,2.4628569152092e-10
"ENSG00000213642.3",1.85526110941858,-1.11529577533526,0.353708499181205,-3.15314949433515,0.00161519067338303,0.0050386965973989
"ENSG00000213658.12",20.327914046297,-1.00918592817738,0.151513435184813,-6.66070257694571,2.72521648419158e-11,5.21720163592678e-10
"ENSG00000213694.6",871.004677103337,-1.82058509991658,0.148146257401377,-12.2891062646558,1.03645564847123e-34,4.1025875868344e-32
"ENSG00000213697.3",0.873680537321041,1.81303245317688,0.438660160975795,4.13311400138049,3.57881100437954e-05,0.000174970642235058
"ENSG00000213706.2",0.993602038728007,-1.55957108453049,0.27198289150878,-5.73407788952837,9.80442708511648e-09,1.12660104647943e-07
"ENSG00000213729.3",0.950799021280302,-1.50626799482195,0.302316541689765,-4.98242003696796,6.279394259349e-07,4.76161620520093e-06
"ENSG00000213761.4",1.34953538909446,-1.14337137613491,0.243015188725781,-4.70493791820189,2.53943217677604e-06,1.66053933497743e-05
"ENSG00000213809.9",23.0365403750344,-1.42916855464691,0.224247707918064,-6.37316906342294,1.85161573753904e-10,3.03218492055151e-09
"ENSG00000213880.3",3.4767895439619,1.48393480141142,0.335204248732552,4.42695701806392,9.55717670711369e-06,5.39548191117983e-05
"ENSG00000213940.4",0.501901678229774,-1.0579253148747,0.294196241440892,-3.59598514818977,0.000323166237572158,0.00123099946530786
"ENSG00000213949.10",2916.01212215514,-1.45918543932658,0.147033839763789,-9.92414699684625,3.26885683241107e-23,3.96510637713547e-21
"ENSG00000213958.2",0.294255045150113,-1.08302470236658,0.414716417024923,-2.61148258883971,0.00901505782635482,0.022342506462669
"ENSG00000213973.9",3.53805424525901,-1.24258287614555,0.264555652196584,-4.69686761869757,2.64181547908705e-06,1.72206924312761e-05
"ENSG00000213976.4",18.0106998523266,-1.02551402900321,0.15188984636013,-6.75169574252991,1.46127067391206e-11,2.9496518576558e-10
"ENSG00000213988.11",35.1502210288585,-1.34720249077448,0.195480604688993,-6.89174505531054,5.51120804514632e-12,1.21129999350805e-10
"ENSG00000213997.3",4.12615768289636,-1.79325171711344,0.243280674312419,-7.37112276666316,1.69196940348559e-13,4.75146164511271e-12
"ENSG00000214003.2",2.30922327240406,-2.18671682380355,0.455983296293343,-4.7956072987305,1.62182728499944e-06,1.11139959800736e-05
"ENSG00000214018.3",5.77657435721589,-1.14391664580174,0.240427090070768,-4.75785255923129,1.95663325194362e-06,1.31652244159431e-05
"ENSG00000214049.8",1.69529375105307,-1.39370993756094,0.420837084532669,-3.31175647010441,0.00092712214559209,0.00309701419507302
"ENSG00000214107.8",36.3853229645498,-2.18563547470302,0.640684210441739,-3.4114083648106,0.000646282202492449,0.0022594869532294
"ENSG00000214132.4",0.978205442621956,-1.17146997538496,0.314524022497977,-3.72458029145452,0.000195640439336767,0.000788824984450397
"ENSG00000214207.2",0.838700592098013,-1.01331734755988,0.322921249138754,-3.13797048123172,0.00170122008651429,0.0052714612119367
"ENSG00000214282.3",3.05002969883372,-1.22388494106899,0.291155050016608,-4.20355044846098,2.62760554732739e-05,0.000132857106761583
"ENSG00000214285.3",0.40628131214045,-1.75521218300818,0.721750527779619,-2.43188209145878,0.0150205961261951,0.0345826510191071
"ENSG00000214336.5",3.12109430290826,-1.96006537082305,0.430081898823794,-4.55742354231489,5.17849318642629e-06,3.13698489745299e-05
"ENSG00000214415.4",0.914477986694353,-2.12198202299118,0.480465700105325,-4.41651094453988,1.00306824400322e-05,5.62915505769133e-05
"ENSG00000214429.3",1.48576032098268,-1.2656169109101,0.324851003434035,-3.89599200104395,9.77976163957054e-05,0.000426732674895919
"ENSG00000214491.8",41.6404960603124,-1.91901509386858,0.269741627494764,-7.11427120719743,1.1250572993357e-12,2.77012034804446e-11
"ENSG00000214510.10",1.03178681837913,-2.0088747665345,0.333166886988953,-6.0296351317804,1.64330261555904e-09,2.21483600441248e-08
"ENSG00000214548.18",578.645485533683,-3.26460711331608,0.230066100260263,-14.1898659108099,1.05860953893272e-45,1.12815204249029e-42
"ENSG00000214578.5",41.2570925653338,-1.09027497697139,0.181723927070074,-5.9996225843775,1.97776675288982e-09,2.61200958956487e-08
"ENSG00000214652.6",97.4377685320001,-1.6852442552696,0.268665032201808,-6.27265945798157,3.54932646443965e-10,5.51878438140819e-09
"ENSG00000214688.6",4.47305184372895,-1.02155716325714,0.256585037452235,-3.98135905897204,6.85223474093979e-05,0.00031268399242747
"ENSG00000214691.9",0.986611039923488,-1.84426693522115,0.413383075038946,-4.46139923616224,8.14262315023331e-06,4.68406509854667e-05
"ENSG00000214797.3",1.4151998955362,-1.19124395904574,0.370429509591325,-3.2158451964585,0.00130060969557183,0.00416551900804165
"ENSG00000214815.2",0.516999363845234,-1.18641845468963,0.359061797508862,-3.30421800069206,0.000952417401386482,0.0031713164586144
"ENSG00000214842.5",1.4142355501209,-3.2726395254066,0.437810074264021,-7.47502106000657,7.71914910710339e-14,2.2818156130116e-12
"ENSG00000214866.9",8.12253293555425,-1.22560376353785,0.306551503813361,-3.99803539794096,6.3870401180407e-05,0.00029348608223992
"ENSG00000214872.8",16.3195307999252,-1.03514474197765,0.188751651322644,-5.48416257407049,4.15432599828903e-08,4.12672316302315e-07
"ENSG00000214888.3",1.77859864157415,-2.42949200884539,0.405213808118434,-5.99558050631707,2.02759814126556e-09,2.66764906449127e-08
"ENSG00000214897.5",1.10768876241521,-1.84999795717707,0.479794670437768,-3.85581181110062,0.000115346200099711,0.00049412861504665
"ENSG00000214942.6",0.373022862923578,-1.34273313191379,0.487791630660833,-2.75267767529084,0.00591100617440203,0.0155468981297379
"ENSG00000214999.3",4.13532128667261,-1.30226986613494,0.270238441265797,-4.81896602139616,1.44304124877629e-06,9.98762371051462e-06
"ENSG00000215009.5",6.85850107947148,-1.9281294876555,0.243060776949034,-7.93270519356482,2.14423022625108e-15,8.0796461163597e-14
"ENSG00000215018.10",47.9654102273489,-1.03765368098424,0.204952175694833,-5.06290639494975,4.1291262004622e-07,3.27384096038936e-06
"ENSG00000215089.3",0.775516763889,-1.12669765915092,0.307944665991489,-3.65876660186108,0.000253432012081248,0.000992381881111819
"ENSG00000215146.5",89.7920730829534,-1.01974005922852,0.211191721992403,-4.82850392812839,1.3756262113975e-06,9.56883290344817e-06
"ENSG00000215160.3",5.83510078890925,-1.90609847304404,0.266332156075905,-7.15684692801721,8.25537882531716e-13,2.08197848748684e-11
"ENSG00000215186.6",0.427853350157118,-1.08766769242234,0.366383303193291,-2.96866064294564,0.00299100716038576,0.0086154438699808
"ENSG00000215187.12",11.0522959194944,-1.11100736644319,0.145801196358556,-7.62001543328208,2.53645388590349e-14,7.99242580787875e-13
"ENSG00000215267.8",2.09238888075246,-1.66964630452955,0.261750797669475,-6.37876300433624,1.78524051200619e-10,2.94320373502584e-09
"ENSG00000215270.3",23.7105399705281,-1.00843675390638,0.1789838031637,-5.63423469655551,1.75837422929219e-08,1.89871524338379e-07
"ENSG00000215397.4",1.06955650338888,-1.9903915655064,0.578922311800493,-3.4380978672529,0.000585815931732517,0.00207143795768818
"ENSG00000215399.2",0.441023762180119,-1.39544936579145,0.420645255692347,-3.31740188890197,0.000908588198970831,0.00304292850327363
"ENSG00000215452.5",2.08598436658908,-2.20545401161347,0.442537393203502,-4.98365572149354,6.23940552993414e-07,4.7347484505226e-06
"ENSG00000215458.8",172.869065568339,1.12440418307623,0.20362475124713,5.52194257421874,3.35272076252406e-08,3.39619255013466e-07
"ENSG00000215475.5",4.4692511681655,-2.03698421823619,0.303637700974956,-6.70860111144171,1.96498993332988e-11,3.8779160308194e-10
"ENSG00000215478.8",0.501950688938815,-1.81320608699381,0.500651550477365,-3.62169274271685,0.000292681621222602,0.00112758931602278
"ENSG00000215529.12",7.59945676218016,-1.15643811788875,0.175226135632247,-6.59968967366722,4.12019310471098e-11,7.60406153721127e-10
"ENSG00000215533.8",75.3526428888215,-2.03289261545819,0.270124802476036,-7.52575326968926,5.24172409334297e-14,1.58096180527954e-12
"ENSG00000215644.10",2.69200344866973,-1.66317402381637,0.31634085490821,-5.25753786781337,1.45996838394828e-07,1.28069240130136e-06
"ENSG00000215788.11",204.582889882041,-1.58199943754203,0.146234538769348,-10.8182338512879,2.82162243129742e-27,5.25884625513827e-25
"ENSG00000215808.4",110.664836271118,-1.14910977497112,0.309090901113587,-3.71770819144507,0.000201038294649944,0.000808471562868017
"ENSG00000215853.3",13.5384560258374,1.80210977206416,0.610598838231134,2.95138093823558,0.00316356485157219,0.00904619040611808
"ENSG00000215866.8",29.7921750172218,1.25850868772335,0.188411164659446,6.6795865839379,2.39617237979616e-11,4.6472102869383e-10
"ENSG00000215915.10",63.6466351102038,-1.02897670593266,0.17653704696359,-5.82867292520694,5.58698833390441e-09,6.75607824072549e-08
"ENSG00000216359.1",2.33775973471773,1.14593093270119,0.215903518777781,5.30760656050558,1.11074071736278e-07,1.0031422358764e-06
"ENSG00000216490.4",18.0978417311845,-1.10815270911148,0.161625625716466,-6.85629338911562,7.06701661028439e-12,1.51557969224272e-10
"ENSG00000216588.9",1.02662429051383,-1.28286597514837,0.239497757225167,-5.3564842945158,8.48568724891554e-08,7.86885616776947e-07
"ENSG00000216921.9",1.46980654665245,-1.50091116172738,0.289016432268885,-5.19316894871575,2.06744408323279e-07,1.75468880921628e-06
"ENSG00000216998.1",1.15704853202669,-2.24435125274526,0.581818859745582,-3.85747422097432,0.000114564757727572,0.000491184285194281
"ENSG00000217236.2",3.44891675126946,-1.19093334165129,0.326455770796647,-3.64806950339723,0.000264218169541131,0.00102870590749119
"ENSG00000217455.8",1.43868154249938,-2.03464170693854,0.380992330740822,-5.3403744452868,9.27547983629067e-08,8.50634362215165e-07
"ENSG00000217482.2",1.47124508087204,-1.37989494529048,0.308202640197215,-4.47723272067854,7.56168069070351e-06,4.38936554283547e-05
"ENSG00000217527.1",0.584674173225063,-1.30883316424118,0.315301814066526,-4.15104863292994,3.30955425488789e-05,0.000163072547648667
"ENSG00000217684.2",0.626369058565083,-1.50524202098309,0.401331965464394,-3.75061582558302,0.00017640079660537,0.000719618703693909
"ENSG00000217825.2",0.873004642676528,-2.11673397276267,0.539603027943772,-3.92276148046976,8.75398049144859e-05,0.000387303531174778
"ENSG00000217889.3",1.1594136373246,-1.28379322886445,0.29297882630046,-4.38186351237502,1.1766851789883e-05,6.48956865832162e-05
"ENSG00000217929.4",1.20410538981202,-2.90292401772393,0.468375757710708,-6.19785283489612,5.72386203604521e-10,8.5420162995372e-09
"ENSG00000218233.1",0.938262998868265,-1.0786601607253,0.253913983698903,-4.24813216275792,2.15560221610536e-05,0.000111127684576744
"ENSG00000218281.1",0.717372758344279,-1.01126776691351,0.336498792807895,-3.00526417487281,0.00265350273422183,0.00776818205534463
"ENSG00000218357.3",0.987637088826927,-1.83811998485813,0.369699107667491,-4.9719351405937,6.62878838724764e-07,4.99828924076173e-06
"ENSG00000218358.2",11.6806648450455,-1.03544821003923,0.184148234520261,-5.62290598515243,1.87771604117384e-08,2.01190085339694e-07
"ENSG00000218565.2",1.85546983399018,-1.32152825092816,0.241393621619853,-5.47457816847082,4.38555024508129e-08,4.33568599633846e-07
"ENSG00000218672.1",1.37672463541256,-1.27444038604192,0.516115614984717,-2.46929243960127,0.0135380531024521,0.031628362172238
"ENSG00000218809.1",1.15230146379332,-2.59286959039125,0.353965562169586,-7.325202978783,2.3853739013978e-13,6.57273248302393e-12
"ENSG00000218819.6",2.69165675626663,-1.69940856127652,0.378021175535469,-4.49553800489959,6.93942617093227e-06,4.06334785173692e-05
"ENSG00000218823.2",1.32516583328263,-1.11332646059381,0.321631908676931,-3.46149256513014,0.000537188957811669,0.00191809686121723
"ENSG00000219088.1",0.446612058777984,-1.07373861228958,0.312910702562793,-3.43145377737314,0.000600355430975739,0.00211798424770509
"ENSG00000219186.2",1.05044897187095,-1.32039398320779,0.263723726416599,-5.00673185969619,5.53619644038317e-07,4.25865993809375e-06
"ENSG00000219222.1",0.938564662078431,-1.52679516246384,0.288484067335016,-5.29247655362117,1.20670944703795e-07,1.0802372181177e-06
"ENSG00000219404.2",0.512923735855057,-1.12492153740875,0.451731542161321,-2.49024350176332,0.0127655601775656,0.0300823389522016
"ENSG00000219487.2",1.91268820694621,-1.26111273631072,0.194491612767994,-6.48414971917109,8.9233577755998e-11,1.55241773072197e-09
"ENSG00000219607.4",53.2944045120229,-1.36939916202727,0.138118470978407,-9.91467073394812,3.59439642310651e-23,4.31763884789458e-21
"ENSG00000219867.1",0.590974794682366,-1.1952145332958,0.471987641960808,-2.53230048212797,0.0113316838002951,0.0271764248186882
"ENSG00000220008.3",16.0240290174273,-1.15246311023038,0.20678698703096,-5.57318971941805,2.50116929419849e-08,2.6092770633905e-07
"ENSG00000220267.1",42.1217173816816,-1.42105397987649,0.285719969512962,-4.97358998847306,6.57242429277016e-07,4.96118958329301e-06
"ENSG00000220378.3",3.88972780335638,1.51245270842661,0.22128845435093,6.83475653017166,8.21444183129566e-12,1.73921870296643e-10
"ENSG00000220517.2",3.61902912411459,-1.31817961536966,0.240659121947503,-5.47737232938632,4.31688259444561e-08,4.27389886589682e-07
"ENSG00000220773.1",2.82050327903735,-1.28724483331239,0.279626869438449,-4.60343755912103,4.15573831936005e-06,2.58138986742255e-05
"ENSG00000220884.2",1.69703594385025,-2.42954760880223,0.434391457521962,-5.59299122193119,2.23190579076776e-08,2.35377996640166e-07
"ENSG00000220908.2",1.54518845408637,-2.58716875133814,0.823463893167776,-3.14181201240723,0.00167905802506135,0.00521250445455631
"ENSG00000221083.1",1.14463329904451,-1.49829945549799,0.332696638175088,-4.50350043726465,6.68432302383552e-06,3.92669729352158e-05
"ENSG00000221340.1",1.50673633719501,-1.30208106334055,0.263625431723525,-4.93913297676871,7.84706890611686e-07,5.79804227335163e-06
"ENSG00000221818.9",134.015838027779,-1.46370871132233,0.172432175911289,-8.4886054681312,2.09131389972969e-17,1.09470010454112e-15
"ENSG00000221866.9",322.417557897901,-1.46172734401475,0.218204246981723,-6.69889502259407,2.10001378956791e-11,4.11507652626222e-10
"ENSG00000221882.3",9.06677920755498,-2.16564906480142,0.321469382786415,-6.73671951596175,1.62002472021495e-11,3.24176540306084e-10
"ENSG00000221887.6",12.538251938149,-1.01293549527652,0.235893771323033,-4.29403239261203,1.75456858211574e-05,9.27306452313001e-05
"ENSG00000221955.11",294.278996918386,-1.20781105024985,0.165567974272641,-7.29495577605454,2.9875719401482e-13,8.07868997894858e-12
"ENSG00000221957.8",8.39528105200924,-1.22376817545988,0.295695183396966,-4.13861382996214,3.49410502696844e-05,0.000171151435628594
"ENSG00000222000.7",1.18946359996958,-2.68867183370996,0.464179121554276,-5.79231531290571,6.94226489932139e-09,8.23442961602727e-08
"ENSG00000222012.1",3.24368055858697,-1.27096573586757,0.275553689739536,-4.61240688545647,3.980328687238e-06,2.48244929320207e-05
"ENSG00000222014.6",4.28507217173115,-1.07459793671289,0.22752413225516,-4.72300641721719,2.32383513968038e-06,1.53404123372611e-05
"ENSG00000222017.1",1.28331613823889,-1.11849953147005,0.291404483044057,-3.83830584823553,0.000123886113505514,0.000526370338327149
"ENSG00000222022.1",9.15897411527029,-1.3854685701259,0.250330134682715,-5.53456567217499,3.12000515694876e-08,3.18061452865108e-07
"ENSG00000222030.1",2.97121881004193,-3.48367032755817,0.690232030435626,-5.04710035748344,4.48565759112639e-07,3.52425143293753e-06
"ENSG00000222032.1",16.3135687309019,-1.57607939084041,0.252791443560629,-6.23470228517606,4.52638086648573e-10,6.8809598234411e-09
"ENSG00000222035.4",3.83759792694445,-1.78156495418799,0.196328325098104,-9.07441630390191,1.14288416581999e-19,8.58961151895308e-18
"ENSG00000222037.5",14.9225318751997,-1.08533619492662,0.268388721270419,-4.04389644165811,5.25701465394914e-05,0.000247051156770052
"ENSG00000222047.9",6.467873780414,-1.16508939494096,0.181448969178261,-6.42103066342773,1.35354757223359e-10,2.2790891848329e-09
"ENSG00000222355.1",0.349693428616315,-1.06439502698399,0.465034232035218,-2.28885306426943,0.0220878911101025,0.0479282097900219
"ENSG00000222421.1",0.718866959093988,-1.13470921378141,0.268661384833382,-4.22356645889074,2.40466417639768e-05,0.000122855135217505
"ENSG00000222486.1",0.962991597001403,-2.35192803371443,0.971396659827811,-2.42118192390257,0.0154701329865384,0.0354604934473037
"ENSG00000222533.1",1.26085844090965,-1.13309708496788,0.378511792898955,-2.99355820934849,0.00275744903405378,0.00802894050394727
"ENSG00000223177.1",1.41260860735453,-1.03794089967022,0.256310027434803,-4.04955245043716,5.13156760898819e-05,0.000241839452278906
"ENSG00000223350.2",158.600757480586,-2.21334043203151,0.360943977277598,-6.13208855492067,8.67327991783929e-10,1.24131838824117e-08
"ENSG00000223358.5",2.42119251241234,1.06559414271408,0.293671545988775,3.62852362535257,0.000285046668449498,0.00110205671014865
"ENSG00000223403.6",6.23900551020505,-2.92470789653953,0.303584041294837,-9.63393162586925,5.74868698158754e-22,5.87044049947768e-20
"ENSG00000223436.1",0.504947303824716,-1.89270103013914,0.573085040127441,-3.30265300542176,0.000957748219285191,0.00318523897654886
"ENSG00000223458.2",2.42937209970967,-2.01948902668654,0.309488387890459,-6.52524975315495,6.78883155788097e-11,1.2063164480917e-09
"ENSG00000223466.2",2.888468363605,-2.40598220675174,0.323340219806882,-7.44102360105011,9.99080935189688e-14,2.89364472671455e-12
"ENSG00000223485.4",62.6615132273799,-1.05979695888796,0.194900654184456,-5.43762648372104,5.3995018329911e-08,5.22744223579725e-07
"ENSG00000223486.1",15.0981554200308,-1.36274558096349,0.319963236406356,-4.25906924892079,2.0527987327454e-05,0.000106554790721075
"ENSG00000223504.1",0.849371926107749,1.00267766877949,0.361531831977817,2.7734146210423,0.00554713943023887,0.0147269376556747
"ENSG00000223511.7",14.7713121352309,-1.80049927566315,0.225584378123603,-7.98148919104946,1.44578241944919e-15,5.61060774203055e-14
"ENSG00000223518.5",2.67014653377204,-1.11473719495476,0.228708535578719,-4.87405156145158,1.09332433886458e-06,7.80366583752181e-06
"ENSG00000223523.1",1.00300461217914,-1.01134704580302,0.360947341194218,-2.80192407694961,0.00507988270655657,0.0136406567418209
"ENSG00000223528.7",0.928180236796983,-1.29025916656331,0.274074924589464,-4.70768775544125,2.50542480445775e-06,1.64036650477116e-05
"ENSG00000223542.1",0.524826396948036,-1.53281810397344,0.549994945297968,-2.78696762048061,0.00532037947800888,0.0142029425052993
"ENSG00000223551.1",21.4375084946915,-1.0745689387563,0.131194914969938,-8.19062948440133,2.59863428473747e-16,1.13688882255009e-14
"ENSG00000223553.6",1.50244104391085,-1.54140698702751,0.334013565737754,-4.61480354434983,3.9346732292991e-06,2.45663904853343e-05
"ENSG00000223558.1",1.31052335960799,-1.89963985833008,0.409368589739866,-4.64041430129558,3.47711354339005e-06,2.20130682544367e-05
"ENSG00000223561.7",36.2718302842079,-1.8080190518859,0.235454878759824,-7.67883452408801,1.60542450624414e-14,5.24977602899441e-13
"ENSG00000223564.1",3.01230091551049,-2.95222686786872,0.607878446256257,-4.85660724779866,1.19414116479767e-06,8.44350035578784e-06
"ENSG00000223609.11",3.77699329337434,-1.16470049118409,0.365559740755363,-3.18607428919128,0.00144217559867474,0.00456127404551553
"ENSG00000223620.3",0.461263833698125,-1.99612622761836,0.687486155215419,-2.90351480168047,0.00368999527771634,0.0103302966275392
"ENSG00000223637.7",2.82408393342703,-2.55083358294276,0.949741742133983,-2.68581812273647,0.00723524614910535,0.0185121460507952
"ENSG00000223648.4",44.4174204448868,-1.04476775015136,0.370730808366354,-2.81813036999863,0.00483041922909623,0.0130598087837487
"ENSG00000223652.2",5.79124657992877,-1.35139737678334,0.222203486791287,-6.0818009487524,1.18840048935965e-09,1.64641003795886e-08
"ENSG00000223656.1",1.67847918362321,-1.10460392391481,0.241211449262278,-4.57940088371895,4.66309696317962e-06,2.85641320535993e-05
"ENSG00000223669.1",0.896948642563202,-2.02569179382807,0.474177355953629,-4.27201292595289,1.9371634450681e-05,0.000101133509739882
"ENSG00000223675.1",1.17921993834614,-2.14678334433524,0.364966692233411,-5.88213497291496,4.05007842668539e-09,5.02475700208651e-08
"ENSG00000223715.3",1.66446593562914,-1.34842410198711,0.284210946110608,-4.74444816584347,2.09075505216131e-06,1.39951620998435e-05
"ENSG00000223720.2",0.759091583555511,-2.21570674316272,0.446765815668998,-4.95943661187432,7.06979113403793e-07,5.29241100707645e-06
"ENSG00000223723.1",5.79589878134069,-1.84475081355644,0.255004341883861,-7.23419373932313,4.68302851863821e-13,1.23656944912097e-11
"ENSG00000223731.3",0.586536586294214,-1.06714520832606,0.357588165844996,-2.98428558396039,0.00284241339194305,0.0082439906068344
"ENSG00000223749.11",158.773067755606,-1.17249979052656,0.164500890067193,-7.12761973535602,1.02119430122334e-12,2.529372917011e-11
"ENSG00000223750.1",2.03237710476864,-1.41791221062985,0.300174754684725,-4.72362245159189,2.31680351767639e-06,1.5301285206049e-05
"ENSG00000223760.4",3.53962673115603,-4.02053089920402,0.601808771243768,-6.68074493313668,2.37730686360354e-11,4.61277441013493e-10
"ENSG00000223764.2",54.1039450043847,-2.91817715671204,0.213168917770904,-13.6895058962031,1.17304207544019e-42,9.37576437297019e-40
"ENSG00000223770.5",1.65144073754462,-2.63643398922551,0.486648587644837,-5.41753136895902,6.042755020194e-08,5.78151436807788e-07
"ENSG00000223784.2",1.38000136047563,-1.50626192134209,0.388590305725392,-3.87622104604568,0.000106091311286287,0.000458735651236024
"ENSG00000223795.2",0.423677431947924,-1.38155100064975,0.434371775176147,-3.18057267899025,0.00146984264540144,0.0046381899649362
"ENSG00000223823.1",0.491648336228426,-1.44071582789394,0.475205011576689,-3.03177742825938,0.00243118395160584,0.00719846601101674
"ENSG00000223826.1",1.27838036537269,-3.29404631770843,0.528233061780099,-6.23597149827727,4.48982849211969e-10,6.83367145534263e-09
"ENSG00000223834.5",16.2584731882049,-1.21970953785508,0.153175957683921,-7.96280014368806,1.68189001107452e-15,6.42488167649625e-14
"ENSG00000223855.2",41.8499023536256,-1.12641762305222,0.23503815353007,-4.79248839447725,1.64725303593427e-06,1.12640886277559e-05
"ENSG00000223870.1",0.641344398253943,-2.10974162258156,0.54181650036245,-3.89383051488878,9.86736032900367e-05,0.000430107215515522
"ENSG00000223872.2",0.719472798824164,-1.66278547891042,0.456187304809475,-3.64496219289767,0.000267431113117855,0.00104009626656435
"ENSG00000223881.1",0.677819068818437,-2.03857259612392,0.539628862953849,-3.77773083701467,0.000158263790817744,0.000653268415330925
"ENSG00000223914.4",0.826548552922612,-1.12858507743465,0.328054357535892,-3.44023803223272,0.00058120278220253,0.00205635056047515
"ENSG00000223930.7",4.50109718810496,-1.6967610396799,0.256823779072209,-6.60671315487044,3.92946349539923e-11,7.28115745857257e-10
"ENSG00000223944.2",1.02293090325919,-1.1080024375735,0.315209060563065,-3.51513511570463,0.000439530301785099,0.00160828223327691
"ENSG00000223956.3",1.88087403608556,-1.80802976172479,0.279960011042782,-6.45817149024363,1.05975613117298e-10,1.82157089842066e-09
"ENSG00000223969.6",15.1112905309247,-1.98037736384706,0.244705460707136,-8.09290221037273,5.82596371593685e-16,2.41896807154613e-14
"ENSG00000223991.1",2.12115382933302,-3.37105353576543,0.390207607520989,-8.6391281737994,5.66435994176528e-18,3.26521675311579e-16
"ENSG00000224017.2",2.26915981543604,-1.50599945416891,0.311242645340979,-4.83866679811511,1.30712971514285e-06,9.12904137468778e-06
"ENSG00000224034.1",1.47012223629724,-1.80522753159026,0.292753484185549,-6.16637419914051,6.98736214399177e-10,1.02328662941715e-08
"ENSG00000224041.3",74.6231195168038,-1.27957222655197,0.33754271059787,-3.79084538453087,0.000150135397796384,0.000623493945165198
"ENSG00000224048.6",0.647419391699066,-1.32106407332901,0.372900374873744,-3.54267295595048,0.000396093589253102,0.00146854966606043
"ENSG00000224054.1",0.840716954361223,-1.81732488127622,0.430535421201896,-4.22108098841884,2.43133557016295e-05,0.000124095749683302
"ENSG00000224057.1",0.562774467566442,-1.70823777558272,0.378826209189927,-4.50929142214203,6.50445085542407e-06,3.8329503254379e-05
"ENSG00000224099.2",2.67502375435204,-3.58605326117985,0.457774084380843,-7.83367469574021,4.73813731607322e-15,1.69910667066985e-13
"ENSG00000224109.3",12.7755378903025,-1.82188252148402,0.471269339195011,-3.86590505674744,0.000110677991117856,0.00047653565387344
"ENSG00000224116.7",5.90130335969992,-2.5133103231471,0.254112271924783,-9.89055075581331,4.57503907496461e-23,5.42275181476688e-21
"ENSG00000224127.1",0.516252323593858,-2.47767025276125,0.974414886139934,-2.54272619189587,0.0109991383844038,0.0265012283787008
"ENSG00000224137.1",51.0597868363819,-1.30717570502284,0.240413839081454,-5.43718993056784,5.41274312954622e-08,5.23660218692272e-07
"ENSG00000224141.6",10.8902222095372,-3.63305736162542,0.47670666095224,-7.62115921428126,2.51407614128886e-14,7.93997208086989e-13
"ENSG00000224163.4",0.307510580464348,-1.45705583913082,0.56549683958266,-2.57659413305676,0.0099779032990427,0.0243598224221577
"ENSG00000224173.2",8.82162612947165,-1.33641561771349,0.321665697771889,-4.15467246576358,3.25753833152654e-05,0.000160782962127048
"ENSG00000224177.8",0.621904070911616,-1.16979226431141,0.320659513340805,-3.64808220446629,0.000264205111274702,0.00102870590749119
"ENSG00000224204.1",0.838659933258716,-1.06124115307247,0.353985529736954,-2.99797891134441,0.00271776478767159,0.0079283877381348
"ENSG00000224220.1",4.49887894109378,-1.6796356516064,0.263302343784614,-6.37911393975427,1.78115487072972e-10,2.93797060269104e-09
"ENSG00000224227.3",5.87999654165972,1.22116455364327,0.261055643475394,4.67779411847257,2.89977474216401e-06,1.87376302602333e-05
"ENSG00000224228.2",0.91141010023657,-1.61721602999071,0.320721557894128,-5.04243007738371,4.5965674198416e-07,3.60117879554112e-06
"ENSG00000224238.2",6.33931311097155,-1.35133440846577,0.236951587528968,-5.70299791007125,1.17718426245084e-08,1.3295144651082e-07
"ENSG00000224243.2",2.78016419468463,-1.3926580633107,0.40560036984236,-3.43357197591306,0.00059568402729754,0.00210293209398967
"ENSG00000224251.6",2.20286041839559,-1.32565248537747,0.294450463398812,-4.50212395686391,6.72777219139903e-06,3.9505463099594e-05
"ENSG00000224259.7",9.89736096456381,-1.13151089078554,0.25302327993122,-4.47196357225754,7.75046321431574e-06,4.48451000654744e-05
"ENSG00000224260.6",4.39294245575249,1.66768182552943,0.321017494477628,5.1949873580664,2.04733752420708e-07,1.73975551382324e-06
"ENSG00000224271.7",143.048102258522,-1.0269533878034,0.243855809170922,-4.21131401911198,2.53889529908209e-05,0.000128841961441331
"ENSG00000224272.2",11.19466202181,-1.16063662028231,0.208066424994277,-5.5782023472275,2.43016871362518e-08,2.54158711816029e-07
"ENSG00000224373.3",1524.38313165319,-1.14826546506995,0.316222074959219,-3.63119957775886,0.000282106916247785,0.00109170648539017
"ENSG00000224382.2",2.57088898175389,-1.23823235921549,0.322452997543113,-3.84003984658241,0.000123014342504896,0.000523361869504402
"ENSG00000224387.1",1.54406895591592,-1.26229772271836,0.289349050082266,-4.36254317185236,1.2855920667055e-05,7.01572708461317e-05
"ENSG00000224394.1",0.36875018712127,-1.53777432478585,0.45114984174224,-3.40856669448737,0.000653051193569668,0.00228046661965573
"ENSG00000224402.2",2.41032446201561,-1.45025807717504,0.246720893448217,-5.87813239854137,4.14921005673537e-09,5.14007357311581e-08
"ENSG00000224404.2",0.54494360057698,-1.3543499167704,0.543622856958205,-2.49134100863336,0.0127261910366509,0.0300082804870806
"ENSG00000224413.1",11.279569924926,-1.67828406929046,0.252467392982665,-6.64752802119559,2.98056256348395e-11,5.65137505764234e-10
"ENSG00000224416.2",0.504033331270709,-1.0994180248034,0.372820112479526,-2.94892359076731,0.00318882806128729,0.00910511623270283
"ENSG00000224419.1",2.069509589936,-1.13427391221051,0.376996207283588,-3.0087143857054,0.00262355627815242,0.00769351908788335
"ENSG00000224425.2",0.321122881757283,-1.14877832135284,0.455191082885556,-2.5237276487722,0.0116117850567329,0.0277281821619036
"ENSG00000224430.2",1.79378635079009,-1.51449302304581,0.286876293350657,-5.2792547106519,1.29710391005379e-07,1.15168196346199e-06
"ENSG00000224435.2",0.852661662517485,-1.91543558542761,0.772596701454681,-2.47921791773268,0.0131670833216474,0.0308779730866281
"ENSG00000224445.3",0.574688079270512,-1.21484964664566,0.449438306141442,-2.70303983893919,0.00687085106527995,0.0177227277338277
"ENSG00000224478.3",4.83323980656185,-1.16816145903251,0.263640477986362,-4.43088810927181,9.38457775585187e-06,5.30958100583604e-05
"ENSG00000224481.3",1.65764065635194,-1.12637052920237,0.227446539973377,-4.952242972499,7.33629221259376e-07,5.46239657720928e-06
"ENSG00000224521.2",0.482180693653343,-1.07092198781014,0.468356973751501,-2.28655074618007,0.0222220589212044,0.0481740670187302
"ENSG00000224559.2",2.02699962408687,-3.12084429283644,0.444959818474447,-7.01376655432915,2.3198635229927e-12,5.45351627503521e-11
"ENSG00000224565.2",1.59117175323632,-1.06789675777688,0.33700202448045,-3.16881407292209,0.00153062275654686,0.00480808276075886
"ENSG00000224568.2",1.55330214066958,-1.73074678503158,0.429996847919105,-4.02502202843401,5.6969982335782e-05,0.000265231355931803
"ENSG00000224585.1",4.93259605579278,-1.53973494512259,0.383005632846983,-4.02013655433035,5.81644173472575e-05,0.000269892766974067
"ENSG00000224594.2",8.29520329998432,-1.34912956575566,0.184503926124872,-7.31219976773055,2.62804003867515e-13,7.20017139666556e-12
"ENSG00000224596.8",79.0962021256337,-1.10747404584077,0.161897310920431,-6.84059568095649,7.88645519221368e-12,1.67832488837063e-10
"ENSG00000224649.1",1.10175245125429,-1.32782023069611,0.219396471926672,-6.05214942170948,1.42925800854377e-09,1.95468316390576e-08
"ENSG00000224675.1",0.752015492320845,-1.0900984655068,0.364007884306589,-2.99471113814845,0.00274704858864917,0.00800258172295764
"ENSG00000224689.9",160.920941942145,-1.16769328678333,0.278286964833848,-4.19600424863775,2.71665152172288e-05,0.000136826794166076
"ENSG00000224700.2",0.253714578780754,-1.48694923907014,0.626504702269448,-2.37340475447961,0.0176249380529159,0.0396775904753164
"ENSG00000224715.1",0.921447777572262,-2.04783552867502,0.403585355482102,-5.0741076227327,3.89318677175884e-07,3.10513583972061e-06
"ENSG00000224717.1",1.54753783176998,-1.00039719337766,0.260272206134984,-3.84365740865482,0.000121214190103395,0.000516602150233524
"ENSG00000224729.6",8.67932124172239,-1.49205775414697,0.17865894306596,-8.3514305443759,6.74410996307583e-17,3.26308147014386e-15
"ENSG00000224731.1",1.04349126260764,-1.10174584960987,0.455026325618032,-2.42127935809746,0.0154659867255281,0.0354568558820894
"ENSG00000224739.2",3.7247451249155,-1.98191096355793,0.325070912348439,-6.09685729565844,1.08174005293856e-09,1.51327095524175e-08
"ENSG00000224743.7",2.51795335173344,-1.71204475166543,0.233391739994816,-7.33549847009779,2.20897764203721e-13,6.11400558427453e-12
"ENSG00000224750.6",1.41175938857556,-3.40806935894656,0.519242435727687,-6.56354166078579,5.25445456632739e-11,9.51156971627609e-10
"ENSG00000224775.2",0.966962650622437,-1.34565712010174,0.313870731878201,-4.28729723236483,1.8086021972031e-05,9.52472434365879e-05
"ENSG00000224776.3",9.14014097950163,1.35294240753577,0.26855988231081,5.03776809810326,4.7099159133163e-07,3.67728386163881e-06
"ENSG00000224778.1",1.42761066153319,-2.29929679953985,0.847785992065834,-2.71211935684036,0.00668545153313648,0.0173068039003562
"ENSG00000224791.1",0.760741118378689,-1.43866413581651,0.323210144593761,-4.45117258811524,8.54026677322732e-06,4.88307287974789e-05
"ENSG00000224796.1",4.6490199813661,-1.31670232495546,0.253473582777818,-5.19463334413676,2.05123706236357e-07,1.74200071078779e-06
"ENSG00000224819.2",0.646537399790967,-1.0846915581664,0.43879358779214,-2.47198589118907,0.0134364819039492,0.0314317026448999
"ENSG00000224822.1",0.59593771971877,-1.04104553790742,0.339432066537206,-3.0670217711835,0.0021620310958555,0.00648796652750514
"ENSG00000224851.2",0.796521238918329,-1.21695344327047,0.413764716203656,-2.94117259305281,0.00326972294460007,0.0093156172897908
"ENSG00000224857.1",1.2926971364707,-1.0197836963345,0.306394035769478,-3.32834055915422,0.00087364996904427,0.00293894293916778
"ENSG00000224865.8",3.32170940832728,-4.79928310399563,0.559342435012542,-8.58022349741445,9.46889798212363e-18,5.28250118030903e-16
"ENSG00000224875.2",7.77111138919373,-1.36895100498114,0.242071915902074,-5.65514177834212,1.55717679202999e-08,1.70358994025666e-07
"ENSG00000224893.7",2.54941357625549,-2.6096190889147,0.350473380235795,-7.44598373536665,9.62246615194649e-14,2.79279984781564e-12
"ENSG00000224918.1",0.562489066251654,-1.95686882981168,0.628634861354611,-3.11288627168231,0.00185267395324989,0.00567643456284349
"ENSG00000224928.2",1.0388470582375,-1.28071458181809,0.341717392068199,-3.74787649544769,0.000178338024511849,0.000726229253982179
"ENSG00000224936.1",3.22220706454606,1.01780916508249,0.256049246923839,3.97505236711448,7.03637718389285e-05,0.000319997711474947
"ENSG00000224945.1",30.2031296375387,-2.06029438794851,0.22613617600055,-9.11085711444725,8.17336670154124e-20,6.29076790461958e-18
"ENSG00000224958.6",2.02208212572445,-1.13744278901771,0.313934954288018,-3.62317981314744,0.000291003372571634,0.00112216386814087
"ENSG00000224963.3",59.9903490913531,-2.52008384307353,0.303662460466458,-8.29896405107965,1.05023139809133e-16,4.87706339301364e-15
"ENSG00000224982.4",65.2713501228531,-1.33738392860244,0.204196241260867,-6.54950316589763,5.77288173174758e-11,1.04001955151666e-09
"ENSG00000225008.1",0.632288919291613,-1.18895587912653,0.333906637024924,-3.5607434752421,0.00036980623058127,0.00138293022812838
"ENSG00000225028.1",1.56609326635544,-1.7684163069675,0.303195314338764,-5.83259774585971,5.45710168854962e-09,6.60862646793413e-08
"ENSG00000225079.2",24.9082665288884,-1.11076383283302,0.240923944127894,-4.61043354098243,4.01830087944508e-06,2.50462839159413e-05
"ENSG00000225087.2",4.00042974616589,-1.32420041301498,0.5563036113825,-2.38035559345757,0.0172959386374318,0.0390222487263574
"ENSG00000225107.1",9.17564102232348,-4.30344097788943,0.431855467008412,-9.96500289252007,2.16867551949423e-23,2.66670094500649e-21
"ENSG00000225127.3",33.5963521879807,-2.84876268423477,0.337228095647666,-8.44758405661176,2.97392735123309e-17,1.52407359521516e-15
"ENSG00000225206.10",46.6278347399481,-1.89699833031306,0.394576197778358,-4.80768566627692,1.5268759170029e-06,1.05224275234212e-05
"ENSG00000225217.1",1353.35058652298,-1.9143937319585,0.219470407556139,-8.72278751962864,2.71435336238095e-18,1.64932681940463e-16
"ENSG00000225226.2",0.607425183744219,-2.18953258931597,0.628148440881096,-3.48569294583417,0.000490864086870225,0.0017697166185375
"ENSG00000225233.2",0.731511783883203,-1.30415734467893,0.289807504604334,-4.50008134350923,6.7927463781436e-06,3.98532079289108e-05
"ENSG00000225249.6",0.533117190676486,-1.00489114895425,0.349759059754047,-2.87309540933949,0.00406471341319459,0.0112415237476173
"ENSG00000225271.1",0.71442317500301,-2.26677380594672,0.432381326685664,-5.24253399961149,1.58386194691369e-07,1.37687659982487e-06
"ENSG00000225285.1",44.4495354582033,-1.39892874818602,0.180735686435927,-7.7401910810899,9.9267511947367e-15,3.37071595715398e-13
"ENSG00000225298.5",3.30107456446807,-2.20492723269392,0.471647783004402,-4.67494455003797,2.94033053986775e-06,1.89790367911141e-05
"ENSG00000225380.4",1.49313526033792,-1.6069265475411,0.463333671561847,-3.46818426151574,0.000523987869732076,0.0018762801621267
"ENSG00000225391.5",3.84432929795579,-2.71325152264566,0.520875279605821,-5.20902340517858,1.89837168184165e-07,1.62513128405155e-06
"ENSG00000225398.3",1.64613074114052,-1.93982323100548,0.299496237265326,-6.47695359620485,9.35929604001906e-11,1.62689695531272e-09
"ENSG00000225406.1",0.850183316460743,-1.33318932092843,0.345859334058619,-3.85471545695646,0.000115864306857043,0.000496192923399528
"ENSG00000225417.1",2.75397363127279,1.76288263809211,0.396674661461186,4.44415237312707,8.82390535961409e-06,5.02933563571422e-05
"ENSG00000225449.3",5.97012843840374,-3.08705128307683,0.354298541801673,-8.7131357283567,2.95582391089443e-18,1.78301819135841e-16
"ENSG00000225460.1",1.40234820482452,-1.60206818169739,0.337772635250206,-4.74303722239265,2.10537566263697e-06,1.40839567504455e-05
"ENSG00000225472.2",2.27480446261147,-1.2463611525268,0.245479814203438,-5.07724497254952,3.82946999171214e-07,3.05960076500461e-06
"ENSG00000225493.1",0.514980014763832,-1.18421956692798,0.389499940958729,-3.04035878417105,0.0023629647345235,0.00701847640222008
"ENSG00000225527.1",2.10529301007423,-1.1632822552633,0.190732160793605,-6.09903568660402,1.06710246933506e-09,1.49480663399068e-08
"ENSG00000225548.7",5.18776068162376,-2.38029609322217,0.330329958779902,-7.20581355083253,5.76983088450588e-13,1.49691455194653e-11
"ENSG00000225549.3",0.68862363296895,-1.19423749311268,0.324573597259422,-3.67940431136843,0.000233779385681759,0.00092272923340031
"ENSG00000225563.2",1.14495082721489,1.17514467157255,0.290690378792498,4.04259912713314,5.28619528717216e-05,0.000248197976192329
"ENSG00000225572.1",1.00948455152912,-2.25747358609762,0.315330146288061,-7.1590795002371,8.12205766126592e-13,2.05209094539535e-11
"ENSG00000225614.4",673.554724109683,-1.26342937782027,0.166434291012009,-7.59116027194848,3.17053492710164e-14,9.88550432409591e-13
"ENSG00000225655.5",0.740038604035676,-2.13490045759714,0.361955461867446,-5.89824075752993,3.67397635128801e-09,4.60071723748817e-08
"ENSG00000225656.1",1.32659072444539,-2.50170329704203,0.393860109983023,-6.35175594997386,2.12870859328513e-10,3.43853037520857e-09
"ENSG00000225670.4",13.6190821193128,-1.21427981533472,0.239928952074261,-5.06099745294135,4.17068787939146e-07,3.30238387584812e-06
"ENSG00000225676.2",4.70286042843855,-1.10430174921589,0.336929102204201,-3.27754931821417,0.00104712436257702,0.00344534372201786
"ENSG00000225678.2",0.869120540281825,-1.79858272333145,0.496722414730531,-3.62090107068586,0.000293578764701284,0.00113041695557854
"ENSG00000225684.4",69.3611566070527,-1.41726647196169,0.186580215800729,-7.59601689750086,3.05384669391735e-14,9.5503368165984e-13
"ENSG00000225689.2",1.39005810956818,-1.33553640002389,0.31137980193181,-4.2890913018063,1.79405617048226e-05,9.45410961805298e-05
"ENSG00000225706.2",5.64151686857855,-2.10747887781072,0.270023147342236,-7.80480821201464,5.95920985265702e-15,2.09186385047408e-13
"ENSG00000225708.6",0.367041074410654,-1.62552586886638,0.617090777044671,-2.63417624980758,0.00843416944116817,0.0211271064557517
"ENSG00000225718.2",0.57209232057565,-1.60987556792031,0.427218087283178,-3.76827577258737,0.000164379047684445,0.00067575885062917
"ENSG00000225720.6",11.1398852422031,-1.1932830091933,0.225300396714341,-5.29640882393238,1.18102265405937e-07,1.0590218672711e-06
"ENSG00000225746.13",9.97640608876374,-2.58033222076418,0.266034960750025,-9.69922228826439,3.03805454860954e-22,3.21291661957531e-20
"ENSG00000225756.1",81.9525944699074,-1.21283555925969,0.189868223982809,-6.38777534133095,1.68316367499191e-10,2.78930018580597e-09
"ENSG00000225783.8",257.715066603617,-1.63587890215347,0.198539233188274,-8.23957499927571,1.72823448748191e-16,7.77368850310856e-15
"ENSG00000225790.2",0.439815181039095,-1.19617357734519,0.364432313970827,-3.28229284695359,0.00102966609646299,0.00339615763044161
"ENSG00000225796.2",0.730946322878088,-1.02061619105422,0.281343255072984,-3.62765473367919,0.000286007373288675,0.00110525694547874
"ENSG00000225806.8",8.31329803809554,-1.32939462360265,0.239628377237285,-5.54773453348664,2.89394823429919e-08,2.98087426304691e-07
"ENSG00000225825.1",1.10134652554466,-1.2027845250319,0.462431042401716,-2.60100299232731,0.00929516432067617,0.0229286972221463
"ENSG00000225826.2",1.363834392786,-1.10793036638796,0.410206095028793,-2.70091151695391,0.00691497324962408,0.0178122168082353
"ENSG00000225849.2",3.7687741228408,-1.5211720430335,0.357624476461475,-4.25354566914652,2.10412001054349e-05,0.000108878779728845
"ENSG00000225869.4",0.6766837512589,-1.11237186509253,0.334087760024406,-3.32957982361064,0.00086977129010189,0.00292755380298144
"ENSG00000225871.2",5.88067128872892,-1.04955148220332,0.171672464112068,-6.11368566084177,9.73559845460742e-10,1.37604164914412e-08
"ENSG00000225885.7",11.7285247190944,-1.57003266625409,0.227769609804703,-6.89307352109128,5.4599637133379e-12,1.20067202039021e-10
"ENSG00000225903.1",0.381313305063553,-1.52396722680414,0.523484771661142,-2.91119686627794,0.00360047084153247,0.0101307160512337
"ENSG00000225907.1",1.49216412356582,-1.10729383156942,0.258199656858404,-4.28851782780119,1.79869364244871e-05,9.47614465299194e-05
"ENSG00000225914.3",39.6096873875597,-1.16906221209179,0.227199188191472,-5.14553868522875,2.66754220508241e-07,2.20897368255898e-06
"ENSG00000225948.2",1.49774929625565,-1.54995216623396,0.384613885980071,-4.0298913344857,5.5802643411415e-05,0.000260270392264081
"ENSG00000225964.6",14.2448204300631,-1.36249555907497,0.219812787364111,-6.19843629396341,5.70268788585116e-10,8.51347391924375e-09
"ENSG00000225974.1",1.8462418422478,-2.66830101514524,0.477259015996911,-5.59088655364976,2.25913152355525e-08,2.38007666367562e-07
"ENSG00000225988.1",0.639692957780513,-1.88947812314103,0.36176372364158,-5.22296183852044,1.7608368885794e-07,1.51739379562797e-06
"ENSG00000226004.1",8.97773583320749,-1.331956928587,0.275047809129075,-4.84263784105235,1.28126692480071e-06,8.96951590509803e-06
"ENSG00000226005.5",5.55483005147684,1.66082848546959,0.351874276123982,4.71994856732409,2.3590428346396e-06,1.55382786518686e-05
"ENSG00000226012.1",3.68462274087215,-1.23580571812781,0.251451265282378,-4.91469278048774,8.89217887060909e-07,6.48607824184371e-06
"ENSG00000226043.2",6.08362567236854,-2.3765704401117,0.439966709727444,-5.40170514624611,6.60103898051211e-08,6.2666144839663e-07
"ENSG00000226053.1",11.8565826802682,-1.57058143369814,0.389828189711531,-4.02890677264861,5.60368334419375e-05,0.000261245414639799
"ENSG00000226057.7",18.0046456255027,-4.1637587076073,0.447979527849445,-9.29452898795555,1.47859402673798e-20,1.25928944547713e-18
"ENSG00000226067.7",158.3688922528,-1.09824427979648,0.158982069108297,-6.9079757607656,4.91617953609914e-12,1.09090365125121e-10
"ENSG00000226087.2",1.02537329152961,-1.64240235392471,0.356952134524465,-4.60118373045375,4.20096658517279e-06,2.60472082718506e-05
"ENSG00000226089.2",0.717995538385075,-1.21501791511144,0.329388929295362,-3.68870294976411,0.000225400192560294,0.000893986334878416
"ENSG00000226102.3",1.55509820106425,-1.54787787874553,0.31374981724042,-4.93347818449699,8.07780680146655e-07,5.94212046517792e-06
"ENSG00000226133.6",1.15652950033778,-2.77119680356848,0.434012955806384,-6.38505548393059,1.71335336217378e-10,2.83706742783533e-09
"ENSG00000226134.1",1.38500607872797,1.40089482822208,0.413576029359485,3.38727278365645,0.000705911623089259,0.00244512866729192
"ENSG00000226240.2",1.12396395763842,-1.05477196364795,0.384623839184009,-2.7423468235502,0.00610018940144483,0.0159617270147853
"ENSG00000226252.1",1.74977324947002,-1.15047948200735,0.217706504468768,-5.28454344905617,1.26018638276788e-07,1.12225983373899e-06
"ENSG00000226258.7",0.579737837102746,-1.70951444717811,0.4588813971882,-3.7253949662226,0.000195009640607306,0.0007864341823133
"ENSG00000226286.1",0.318549547400321,-1.72441427195792,0.626962415653388,-2.75042686595627,0.00595176756074916,0.0156373578203336
"ENSG00000226291.1",2.75482782753026,-1.22329088676601,0.223648397276075,-5.469705581015,4.50783773861023e-08,4.44248339505042e-07
"ENSG00000226317.3",0.364819129183948,-1.33829787895338,0.500310297190778,-2.67493570783546,0.00747435823325177,0.0190383818649513
"ENSG00000226320.6",0.950711226164796,-1.19552088655539,0.330335225796372,-3.6191141398052,0.000295613239216819,0.0011371970981423
"ENSG00000226321.5",5.62905164391772,-2.16283100441038,0.22244747552337,-9.72288401709982,2.40860948884713e-22,2.6137500672445e-20
"ENSG00000226330.1",16.6083737743091,1.6590273567134,0.255746142140859,6.48700833891621,8.75574944662608e-11,1.52517375733727e-09
"ENSG00000226342.1",0.76944170636107,-1.01880189377373,0.289865596337423,-3.51473892261357,0.000440186507659334,0.00161033638159821
"ENSG00000226348.1",0.309814744182002,-1.32746584754876,0.458004475067706,-2.89836872740713,0.00375109300660077,0.0104843932441386
"ENSG00000226377.2",15.5554143578979,1.50580575913571,0.180397043788568,8.3471753611471,6.99148733458146e-17,3.37099996055539e-15
"ENSG00000226397.8",1.62960569687176,-1.19641578376512,0.347655163897374,-3.44138648870551,0.000578741238044925,0.0020488622943461
"ENSG00000226398.1",2.60244200718866,-1.95955747492407,0.421122364066038,-4.65317836840596,3.26857270928864e-06,2.08548386465236e-05
"ENSG00000226403.2",1.61378336530755,-2.62915457813846,0.365520834782957,-7.19289935880026,6.34296986393336e-13,1.63438632042652e-11
"ENSG00000226409.3",49.8624866525358,-1.09639371858467,0.299081442931872,-3.6658700982475,0.000246499035192424,0.000967786973424102
"ENSG00000226423.1",1.46986032371776,-1.73123504908877,0.380563328875874,-4.54913786413047,5.38661458835479e-06,3.24414542126071e-05
"ENSG00000226426.1",1.73509521265378,-3.47051267148862,0.420448687598568,-8.25430730040038,1.52785773769518e-16,6.91730101242777e-15
"ENSG00000226440.7",20.4618584667571,-1.8788272275088,0.19041048761403,-9.86724655270705,5.77274700451772e-23,6.74006323054378e-21
"ENSG00000226453.2",31.314388580527,-1.71535628115451,0.201224058383374,-8.52460831441133,1.5332777275853e-17,8.16509481827808e-16
"ENSG00000226468.2",1.83022161379438,-1.13563020154415,0.401568639508791,-2.82798528025816,0.00468419602899396,0.0127120179795656
"ENSG00000226472.8",5.96709260156025,-1.15723435022817,0.181962450256644,-6.35974262050206,2.0209208709011e-10,3.28227875093363e-09
"ENSG00000226476.6",29.9088581255341,-1.90487154231656,0.286963625122345,-6.63802438899507,3.17915271657649e-11,5.98423664883841e-10
"ENSG00000226508.1",57.4644877055218,2.03461877797561,0.412004092901023,4.93834603352931,7.87879475580327e-07,5.81321618392855e-06
"ENSG00000226521.7",1.17480010449625,-1.2467537092748,0.267074654822298,-4.66818429515278,3.03873266240105e-06,1.95551170398843e-05
"ENSG00000226530.2",43.740089076401,-1.06711318553701,0.296203817643064,-3.60263143813669,0.00031501202534331,0.00120313635336506
"ENSG00000226539.1",185.517024603703,-1.68297041277334,0.316291248274905,-5.32095156585105,1.03225884805708e-07,9.37915812442394e-07
"ENSG00000226549.3",3.6659240185915,1.03062761392153,0.181116026101296,5.69042749063581,1.26721715341024e-08,1.41885989574451e-07
"ENSG00000226571.2",4.09194450843793,-1.75033515906566,0.265327010172027,-6.5968977599786,4.1985007915294e-11,7.74514380370816e-10
"ENSG00000226581.2",4.66722736422517,-1.0933183785519,0.207998872523349,-5.2563668508788,1.46929063670989e-07,1.28723982805515e-06
"ENSG00000226604.2",0.784112786258908,-1.17198609104856,0.375646372234217,-3.11991856617164,0.00180901043646343,0.0055590456015004
"ENSG00000226668.5",0.997147899833563,-1.30034273832583,0.462087447669549,-2.81406202415553,0.00489197885920477,0.0132034823914714
"ENSG00000226669.2",1.79461143443342,-1.10979571561319,0.228902412076873,-4.84833560967668,1.24501641524908e-06,8.74520403085723e-06
"ENSG00000226683.2",1.64675624970551,-1.2454876948285,0.278503416242473,-4.47207331110131,7.74648595542927e-06,4.48411489247286e-05
"ENSG00000226708.1",6.14859288567944,-1.9564614275496,0.297488860444745,-6.57658718590234,4.81368793322263e-11,8.77869670384375e-10
"ENSG00000226744.1",0.519364216432119,-1.02876639094306,0.324044122354636,-3.17477256945018,0.00149953981759106,0.00472257891177688
"ENSG00000226747.6",5.12039165091721,-1.6445566607836,0.247864981051214,-6.63488909893167,3.24746604798843e-11,6.10453115723633e-10
"ENSG00000226757.2",1.49210924381186,-1.57201225919627,0.391189709498412,-4.01854195298727,5.85593836913035e-05,0.000271422449534733
"ENSG00000226767.1",0.599878041186048,-2.30336544840344,0.555205074468038,-4.14867506499356,3.34405067379657e-05,0.000164616172100359
"ENSG00000226774.1",0.788091700625265,-1.64561030082917,0.438295773139727,-3.75456575599819,0.000173642256558028,0.0007096980496671
"ENSG00000226777.7",178.579491594527,-1.95347605067338,0.300892051956035,-6.49228199274206,8.45458134876956e-11,1.47580558596203e-09
"ENSG00000226792.7",1.16708150025287,-1.19538043405091,0.399738708896429,-2.99040450035733,0.00278608232973974,0.00810039550812474
"ENSG00000226806.1",9.93331205511309,-2.10499484194749,0.2415996746424,-8.71273872807635,2.9661977270039e-18,1.78668275260487e-16
"ENSG00000226807.6",1.23898491334117,-1.23012280305204,0.236137821455081,-5.20934255881598,1.89510939619246e-07,1.62267277965701e-06
"ENSG00000226822.3",7.83388331184621,-1.17515580443237,0.174094451470094,-6.75010486841529,1.47738333758603e-11,2.97928220653811e-10
"ENSG00000226828.2",1.40224742613572,-1.0611631347388,0.259923389813441,-4.08259962868462,4.45347097714374e-05,0.000212704160827451
"ENSG00000226859.1",1.03489833455803,-1.24076645311592,0.340706452978569,-3.6417462665257,0.000270794907612607,0.00105224176796888
"ENSG00000226886.1",40.9237422435689,-1.08956463899037,0.32958925978713,-3.3058256804062,0.000946969816992766,0.00315545254019509
"ENSG00000226887.8",79.9442620997858,-2.15957731839236,0.251186352938804,-8.59751054595906,8.14638964936143e-18,4.59403319683527e-16
"ENSG00000226913.2",4.19057045240484,-1.01921736262921,0.203293140557065,-5.01353542887056,5.34389222595732e-07,4.12753853735807e-06
"ENSG00000226918.1",1.78148930633892,-1.89625284482917,0.528047648719855,-3.59106389248443,0.000329330881832056,0.00125047050161739
"ENSG00000226919.4",1.63042050026016,-2.89763759641809,0.443827998812122,-6.52873997173102,6.63252812787993e-11,1.18106741238623e-09
"ENSG00000226921.7",0.50201981141477,-1.78763573661166,0.77696196487582,-2.30080212085719,0.0214028185256395,0.0467220537356376
"ENSG00000226926.7",1.65074718224649,1.00879121071061,0.30857024076673,3.26924335996883,0.00107835511220123,0.00353542598196004
"ENSG00000226928.1",0.711390189033416,-1.16965509966231,0.41170164562575,-2.84102604905681,0.00449686390590241,0.0122620822501716
"ENSG00000226937.9",3.60163234038585,-1.19407161353257,0.179080853396863,-6.66777933476992,2.59702855737625e-11,4.9971157824848e-10
"ENSG00000226967.1",0.601181616432672,-1.45813535894894,0.394057758212406,-3.70030872013175,0.000215337340254273,0.000858169578641107
"ENSG00000226985.7",10.0294910561535,-2.30792688605098,0.235399486121918,-9.80429874369247,1.07893803219983e-22,1.22187527232396e-20
"ENSG00000227009.1",0.618162270657139,-1.08850516500824,0.325195258138007,-3.34723566155536,0.000816217902624055,0.00277063447148489
"ENSG00000227028.6",3.50946165856128,-1.47822121170936,0.222020444109231,-6.65804096393075,2.77501442392697e-11,5.30032856099507e-10
"ENSG00000227039.6",147.454558456999,-1.62563722721863,0.210313691717484,-7.72958343293389,1.07899073886359e-14,3.63411775434751e-13
"ENSG00000227053.1",2.71044356138232,-1.37303839184247,0.265011410031938,-5.18105387114088,2.20635753531546e-07,1.85967616878486e-06
"ENSG00000227055.1",0.529761584151047,-1.27960449735914,0.3773709824089,-3.39083966973545,0.000696788507207401,0.00241614583151627
"ENSG00000227066.2",17.7056601969297,-1.9664569727783,0.289470866494885,-6.79328112217142,1.09611488584783e-11,2.26763200027911e-10
"ENSG00000227069.1",0.334564730930599,-1.59758134138291,0.589960535769592,-2.70794611591925,0.00677010133325217,0.0175008677455297
"ENSG00000227076.1",9.58462146510389,-1.60324827715964,0.22232015946624,-7.21143903912637,5.53636329185603e-13,1.44174392942431e-11
"ENSG00000227082.3",47.5402217437112,-1.44864793384524,0.192588708649269,-7.52197750327837,5.39538698523667e-14,1.62377316350765e-12
"ENSG00000227115.8",5.2512321873112,-1.66054399582996,0.280898914747258,-5.91153581822862,3.38932541421795e-09,4.27777536792367e-08
"ENSG00000227139.1",0.335213954782121,-1.40739902562179,0.573983564360516,-2.45198488773767,0.0142070628483518,0.0329929008271328
"ENSG00000227141.2",3.2432578734203,-1.13738269132521,0.290363306446175,-3.91710201005048,8.96198321279644e-05,0.000395244000732434
"ENSG00000227155.7",9.15746501634149,-1.11671669390294,0.173176823574537,-6.44841885220449,1.13023050725334e-10,1.92835140978914e-09
"ENSG00000227188.1",1.87200229182121,-1.83590791019348,0.288686997373304,-6.35951022005833,2.02398064845531e-10,3.28596420746482e-09
"ENSG00000227195.11",23.7486525571728,-1.40780336071105,0.369437457952066,-3.81066762562476,0.000138592000260486,0.000581987048060783
"ENSG00000227217.1",0.801176429655644,-1.79602492924416,0.471386501495998,-3.81008985947683,0.000138916290926834,0.000583167646757504
"ENSG00000227234.2",3.65546759651269,-2.60527673592439,0.552564331324257,-4.71488402025638,2.41848467641542e-06,1.58844911695919e-05
"ENSG00000227240.2",1.33176824546505,-1.63247619559549,0.288918011609281,-5.65030953419124,1.60159177299245e-08,1.7484990089076e-07
"ENSG00000227242.4",13.1841745108681,-1.04092266711536,0.286417604762707,-3.63428312298661,0.000278754625618589,0.00107973902609131
"ENSG00000227295.2",6.04162479762926,-1.16602066322266,0.154323217032327,-7.55570474518037,4.16597915521595e-14,1.27689104460977e-12
"ENSG00000227297.1",323.185509653555,1.25873021212314,0.340512118617758,3.69657977881289,0.000218523609456694,0.000869533581257933
"ENSG00000227308.2",2.8211149082424,-1.08740359870784,0.246110620001902,-4.41835301011973,9.94558842321746e-06,5.58743641586597e-05
"ENSG00000227330.1",0.988350364791309,-2.45617784084064,0.595636528210448,-4.12361855680689,3.72966349578162e-05,0.000181551509327117
"ENSG00000227335.1",0.814179304869052,-1.72878279510826,0.492397907056302,-3.510946676121,0.000446513955945342,0.00163061356972149
"ENSG00000227338.2",0.569731140695507,-1.21690738933421,0.32069118088206,-3.79463939727657,0.000147858192911386,0.000615266541227776
"ENSG00000227368.1",0.299254187269558,-1.08750528352582,0.36811939810601,-2.95421890050097,0.00313461575151977,0.0089731317490643
"ENSG00000227388.3",18.4505469073824,-1.11860790585396,0.197076398372865,-5.67601151172643,1.37871504553618e-08,1.53173361995655e-07
"ENSG00000227403.2",10.0240808204781,-1.30021707094808,0.238310417915538,-5.45598082669177,4.87032484630634e-08,4.76171350887283e-07
"ENSG00000227421.2",1.19198964319624,-1.34614044176912,0.334595145431338,-4.02319178909117,5.74147045573615e-05,0.000266874114313667
"ENSG00000227432.1",1.42040873355029,-1.90846100422016,0.388105254905665,-4.91737996354633,8.7710205750872e-07,6.41007837421794e-06
"ENSG00000227438.1",2.84522054221832,-1.66650751515003,0.245118429265067,-6.79878506135456,1.05505084322329e-11,2.19250115730231e-10
"ENSG00000227447.1",0.960486999700363,-2.05716472761899,0.75945863103537,-2.70872519391143,0.00675422580282552,0.0174652605498061
"ENSG00000227467.3",78.454441809162,1.17404785722351,0.276022479386079,4.25345015317154,2.10501813207017e-05,0.000108911693769576
"ENSG00000227475.1",0.849969124177571,-1.7634035439169,0.770311622465339,-2.28920801983129,0.02206726885449,0.0478959647047007
"ENSG00000227479.1",0.562709070197661,-1.30417361398462,0.412838516230832,-3.15904055147659,0.00158289463895799,0.00495169530020925
"ENSG00000227489.1",0.684079680320618,-2.26026378272359,0.534744621932595,-4.22680975183047,2.37027907441324e-05,0.00012123251155644
"ENSG00000227507.3",971.749649211158,-1.09805573096814,0.232087839561805,-4.73120751626335,2.23188218709314e-06,1.48133962727508e-05
"ENSG00000227508.6",5.3969401580942,-1.27188886031688,0.238030641512056,-5.3433829032993,9.12277703619038e-08,8.38665912802797e-07
"ENSG00000227531.1",4.05690691577624,-1.03381242020867,0.270346707946686,-3.82402444646209,0.000131290888655312,0.000554037152430916
"ENSG00000227560.1",1.07412037669966,-1.1942119902585,0.293956434219995,-4.06254754527592,4.85400569961794e-05,0.00022980087126953
"ENSG00000227588.2",0.877509152516922,-1.09799842192899,0.36963601055421,-2.97048553327561,0.00297329409117766,0.00857155087865201
"ENSG00000227589.1",0.852195172598342,-1.14371301200788,0.338252334846828,-3.38124203200486,0.00072158952690774,0.00249092225227072
"ENSG00000227609.2",0.526162226908638,-1.25774519629347,0.404082810864788,-3.11259267277847,0.00185451779210175,0.00568124629434163
"ENSG00000227619.3",5.81066446737136,-1.07178197563518,0.229593756971646,-4.66816689518059,3.03898996584891e-06,1.95551170398843e-05
"ENSG00000227634.3",0.456235364374384,-1.70552560560403,0.41112793737042,-4.14840600838902,3.34798250932817e-05,0.000164790204941612
"ENSG00000227646.7",0.516837471269998,-1.60359676221133,0.407364718133271,-3.93651362238668,8.2673929348956e-05,0.000369075601675758
"ENSG00000227678.8",3.57176023901523,-1.23074851175825,0.179645410615627,-6.85098777386298,7.33417850309545e-12,1.56882721021952e-10
"ENSG00000227683.1",3.28436338207052,-2.9227777148834,0.34147057939837,-8.55938371040044,1.13472459351948e-17,6.23828353913447e-16
"ENSG00000227695.6",1.55606877097257,-1.04040249565251,0.213551443446322,-4.87190570507207,1.1052692089723e-06,7.88350761340426e-06
"ENSG00000227705.1",0.542819342243444,-1.72117160607208,0.3614238131537,-4.76219757368374,1.91496056144029e-06,1.29224859319015e-05
"ENSG00000227706.4",1.44081548952621,-2.32455846553878,0.395533526921742,-5.87702004335705,4.17717648086578e-09,5.1716356537904e-08
"ENSG00000227718.1",0.538747784454231,-2.14892710327988,0.78332054059091,-2.74335599786367,0.00608147151132122,0.0159227742820671
"ENSG00000227729.5",0.457864543736396,-1.2306695673403,0.515290336372501,-2.38830321562766,0.0169263702930614,0.0383083098518959
"ENSG00000227744.4",2.51707256578852,-1.34907055342167,0.299689317075205,-4.50156370800207,6.74553392443514e-06,3.96041645666582e-05
"ENSG00000227745.1",0.481887801082968,-2.22185957434546,0.552737832587323,-4.01973493282541,5.82636564832052e-05,0.000270262733343189
"ENSG00000227758.1",3.60903188787723,1.03028724928804,0.234189339854263,4.39937723010447,1.0856197257264e-05,6.04832802153361e-05
"ENSG00000227776.1",0.457048487913605,-1.61026266392767,0.427574124802698,-3.76604329055392,0.000165855046883619,0.000681085609976976
"ENSG00000227777.1",2.17623051802915,-1.83377094683033,0.30716651001787,-5.96995729359833,2.373156977853e-09,3.08904322936193e-08
"ENSG00000227811.3",7.76976092405667,-1.01097290895333,0.237700944260297,-4.25312954519125,2.10803542716946e-05,0.00010901352298621
"ENSG00000227835.8",0.420124226072767,-1.36094924702771,0.545121370881181,-2.49659859203053,0.0125390806497709,0.0296343267352313
"ENSG00000227893.1",0.53601078426166,-1.618713316405,0.407791216630927,-3.96946586976154,7.20339234233238e-05,0.000326913510080824
"ENSG00000227906.8",3.78258445734775,-1.41201147809151,0.272741291547256,-5.17710930413652,2.25350202734142e-07,1.89579698323453e-06
"ENSG00000227920.3",1.0963508243772,-1.84630192427406,0.44563178949012,-4.14311089966573,3.42626155534485e-05,0.000168224787670694
"ENSG00000227925.2",7.44173361208996,1.19718109070557,0.293834313878573,4.07434065444208,4.61448952998728e-05,0.000219411296013421
"ENSG00000227932.2",1.8885656255292,-3.64677569600677,0.552418453951628,-6.60147333949509,4.07091485009111e-11,7.52648411919425e-10
"ENSG00000227947.2",1.11558610342056,-2.72632236662128,0.380496435675494,-7.16517189387399,7.7689011128666e-13,1.97245612738523e-11
"ENSG00000227954.7",9.34296608068802,-1.77743496643637,0.260276467102164,-6.82902678918984,8.54926105068116e-12,1.8009345554405e-10
"ENSG00000227972.1",2.5430251957105,-1.14360913581655,0.347283475496437,-3.29301339253696,0.000991197530961131,0.0032809932925937
"ENSG00000228000.1",0.532641721020912,-1.08903668659579,0.302627163308809,-3.59860851447928,0.00031992435746874,0.00122010425262578
"ENSG00000228014.1",1.10036451216933,-1.32116617657096,0.349387301185961,-3.78138006758227,0.000155961354268886,0.000645224964905461
"ENSG00000228016.1",0.332732347861986,-1.33931498390538,0.419918135028003,-3.18946687981472,0.00142535470986422,0.00451425683543219
"ENSG00000228020.2",3.49198236893772,-1.95013258711261,0.355402688105188,-5.48710702642584,4.08569610774022e-08,4.07146573307519e-07
"ENSG00000228022.6",98.7999193609435,1.27155080771944,0.213588725557791,5.95326745079245,2.62841237928382e-09,3.3936649676233e-08
"ENSG00000228031.4",4.27142935870015,-1.86416131169168,0.308386074714524,-6.04489458033198,1.49507725828526e-09,2.03399021305571e-08
"ENSG00000228033.6",124.204865963633,1.13559561965613,0.288207561151495,3.94020064955621,8.14134851867898e-05,0.000364191935349624
"ENSG00000228035.1",1.42847648961194,-1.06206586733183,0.275544189091201,-3.85443028515583,0.000115999430437705,0.000496566930461623
"ENSG00000228044.3",0.835236969817755,-1.56500467881495,0.345976955286161,-4.52343618528152,6.08436699442802e-06,3.61668279494304e-05
"ENSG00000228061.7",2.15241832398516,-1.19759615491574,0.195741453962052,-6.11825513030018,9.4605516131499e-10,1.3415197753181e-08
"ENSG00000228079.2",1.58340477972287,-1.54341826688969,0.210326680028583,-7.33819535724115,2.16493017948697e-13,6.00659733777286e-12
"ENSG00000228133.3",0.963736373187654,1.08451269388301,0.367709524277556,2.94937341101993,0.00318418989850175,0.00909397430437989
"ENSG00000228135.1",0.726044878825077,-1.38661348614901,0.284506798711127,-4.87374464311801,1.09502514843853e-06,7.8144634648699e-06
"ENSG00000228139.1",1.08807352614173,-1.19068862546342,0.290965994908748,-4.09219168664999,4.2731518598013e-05,0.00020498700091997
"ENSG00000228142.2",1.17087483019887,-1.21732393233474,0.415852609543917,-2.92729660556856,0.00341922624371504,0.00969041126091269
"ENSG00000228160.2",0.964000670774661,1.58431426585076,0.560043115532826,2.82891481371651,0.00467061292227239,0.0126784673943887
"ENSG00000228171.1",1.03586306654267,-1.05751397058761,0.299730685213024,-3.52821390254394,0.000418373930367038,0.0015403009384281
"ENSG00000228189.5",0.733274167734985,-1.50721348784417,0.35333247447944,-4.26570891924023,1.99268444133422e-05,0.000103745397407908
"ENSG00000228198.3",0.61292937776882,-1.48269555187645,0.364771909847014,-4.06471965590303,4.80902302189675e-05,0.000227930909837009
"ENSG00000228208.7",1.06578716049043,-1.19242401393738,0.268935052983799,-4.43387353454891,9.25549309656491e-06,5.24511595417822e-05
"ENSG00000228221.6",15.8058113009371,-1.25391582236874,0.213276874185442,-5.87928638375705,4.12038959389206e-09,5.10589243593745e-08
"ENSG00000228262.10",453.845571522265,1.55955375393678,0.272040127104253,5.73280776824192,9.87815678397907e-09,1.13444584762569e-07
"ENSG00000228278.5",3.736705409405,-1.87962206119117,0.285288715786481,-6.58849073651388,4.44319969184306e-11,8.16032989802834e-10
"ENSG00000228307.2",1.2885313967841,-1.7762598772784,0.336954604664588,-5.27151091775859,1.35305237627446e-07,1.19701070376158e-06
"ENSG00000228314.1",36.6152898994762,-1.35451857962188,0.275497679157204,-4.91662428433369,8.80493063054621e-07,6.42920813188267e-06
"ENSG00000228329.3",0.794101582026531,-1.18142932432354,0.254831621730292,-4.63611743433452,3.55014322817198e-06,2.24378121729446e-05
"ENSG00000228339.1",0.424637729084273,-1.29548927048577,0.365584873546911,-3.54360741985003,0.000394692484734312,0.00146400794739201
"ENSG00000228358.6",0.617369709097017,-1.42418026132777,0.422470267353954,-3.37107808851921,0.000748746308940591,0.00257022427702717
"ENSG00000228400.2",0.471176475840761,-1.44231165486583,0.448337474225353,-3.21702230525763,0.00129528528140079,0.00415166552522401
"ENSG00000228403.1",1.04917089245544,-1.67305081865473,0.32961894178785,-5.07571200119785,3.86047651843857e-07,3.08200393890403e-06
"ENSG00000228412.9",25.5059288712458,-1.27644427763029,0.181111508735334,-7.04783636635489,1.81721153261203e-12,4.33813588273527e-11
"ENSG00000228421.2",2.41630657040462,-2.09918481745013,0.30155530239322,-6.96119352168727,3.37401905555936e-12,7.68810197298017e-11
"ENSG00000228444.2",5.1944970091647,-1.18001559424269,0.170299804331571,-6.92904844414977,4.23680712736903e-12,9.49785209426708e-11
"ENSG00000228459.4",10.609657676356,-2.32537310842133,0.24676118801439,-9.42357721298427,4.35975997181338e-21,3.96499658530652e-19
"ENSG00000228478.1",4.65983194275872,1.23481641730386,0.173535991148641,7.11562142890689,1.1140970855586e-12,2.74638808244284e-11
"ENSG00000228488.1",0.536117698364191,-1.66158995914618,0.555609316932615,-2.99057252732804,0.00278454994927217,0.00809712863398507
"ENSG00000228509.6",36.1125293548026,-1.04121501129043,0.202129064939772,-5.15123845054482,2.58771922753544e-07,2.14911524233632e-06
"ENSG00000228510.2",5.07532877597835,-1.06339096021707,0.200036502045996,-5.31598457951717,1.06082133786165e-07,9.6161082757265e-07
"ENSG00000228522.2",11.1695223388912,-2.55838992642761,0.287084442669448,-8.91162858787638,5.02883511238446e-19,3.44898423994922e-17
"ENSG00000228536.3",36.9389138496388,-1.15252876181106,0.243187799824486,-4.73925403594616,2.14506440998266e-06,1.43125970473109e-05
"ENSG00000228549.4",5.09705394637815,-1.33479413258834,0.272240871353085,-4.90298949586144,9.43890335221637e-07,6.83448956663444e-06
"ENSG00000228561.2",0.856038709587648,-1.59831983627478,0.387164520891519,-4.12827041226389,3.65502131464688e-05,0.000178319046694863
"ENSG00000228585.1",2.28890899324094,-3.76341267373226,1.11706679257741,-3.36901311429097,0.000754378394637467,0.00258606687874649
"ENSG00000228613.1",0.49235500704415,-1.17436230859252,0.387123385973725,-3.03356074869688,0.002416860457217,0.00716166792548502
"ENSG00000228626.1",2.95648811199202,-2.28497828975103,0.342183783976503,-6.6776346418214,2.42829487492133e-11,4.7029259828276e-10
"ENSG00000228630.5",69.937039895842,-1.67291998250376,0.243862164469157,-6.86010470769581,6.88100934278194e-12,1.48027179246741e-10
"ENSG00000228636.3",5.07655613101692,-1.61544258258327,0.465235038103858,-3.47231495969709,0.000515990585277172,0.00185067317097772
"ENSG00000228655.7",12.0390563498709,-1.49671733091618,0.273590180153856,-5.47065442946264,4.48376813841884e-08,4.422267948955e-07
"ENSG00000228663.1",5.19110191033371,-1.2540848682752,0.204257663770075,-6.13972002385614,8.26670503175679e-10,1.1863977711667e-08
"ENSG00000228685.1",0.456579035697958,-1.74672208595656,0.60286976371732,-2.89734564756772,0.00376334873727486,0.010513699013149
"ENSG00000228695.10",2.6682166445778,-1.40130244128232,0.418861045661004,-3.34550671588695,0.000821323701420362,0.00278546353965182
"ENSG00000228697.4",1.48664648280856,-1.32795739827437,0.273457662454854,-4.85617183425461,1.19676858032314e-06,8.45919995499835e-06
"ENSG00000228708.1",0.462303356670177,-2.23710377197034,0.923087908996013,-2.42350024322548,0.0153717429693829,0.0352699779890411
"ENSG00000228709.1",58.9387391985193,-1.43415613487424,0.336722111221905,-4.25916827876241,2.0518895837135e-05,0.000106520902920685
"ENSG00000228714.4",4.53247180789053,-2.64239582584727,0.431027756570391,-6.13045398020845,8.76286623772158e-10,1.2524148781712e-08
"ENSG00000228742.11",136.738792974044,-3.26139171115217,0.272429983408817,-11.9714859221572,5.01228366673711e-33,1.65333756949943e-30
"ENSG00000228748.2",5.00093227739237,-1.02463084754169,0.159282773363159,-6.43277879903289,1.25291925569197e-10,2.11854475610536e-09
"ENSG00000228763.1",3.18454799651719,-1.27311410634,0.181151029777152,-7.02791536932558,2.09641981619619e-12,4.9591007627061e-11
"ENSG00000228784.9",33.6992134606646,-1.8566807217486,0.193997612720178,-9.57063695637675,1.06249046940808e-21,1.04891280022657e-19
"ENSG00000228787.1",0.828739546263604,-1.33997948602969,0.460237561213682,-2.9114952775607,0.00359703344838427,0.0101222595969177
"ENSG00000228791.8",3.91950322110381,-1.63664120225876,0.277229120653939,-5.90356885452072,3.55721059310377e-09,4.46795970597095e-08
"ENSG00000228804.5",0.604559880516735,-1.20587969246616,0.277818327569439,-4.34053326508761,1.42137347979711e-05,7.67807701680889e-05
"ENSG00000228809.2",2.47205675461528,-1.86323481341878,0.226927128085394,-8.2107186969626,2.19868444717256e-16,9.75258516471568e-15
"ENSG00000228812.7",0.75266520719177,-1.30607518407825,0.356736037497106,-3.66118094836114,0.000251055362944825,0.000984281010726613
"ENSG00000228824.7",17.3086935155268,-1.11285082463821,0.29295842815325,-3.7986646489517,0.000145477772472158,0.000607062969828097
"ENSG00000228836.8",2.0718780449756,-3.91746041138673,0.835990941743103,-4.68600820389098,2.78585101204521e-06,1.80745457013149e-05
"ENSG00000228842.3",0.603868150538606,-1.14251082714704,0.39456241575871,-2.89564028786191,0.00378385858454437,0.0105646063745017
"ENSG00000228868.3",1.64718912696772,-1.52638024720331,0.367420701599527,-4.15431204762926,3.2626767266994e-05,0.000161010888286726
"ENSG00000228874.1",0.399705713473265,-1.67841375229164,0.555268252796081,-3.02270793231903,0.00250523905621185,0.00738825982078173
"ENSG00000228876.4",0.501326142244488,-1.72697291742292,0.513323968430593,-3.36429433190673,0.000767396559322691,0.00262592917821255
"ENSG00000228877.2",0.924895339944615,-1.82071114863161,0.347551832327271,-5.238675153688,1.61733432983742e-07,1.40216206542976e-06
"ENSG00000228933.8",19.0368876131706,-1.04558799515721,0.297728020448651,-3.51188978982092,0.000444932466781741,0.00162612409289331
"ENSG00000228956.8",78.6620604535858,-1.02749584640675,0.213562824042157,-4.81121117879547,1.50018403637033e-06,1.03486554223442e-05
"ENSG00000228980.4",1.81933127107491,-1.65189815458616,0.340542217208313,-4.85078815815566,1.22971833578331e-06,8.65090613944246e-06
"ENSG00000228983.9",0.935156200934136,-1.98972696116648,0.327596781794177,-6.07370728817655,1.2499047299341e-09,1.72471913630549e-08
"ENSG00000228986.1",1.2645409531832,-1.09944750273611,0.238947473937578,-4.60120998401233,4.20043704210887e-06,2.60472082718506e-05
"ENSG00000229068.1",2.58778623204808,1.01372081693119,0.338516038242832,2.99460203479045,0.00274803126082048,0.00800488332367683
"ENSG00000229089.8",1.67190758457219,-1.86188154075005,0.375917167839331,-4.95290372464666,7.31141538218386e-07,5.44680132845179e-06
"ENSG00000229092.2",10.6156986760525,-1.16324287281526,0.266095967800464,-4.37151634589041,1.23386610872034e-05,6.7707873264635e-05
"ENSG00000229108.2",44.613718800908,-4.37858517057231,0.293117491997128,-14.9379866098718,1.86526218113977e-50,3.10096107090124e-47
"ENSG00000229140.11",131.293838002184,-1.30032819125603,0.216827556400664,-5.99706150288951,2.00919980749239e-09,2.64732276041064e-08
"ENSG00000229142.1",1.41048715885616,1.53523517945354,0.619277068222293,2.47907642351527,0.0131723079421009,0.0308873963817284
"ENSG00000229151.2",0.906192062154561,-2.0776458418956,0.350186986150606,-5.93296131513596,2.97518970552872e-09,3.80125528869304e-08
"ENSG00000229153.5",7.27546467284139,-1.42936847364215,0.197003372295599,-7.2555533287898,4.00023127936028e-13,1.06643753965857e-11
"ENSG00000229191.1",16.3058929444027,-2.32636726196676,0.276161414081806,-8.42394028760885,3.64029851785052e-17,1.84960986551227e-15
"ENSG00000229195.1",32.5398297403847,1.2426127384814,0.201726555861149,6.15988674954976,7.2796985717897e-10,1.06162381503699e-08
"ENSG00000229203.1",1.41603852435806,-1.48966838517153,0.322338976503225,-4.62143424705149,3.81096124435243e-06,2.38756664512776e-05
"ENSG00000229224.2",0.651692378183636,-1.09293387577203,0.431832603630547,-2.53092023757217,0.011376371556177,0.027260003148909
"ENSG00000229243.2",0.76718614023882,-1.32588063079479,0.429422044094211,-3.08759331065897,0.00201784411195875,0.00610667288671226
"ENSG00000229246.2",8.62361775950205,-2.96323878973241,0.286808179077289,-10.3317792374878,5.06129401006271e-25,7.45948587397966e-23
"ENSG00000229308.1",0.682225861115957,-1.19453900536675,0.371958478160844,-3.21148481753441,0.00132050947982061,0.00422074389708086
"ENSG00000229311.1",0.995711468074984,-2.19092622520748,0.694077188589753,-3.15660312891002,0.00159618432057526,0.00498882618801085
"ENSG00000229314.5",6.63340638148911,-4.19970450000367,0.535221289657714,-7.84666937051303,4.27231636392111e-15,1.54271079684873e-13
"ENSG00000229375.1",1.82269803442816,-1.84586275288831,0.744472322920212,-2.47942427953248,0.0131594667752414,0.0308635944987632
"ENSG00000229393.1",1.67130316147661,-1.03786741985837,0.267192347768079,-3.88434559794816,0.000102605872884136,0.000445212029633382
"ENSG00000229403.1",1.49316844773591,-3.91378111706841,0.810755863118731,-4.82732385309344,1.38379991609617e-06,9.61603278929763e-06
"ENSG00000229405.1",0.367724196035665,-1.45110198064554,0.42000436073701,-3.45496884389294,0.00055035641620472,0.00195821533860976
"ENSG00000229422.2",10.1798926969087,-1.06509222675646,0.18706164210227,-5.69380346920165,1.24240086540272e-08,1.39370215297889e-07
"ENSG00000229435.2",0.845687511353544,-1.92418954875004,0.475311843838594,-4.04826762407262,5.15981278014816e-05,0.000243143014476778
"ENSG00000229436.1",1.54858838523106,-1.47829627036873,0.303478831825494,-4.87116765764662,1.10940648541806e-06,7.90758915228011e-06
"ENSG00000229500.1",0.551763439337809,-1.04361097968381,0.42090370499883,-2.47945306085322,0.0131584048036427,0.030862845397799
"ENSG00000229558.2",2.23247650527561,-1.13724959767452,0.249569956456824,-4.55683694391822,5.19297055448699e-06,3.1425486631565e-05
"ENSG00000229559.2",0.489935157698252,-1.61738837284688,0.585746094257142,-2.76124482724566,0.00575814933514801,0.0152065194222532
"ENSG00000229563.7",5.97035456682044,-2.87708709161852,0.316089737820815,-9.102121161711,8.85845368356852e-20,6.80545382618253e-18
"ENSG00000229594.1",1.05465235758465,-2.97522525045215,0.739890098755167,-4.02117186790016,5.79093330452092e-05,0.000268889252600266
"ENSG00000229611.2",1.25214332198976,-1.09602455817386,0.244916267110165,-4.47509906592221,7.63758918719788e-06,4.42724521336566e-05
"ENSG00000229618.3",8.45111475449599,-2.07923832451131,0.255073076100349,-8.15153977165866,3.59319465638499e-16,1.54118014766432e-14
"ENSG00000229642.1",0.388025742910464,-1.32482079221267,0.531184051509367,-2.49408992692489,0.0126280546852977,0.0298123947077729
"ENSG00000229647.2",16.5853806973023,-1.96131012468351,0.205205065583837,-9.55780559852805,1.20279901167098e-21,1.18461451476467e-19
"ENSG00000229656.7",8.29680254928514,-1.42331097506758,0.161990447619015,-8.78638830861844,1.54445090831553e-18,9.68182030941329e-17
"ENSG00000229657.2",1.18840327169952,-1.21632600694236,0.294872496474238,-4.12492186109539,3.70860644059524e-05,0.000180677015280022
"ENSG00000229664.1",2.97303367456298,-1.75283635056663,0.238288606280043,-7.35593857352393,1.89590190750706e-13,5.29552923923444e-12
"ENSG00000229672.3",0.948299889359618,-1.28505188863432,0.307356592356631,-4.18098040058714,2.9025488506347e-05,0.000145082062934551
"ENSG00000229674.2",0.293589419391858,-1.43725602426787,0.587303364563646,-2.44721231136778,0.0143966006150523,0.0333566459339283
"ENSG00000229676.3",18.864147473871,-1.30957676467656,0.251724336808448,-5.20242413300346,1.96705669624158e-07,1.67908832222617e-06
"ENSG00000229722.1",0.716586965832424,-1.79089204648155,0.676629376318385,-2.64678435368265,0.00812611542580588,0.0204577872268062
"ENSG00000229757.2",1.55709782233838,-1.03885958554482,0.272596449603477,-3.8109798827386,0.000138417032440744,0.000581334751647352
"ENSG00000229766.7",6.8443502690455,-1.40773288497633,0.252514490713117,-5.57485980705822,2.47729283603278e-08,2.58631612286346e-07
"ENSG00000229781.1",1.72703879449881,-1.24347568663707,0.343693788527962,-3.61797544250906,0.000296916561052082,0.00114178813013015
"ENSG00000229836.1",0.461813541017902,-1.52619507434319,0.489846168887137,-3.11566195936674,0.0018353253219412,0.00563199874708505
"ENSG00000229871.1",0.473527561779509,-1.4521297870177,0.379143845233281,-3.830023367844,0.000128131090728162,0.000542023856778001
"ENSG00000229901.1",2.40029662198741,-1.05668939417412,0.266555214241974,-3.96424206961818,7.36295086887235e-05,0.000333337362714133
"ENSG00000229921.7",16.2683110582162,-2.18553197864452,0.338628135223714,-6.45407676240679,1.08880614279684e-10,1.86533227151369e-09
"ENSG00000229922.5",1.01310322617706,-1.13171077478472,0.361970765221963,-3.12652535375542,0.00176885251630538,0.00544934017364792
"ENSG00000229930.1",0.952611780013391,-1.26285409512465,0.251853016678055,-5.01425042185999,5.32406093309608e-07,4.11451507068314e-06
"ENSG00000229937.9",0.528805389667695,-1.24262081412565,0.493965637730265,-2.51560173261321,0.0118829377334937,0.0282992584276567
"ENSG00000229941.6",1.1126129132004,-1.72214654536651,0.410839019125566,-4.19177942015327,2.76775030850375e-05,0.000139029778005841
"ENSG00000229961.3",9.76260466020667,-1.14452541161103,0.240501244690332,-4.75891679099087,1.94634645672815e-06,1.31030688052479e-05
"ENSG00000229967.1",32.8063809417692,-2.16762634310611,0.662643044736134,-3.27118251723183,0.00107098765525751,0.00351487594186769
"ENSG00000229970.3",3.21145937886479,-1.93625913842998,0.468533269261184,-4.13259690498224,3.58687461342071e-05,0.000175303013503047
"ENSG00000229976.2",1.76099875979702,-2.24829883628617,0.348650137065779,-6.44858153565557,1.12901819042592e-10,1.92707408749414e-09
"ENSG00000229979.1",1.06202442406493,-1.33212397557712,0.303673372468171,-4.38669997553621,1.15083358224382e-05,6.3655769690202e-05
"ENSG00000229981.8",2.42118293127529,-2.68892021515668,0.377905515034274,-7.11532409076592,1.11650164903908e-12,2.75068414566462e-11
"ENSG00000229989.4",5.89723659968413,-1.65441186334462,0.205236350217575,-8.06100801144998,7.56678697550081e-16,3.08324313995848e-14
"ENSG00000230006.7",104.327096086311,-1.41679215132019,0.232851394121656,-6.08453368580637,1.16830838191735e-09,1.62235993883224e-08
"ENSG00000230062.5",0.359435965104511,-1.16160750674751,0.434639249222591,-2.67257848623933,0.00752707641910815,0.0191515365859181
"ENSG00000230090.5",0.543362108046687,-2.41939824057346,0.675839562751277,-3.57984109531014,0.000343803211402433,0.00129854135517157
"ENSG00000230098.1",0.823229710107687,-1.51220747245701,0.536683442449783,-2.81768982019323,0.00483705134275796,0.0130730607301149
"ENSG00000230107.1",4.29096740770069,-1.1395687741874,0.194354791497961,-5.86334283505103,4.53640222961833e-09,5.58146682851974e-08
"ENSG00000230121.1",2.05089921362864,-2.85604545411209,0.479246436587553,-5.95945057922265,2.53087385604684e-09,3.27893326698936e-08
"ENSG00000230131.6",2.39087517346041,-1.41617641422371,0.302290429313675,-4.68482054638322,2.80205325018792e-06,1.81768280293913e-05
"ENSG00000230157.1",0.737507318486017,-1.43552044052127,0.348305267438632,-4.12144338521724,3.76506003366248e-05,0.000182935965769324
"ENSG00000230159.1",8.95113433379269,-2.68718605513879,0.855230002594665,-3.14206242412707,0.0016776226439865,0.00520843746391027
"ENSG00000230196.1",1.13022220533727,-2.85264333113161,0.62768737337102,-4.54468809179859,5.50166605403833e-06,3.30529408120759e-05
"ENSG00000230231.1",0.661733366241573,-1.32321056165587,0.338766433016423,-3.90596715817982,9.38492585907521e-05,0.000411886260353626
"ENSG00000230246.7",2.78177059312123,-1.97862256557893,0.550644963171027,-3.59328187473928,0.000326539012894059,0.00124168476247968
"ENSG00000230251.1",0.583600391019521,-1.542642387161,0.470617632733672,-3.27791030310588,0.00104578621205835,0.00344222432450852
"ENSG00000230257.5",3.68904228926851,-1.7139444020395,0.387035120156928,-4.42839502871099,9.49369041644495e-06,5.36269135247443e-05
"ENSG00000230294.4",2.19272634259369,-1.49146667847474,0.452965819238542,-3.29266936958282,0.000992411038426123,0.003284225462144
"ENSG00000230300.1",0.570688009794012,-1.77953521448127,0.34698862952441,-5.12851160834964,2.92041893362635e-07,2.39499707417873e-06
"ENSG00000230317.2",1.37078090130175,-1.65440892024573,0.34333179072029,-4.81868840859414,1.4450502616183e-06,9.99986329893105e-06
"ENSG00000230384.1",1.08819626618851,-2.12097314847672,0.4644728596854,-4.56640921907324,4.961497568383e-06,3.0187346206578e-05
"ENSG00000230397.1",0.633346756025483,-1.08742736433447,0.2524583554398,-4.30735343435197,1.65219501236555e-05,8.79576394311988e-05
"ENSG00000230450.1",1.60722911175471,-1.95757011276833,0.342159168722593,-5.72122652763234,1.05757778564907e-08,1.20755626173479e-07
"ENSG00000230453.9",33.827270803848,-1.03647703649904,0.312789505160912,-3.31365669051408,0.000920844952831684,0.00307851978198121
"ENSG00000230481.2",5.19251691828614,-1.56114367198302,0.39285654483276,-3.97382630508957,7.07271498122685e-05,0.000321568229519879
"ENSG00000230489.1",1.42266216178643,-1.16651177052882,0.333519707248331,-3.49757973869972,0.000469500336445104,0.00170229198144739
"ENSG00000230501.1",2.99430592902119,-3.45791751476687,0.378168836430431,-9.14384576848388,6.02700121079033e-20,4.74420879399371e-18
"ENSG00000230515.1",1.81516535434889,-1.73888773586922,0.313193379365903,-5.55212162974135,2.82223107801458e-08,2.91345117480123e-07
"ENSG00000230516.1",0.334211072768736,-1.12890849363466,0.482092318279667,-2.34168529725415,0.0191968940792904,0.0426197501854816
"ENSG00000230524.8",2.99621249617794,-1.5935792592528,0.260888960565844,-6.10826635131081,1.00719169427218e-09,1.41901359990984e-08
"ENSG00000230526.1",10.2955913163407,1.32136804322107,0.204357903294073,6.46595028585511,1.00664171427649e-10,1.74107544439281e-09
"ENSG00000230533.4",1.22290279583897,-1.40532602137943,0.310592068538046,-4.52466808954359,6.04903610210021e-06,3.59722475998696e-05
"ENSG00000230539.1",0.526732706774591,-1.03460067334309,0.344205928513657,-3.00576076016668,0.00264917341029562,0.00775660058321287
"ENSG00000230570.1",0.637653795643243,-1.18118090750476,0.383841668356481,-3.07726076890582,0.00208912454253426,0.00629417863260666
"ENSG00000230587.2",18.1094543121656,-1.14450717233344,0.147433073634745,-7.76289297996237,8.30136592504671e-15,2.84671097835636e-13
"ENSG00000230596.3",0.537186483085673,-1.81930818908093,0.533815397188181,-3.40812235590046,0.000654115570289697,0.00228360783976316
"ENSG00000230630.5",103.28174623454,-2.83058268479747,0.211744297185306,-13.3679287821401,9.30972281333795e-41,6.4488449927992e-38
"ENSG00000230637.2",1.65187148574387,-1.63233749955983,0.260576395203934,-6.26433372171844,3.74422847075883e-10,5.7807438224992e-09
"ENSG00000230638.4",8.22486762317052,-1.13283340825556,0.19421000335547,-5.83303325618142,5.44287144355581e-09,6.59523682032263e-08
"ENSG00000230646.1",1.29757735517424,-1.07351159150315,0.397604879258876,-2.69994571873499,0.0069350790120364,0.0178573665756928
"ENSG00000230647.2",0.687044149746195,-1.03263841883655,0.299923415830485,-3.44300699555981,0.000575284432599384,0.00203940392252606
"ENSG00000230650.1",0.814364411820883,-1.32567102765519,0.293695047424097,-4.51376704946922,6.36861681322069e-06,3.76516023595446e-05
"ENSG00000230657.8",5.3320205593973,-3.06980423329578,0.560006207901857,-5.48173250578283,4.21180726154586e-08,4.17583810602025e-07
"ENSG00000230668.2",0.76504011870925,-2.36657684467845,0.869628864862316,-2.72136418224013,0.00650130943978326,0.0169001328948989
"ENSG00000230676.1",5.5013478355109,-1.81348261358981,0.32167315806505,-5.63765601238968,1.72380411361231e-08,1.86477737037883e-07
"ENSG00000230699.2",10.8346656822979,-2.30568585802148,0.284318745307186,-8.10951052675177,5.08240773504617e-16,2.14017254593707e-14
"ENSG00000230707.1",6.22658917369833,-1.26415952088917,0.4739004118384,-2.66756366803971,0.00764034113978658,0.0193851326812655
"ENSG00000230709.1",2.46659791321016,-1.24754299642699,0.273914396893399,-4.55449954648608,5.25104380908579e-06,3.17261059446466e-05
"ENSG00000230747.1",17.9202524944706,-1.13740581574738,0.186258788376563,-6.10658871810048,1.01783070169406e-09,1.43303115256804e-08
"ENSG00000230778.1",0.601452605753375,-1.73547319500491,0.442732006021871,-3.91991808001153,8.85790729089247e-05,0.000391359990245639
"ENSG00000230805.8",1.47119089857458,-3.708038571359,0.623492257271436,-5.94720869122953,2.72753578964411e-09,3.51074148309658e-08
"ENSG00000230806.1",0.541711309390408,-1.04683608074881,0.337402492024876,-3.10263292504559,0.00191807388045947,0.0058496468021468
"ENSG00000230817.6",0.867495420839634,-1.45454486966318,0.366662050733596,-3.9669904937067,7.27858944877325e-05,0.00032985795951359
"ENSG00000230834.1",3.81648195454914,-1.00629221934643,0.394369989000179,-2.55164502222297,0.0107215693523367,0.0259331819485433
"ENSG00000230838.1",36.958367534263,-1.05534896395392,0.216385010275538,-4.87718147671167,1.07612422144642e-06,7.6967604356834e-06
"ENSG00000230852.2",0.51321163569818,-1.06288557013994,0.39188145066594,-2.71226302835649,0.00668255432466865,0.0173014590943673
"ENSG00000230863.3",9.89097285067463,-1.67206195466618,0.270396676920328,-6.18373706995981,6.2601603850135e-10,9.27574994374085e-09
"ENSG00000230867.1",0.423231334184741,-1.20264391870359,0.515836628343529,-2.33144343116068,0.0197299896642146,0.0436388606473358
"ENSG00000230899.1",0.845654477883988,-1.75088517833937,0.407310703108631,-4.29864760482959,1.71843441895625e-05,9.10292777474634e-05
"ENSG00000230936.1",1.25880089219674,-2.18244212366029,0.531352420157308,-4.10733449377002,4.00251387306097e-05,0.000193298258880037
"ENSG00000230991.2",5.35498954657382,-2.52538265816807,0.535775721712034,-4.71350708109428,2.43489259525294e-06,1.59771086270765e-05
"ENSG00000230992.3",2.4391951977871,-1.39439882785171,0.272241072426949,-5.12192673728859,3.02429400274245e-07,2.46825771364368e-06
"ENSG00000231013.2",0.822012945996403,-2.01706755860575,0.396240338714443,-5.09051543098792,3.57091509355855e-07,2.87235094094214e-06
"ENSG00000231023.7",70.080424899357,-3.41410535859877,0.315628720856787,-10.81683995465,2.8648538012829e-27,5.29195794172977e-25
"ENSG00000231031.6",3.60022599087677,-2.195388202275,0.594717729467913,-3.69147932455148,0.000222953523036599,0.000884885590349102
"ENSG00000231047.1",2.14261092492684,-1.43760849094255,0.276307784569049,-5.20292431566762,1.96176778130526e-07,1.6756060938473e-06
"ENSG00000231069.1",1.0410820024388,-2.23671743772905,0.433951810812315,-5.15429912261948,2.54581294690105e-07,2.11745202519715e-06
"ENSG00000231090.2",1.85570829441954,-1.3164916651204,0.258376355974264,-5.09524820936608,3.48284637696338e-07,2.80876278541647e-06
"ENSG00000231105.2",9.78684243980087,-1.19309139378531,0.185747186792509,-6.42320034229142,1.33438684222675e-10,2.25080300067484e-09
"ENSG00000231114.1",0.426915160498785,-1.8489114646435,0.593057242187617,-3.11759360331458,0.00182334036417396,0.00559770071028203
"ENSG00000231123.1",7.50335049308426,-1.0697276174189,0.234801278360826,-4.55588498021298,5.21654772690454e-06,3.1538196695378e-05
"ENSG00000231128.6",1.38074831343577,-1.37253925052953,0.265403278997532,-5.1715233350312,2.32193269324923e-07,1.94742077888054e-06
"ENSG00000231131.8",58.5811804010021,-1.14219989090749,0.277809882798811,-4.11144441443312,3.93191542402138e-05,0.000190242455009519
"ENSG00000231156.1",1.80926113787312,-1.6705553070127,0.313911701941922,-5.32173632482735,1.0278147556641e-07,9.34953750818806e-07
"ENSG00000231165.3",1.34958046296054,-1.43004287111138,0.368192478668369,-3.88395459973375,0.0001027711057875,0.000445770475760809
"ENSG00000231171.4",10.4890408635871,-1.05885253203324,0.431978413506299,-2.45117000972041,0.0142392681543775,0.0330510702017333
"ENSG00000231178.3",0.369678294236127,-1.68745859900054,0.662153042317077,-2.5484419630477,0.0108205289553903,0.0261299648157534
"ENSG00000231226.1",0.878491477685812,-1.03133447852026,0.361891854500269,-2.84984164660023,0.00437410005300313,0.0119657965117433
"ENSG00000231231.5",1.11808363667459,-1.43346836189236,0.279217401104603,-5.13387903555244,2.83830557827767e-07,2.3369964282846e-06
"ENSG00000231236.2",6.27973525636625,-1.16386691529342,0.340391050882379,-3.41920538826267,0.000628043014581539,0.002203319302105
"ENSG00000231238.2",5.38404904724325,-3.11125495006208,0.530622792285626,-5.86340239298907,4.53477464092195e-09,5.58111648285455e-08
"ENSG00000231240.1",9.29700614437902,-3.88773486752756,0.604470207427863,-6.4316401697788,1.26234295258288e-10,2.13274381281503e-09
"ENSG00000231252.3",56.7910919976568,-1.26170062982795,0.236801654714996,-5.32809042802712,9.92507098397499e-08,9.05014919341748e-07
"ENSG00000231255.1",2.44940291042174,-1.12131822294894,0.345996915877198,-3.24083300021935,0.0011918098162393,0.00385808860367144
"ENSG00000231265.1",0.38840875403462,-1.01011240717887,0.388406022103329,-2.60066103431873,0.00930443385406115,0.0229474768479996
"ENSG00000231274.5",4.57054268266294,-1.34241487799614,0.248285939591562,-5.40672935488997,6.41860196934581e-08,6.10876883558393e-07
"ENSG00000231290.6",48.4777747816374,-2.79103355579961,0.21718328040501,-12.8510516582805,8.48488280777571e-38,4.57985323710096e-35
"ENSG00000231295.1",0.351306615541474,-1.55165488293212,0.542280815462148,-2.86134939442723,0.00421841874084377,0.0115994654123023
"ENSG00000231297.3",1.05493014659382,1.12364016660645,0.273188614477986,4.11305635395355,3.90455021812158e-05,0.000189116555372998
"ENSG00000231298.7",16.1743320551209,-2.49812458506166,0.274087395676817,-9.11433588141811,7.91537631575306e-20,6.10350408970925e-18
"ENSG00000231310.3",0.563588175291291,-1.1371685953972,0.267509741686093,-4.25094274410238,2.12872586418961e-05,0.000109960358398519
"ENSG00000231317.1",1.59431788467562,-1.65613034398455,0.321330136227745,-5.15398388531712,2.55009866233175e-07,2.12059224897624e-06
"ENSG00000231322.5",0.547559324403198,-1.42056376905444,0.455585787176704,-3.11810378865805,0.00182018692841783,0.00558967113336056
"ENSG00000231329.8",2.02429106677278,-1.09152221431343,0.17788235204727,-6.13620295521711,8.45171703875963e-10,1.21127677091354e-08
"ENSG00000231331.1",7.61949450167635,-1.38828600142165,0.365532586799135,-3.797981497569,0.000145879209862478,0.000608493749528733
"ENSG00000231345.3",53.4872135948253,-1.40693318805221,0.262527647442579,-5.3591810301044,8.36000531664234e-08,7.76617212718572e-07
"ENSG00000231346.5",15.1956909718416,-1.30082119682927,0.141245609632614,-9.20963986217172,3.27220928935521e-20,2.63570231344274e-18
"ENSG00000231358.4",2.70946872621467,-1.57947221190552,0.545902385566744,-2.89332352022193,0.00381188439214025,0.0106335686358905
"ENSG00000231394.1",0.413319117096346,-1.5038819285042,0.362895230497532,-4.1441215042765,3.41118854180561e-05,0.000167563902818254
"ENSG00000231401.2",5.82545155318854,-1.70694003395224,0.308494731108773,-5.53312540482381,3.14574390304136e-08,3.20528090458948e-07
"ENSG00000231419.6",57.6310516680807,1.71805078137228,0.306209348458714,5.61070649874011,2.01502265636255e-08,2.14519394579253e-07
"ENSG00000231424.3",7.35703778882069,-1.01130929214806,0.174515539699521,-5.79495266661823,6.8340452932964e-09,8.12229312210423e-08
"ENSG00000231431.7",7.16024888561639,-4.20767724876918,0.580098576614615,-7.25338316346968,4.06488033961854e-13,1.08228415551074e-11
"ENSG00000231437.3",3.54205299840222,-1.25386159768598,0.282446295069997,-4.43929206922415,9.02552651375755e-06,5.12737743254225e-05
"ENSG00000231482.3",4.61630552253901,-3.33504803530529,0.343613885544384,-9.70580112041052,2.84829851580655e-22,3.0276466218402e-20
"ENSG00000231507.2",5.51386653527671,-1.03205018931223,0.157840539535077,-6.53856222458538,6.2113042701566e-11,1.11321357514553e-09
"ENSG00000231528.3",140.267254468834,-1.00299552421061,0.157760698212143,-6.35770211197889,2.04794122414388e-10,3.31967758026006e-09
"ENSG00000231532.6",12.4791560220731,-4.24855081314158,0.561186039181565,-7.57066376657851,3.7132199552882e-14,1.14828011742328e-12
"ENSG00000231556.1",0.298304813517028,-1.06826747141042,0.46158737693782,-2.31433424045806,0.0206493949709457,0.045307463457533
"ENSG00000231566.2",3.40344079257653,-1.70995293073638,0.257370267923742,-6.64394121563036,3.05404419705727e-11,5.76964476900428e-10
"ENSG00000231574.6",1.96645307999075,-1.19608769730761,0.285201096221711,-4.19383976132334,2.74271762031411e-05,0.000137955742146309
"ENSG00000231586.2",0.361497033745567,-1.41087241723351,0.459920316653268,-3.06764534234995,0.00215752512169188,0.00647510823737934
"ENSG00000231605.6",0.700489056745769,-1.34364872294991,0.345303530590443,-3.89121049718887,9.97453514423334e-05,0.00043436884918758
"ENSG00000231621.1",3.57631877101257,-1.32272320177477,0.284764592633196,-4.64497074423353,3.40124650470498e-06,2.1591966889957e-05
"ENSG00000231625.4",7.32762614416466,-1.15294296930171,0.238438131053099,-4.83539677236003,1.32880318227137e-06,9.26795063963123e-06
"ENSG00000231646.6",5.58696174039317,-1.39935914410897,0.201472207456182,-6.94566839653711,3.766726093309e-12,8.50367571374844e-11
"ENSG00000231672.8",25.406203241715,-1.70919587192627,0.176374290518163,-9.69073138100173,3.30155839613073e-22,3.47390810278444e-20
"ENSG00000231680.1",5.98113899801382,-1.23409444664182,0.228603310781756,-5.39841020859054,6.72340025279709e-08,6.37404108820147e-07
"ENSG00000231682.1",1.96957810089707,-1.62706641930294,0.371836256987633,-4.37576053632945,1.21009805961351e-05,6.65177827716658e-05
"ENSG00000231688.1",0.311027861508747,-1.02606224586331,0.408706625300826,-2.51051043057616,0.012055676050953,0.0286548100211431
"ENSG00000231689.2",1.03006594384682,-1.42452672552286,0.284980922649221,-4.99867398940345,5.77259053717599e-07,4.42005173003147e-06
"ENSG00000231703.2",2.23935082999732,-2.96737503850345,0.326919865801721,-9.07676574265814,1.11848999044811e-19,8.43678420744182e-18
"ENSG00000231713.2",1.90875455334856,1.08887160593031,0.393696768947961,2.76576210884331,0.00567899462791442,0.0150289955253345
"ENSG00000231724.1",0.79872995748149,-1.36409438692242,0.291804779917715,-4.67468143361829,2.94410260384903e-06,1.90004336057723e-05
"ENSG00000231740.1",0.387016316704334,-1.29035559932478,0.551039688433808,-2.34167452255987,0.0191974482272846,0.0426197501854816
"ENSG00000231749.3",0.818738139157027,-1.61088263639572,0.356887996429903,-4.51369239792326,6.37086004403539e-06,3.76532818258256e-05
"ENSG00000231752.6",54.1123491334997,-1.11792925344224,0.180128114663496,-6.20630075172153,5.42463201153139e-10,8.12756148750064e-09
"ENSG00000231755.1",0.972465008144263,1.34477176639524,0.378810421159997,3.54998619699337,0.000385251350105001,0.00143320950707698
"ENSG00000231764.10",82.9188970514192,-2.02558399398925,0.281423955346041,-7.19762463539599,6.12705361727312e-13,1.58239829964983e-11
"ENSG00000231769.3",2.96916841196222,-1.27221528749284,0.285423719892958,-4.45728647909837,8.3003645176484e-06,4.76294008121639e-05
"ENSG00000231772.5",0.33639205793629,-1.41325398324147,0.493336505306421,-2.86468560108617,0.00417423454794335,0.0114962253185091
"ENSG00000231788.4",0.826248700523113,-1.58034341182509,0.376319993991124,-4.199467041505,2.67543968170655e-05,0.00013501289952779
"ENSG00000231802.1",1.50698165135161,-2.37706344748891,0.407763003914519,-5.82952211129782,5.55863315734568e-09,6.72570338531589e-08
"ENSG00000231804.1",0.797705264334369,-1.11304424653517,0.286158458052668,-3.88960806578818,0.00010040625017847,0.000436789257893821
"ENSG00000231808.2",0.977647961119556,-1.18463579973631,0.368341274372769,-3.21613645322145,0.00129929037694348,0.00416225579208608
"ENSG00000231811.3",836.32177040952,2.53115049021912,0.331438287923366,7.63686810621095,2.22569291912786e-14,7.11571146959939e-13
"ENSG00000231826.6",32.3266332923271,-3.8105246225717,0.290010021097021,-13.139286043143,1.96067919154566e-39,1.16413926512887e-36
"ENSG00000231829.4",1.30535972968462,-1.73419205659294,0.360209457956662,-4.81439900670677,1.47643547538228e-06,1.01966785024656e-05
"ENSG00000231858.5",1.81558516226031,-1.24478765096644,0.224458297664255,-5.54574129769263,2.92711349328835e-08,3.01107096991477e-07
"ENSG00000231863.2",2.60804475478891,-2.71749044191869,0.344191963320331,-7.89527569355124,2.89674199619453e-15,1.07112447371741e-13
"ENSG00000231877.1",1.75569696020983,-1.22668599394323,0.460509542266869,-2.66375803616324,0.00772731222973125,0.0195797625071921
"ENSG00000231916.1",4.5241719919902,-1.28672712385889,0.291021730479221,-4.4214125238691,9.80577615303469e-06,5.520082195211e-05
"ENSG00000231918.1",1.30885876863815,-1.63565217656021,0.419220081296073,-3.90165511991549,9.55372089051728e-05,0.000418190360875913
"ENSG00000231934.2",0.74984942748545,-2.05084589691624,0.446548922841818,-4.59265668779301,4.37638693514272e-06,2.7034987187634e-05
"ENSG00000231937.1",7.14572873373144,-2.04868459018186,0.509570339236533,-4.02041569619479,5.8095536783745e-05,0.000269603249196741
"ENSG00000231943.9",0.930436139785981,-1.78830417269685,0.336159771990518,-5.31980421722589,1.03878977626839e-07,9.43079525584687e-07
"ENSG00000231948.2",4.60759585718452,-1.05440453400213,0.174422338622468,-6.04512324699625,1.49295831348685e-09,2.03243804209435e-08
"ENSG00000231964.1",5.97011117302888,-1.47372139122705,0.197774726632562,-7.45151524828053,9.22742249808848e-14,2.69129918502143e-12
"ENSG00000231976.8",1.24470117787763,-3.2591932616115,0.55099331970586,-5.9151230061217,3.31627652686753e-09,4.19688171168158e-08
"ENSG00000231995.2",1.32511868153604,-1.38298278857803,0.267367081879923,-5.17259932993223,2.3085970279187e-07,1.93720794820022e-06
"ENSG00000232001.2",0.72470915400017,-2.40145691786868,0.749864142458655,-3.20252267296684,0.00136229575897635,0.00433967474013758
"ENSG00000232006.9",13.0765215063661,-2.35189732806402,0.333897710060861,-7.04376597142679,1.87112316755499e-12,4.46171090590479e-11
"ENSG00000232023.3",19.4447979848332,-2.86408643673461,0.449732152276305,-6.36842712320685,1.90976474871518e-10,3.11513510541994e-09
"ENSG00000232040.4",27.8216152385254,-1.9580427082561,0.322236138854711,-6.07642182908271,1.22893869683717e-09,1.698043554453e-08
"ENSG00000232044.7",4.13804872823623,-3.09002335187653,0.347228598494763,-8.89910383324355,5.6299406757124e-19,3.82964966225792e-17
"ENSG00000232046.7",2.30119978295431,-1.01749470054021,0.20780629925377,-4.89636119883769,9.76275485027569e-07,7.03954922080427e-06
"ENSG00000232063.2",11.0035286307515,-1.00275778034963,0.178897082988906,-5.60522152511459,2.07988775229636e-08,2.20633728333183e-07
"ENSG00000232072.1",0.648206356783344,-2.21805172928334,0.69370145575197,-3.19741541680776,0.0013866507142097,0.00440813652929351
"ENSG00000232079.7",56.3757575757946,-1.33368026399241,0.418520170320543,-3.18665708028109,0.00143927309290026,0.00455382675754571
"ENSG00000232097.1",0.707252473546494,-1.03674487648008,0.304565015126577,-3.40401827192533,0.000664023113864483,0.00231450257115361
"ENSG00000232104.3",25.9879479681732,-1.10086023463495,0.157707089666787,-6.98041056341167,2.943186775925e-12,6.78074993242765e-11
"ENSG00000232109.1",1.63961034531393,-1.09680251873212,0.450382498292599,-2.43526896113882,0.0148807241631549,0.0343138403056504
"ENSG00000232110.8",4.74812858594868,-1.78979568746935,0.231670034017642,-7.72562448595771,1.113063044104e-14,3.73978385117627e-13
"ENSG00000232124.3",8.45256750700583,-1.23325205355339,0.272261837262515,-4.52965448978545,5.9080221289142e-06,3.52395544951108e-05
"ENSG00000232153.3",1.63661907746297,1.20251237772409,0.306582681675666,3.92231019427323,8.77039781313843e-05,0.000387906006076045
"ENSG00000232208.2",1.47986083023495,-1.11049937684178,0.350847555746378,-3.16519057537498,0.00154981405054081,0.00486138653347752
"ENSG00000232216.1",143.821900998121,-1.6860764338832,0.303200370958323,-5.56093130280162,2.68338816918529e-08,2.78260925867462e-07
"ENSG00000232229.6",37.0092637011588,-1.0384704873221,0.195891524304475,-5.30125277757295,1.15010714100418e-07,1.03442443182029e-06
"ENSG00000232233.1",6.76309291776039,-1.19129356707818,0.174047978548325,-6.8446274240836,7.66751618432649e-12,1.63592047049783e-10
"ENSG00000232237.3",3.53885903134331,-1.10968793947177,0.196726647277076,-5.64076069424824,1.69300525643349e-08,1.83767783932851e-07
"ENSG00000232258.6",0.824440286872494,-1.21513985774462,0.3941971708552,-3.08256869299291,0.00205222359135836,0.00619557760616229
"ENSG00000232259.1",6.07570878707958,-1.50405489574986,0.270682135039865,-5.55653551176677,2.75181755964882e-08,2.84646693414943e-07
"ENSG00000232287.2",0.504991245811922,-1.10483932635502,0.392653647528308,-2.81377578766888,0.00489633661505675,0.0132143858698045
"ENSG00000232325.4",1.77866415631001,-2.85321653966266,0.352298556359373,-8.09885958417653,5.5476771005843e-16,2.31964341704713e-14
"ENSG00000232358.1",0.317428715709174,-1.18689630494802,0.420466114814284,-2.82281083571328,0.00476046503340274,0.012895421216078
"ENSG00000232375.1",0.431443219838753,-1.1442456908649,0.431563304778089,-2.65139709098592,0.00801595365934899,0.0202061539295162
"ENSG00000232406.7",1.306765826225,-1.30509494142638,0.228956024108079,-5.70019918239978,1.19667523854901e-08,1.34896165621302e-07
"ENSG00000232411.1",47.568816090915,1.12135865812852,0.190627195011002,5.88246948744011,4.04189869048708e-09,5.01610610253879e-08
"ENSG00000232456.1",1.67158509777599,-1.55425775689571,0.332185242157555,-4.67888864297749,2.88434030430369e-06,1.86523964100622e-05
"ENSG00000232487.1",2.02376645210514,1.23095036113927,0.301901012897614,4.07733100768606,4.55556175208544e-05,0.000216981729933733
"ENSG00000232502.1",0.5665132121934,-2.17954512025217,0.903188718964597,-2.41316689910694,0.0158145760144643,0.0361141568546096
"ENSG00000232518.3",0.733632343483813,-1.45048258391111,0.334501224020508,-4.33625493646082,1.4493084256082e-05,7.80969230975339e-05
"ENSG00000232520.2",3.11593695571402,-1.30764985402825,0.311467135667316,-4.19835579515194,2.68859977012439e-05,0.000135594689535141
"ENSG00000232527.8",13.3474102620412,-1.81137816704704,0.205088751492576,-8.83216731227022,1.02666720317581e-18,6.65683967213619e-17
"ENSG00000232530.1",1.35557214442586,-1.88021613119219,0.335518006406354,-5.60392019293001,2.09557224937661e-08,2.22127451743408e-07
"ENSG00000232533.1",291.300047540275,-1.18464440794007,0.121655288690791,-9.73771400067168,2.08184796309773e-22,2.28300171615482e-20
"ENSG00000232542.1",0.282903468343089,-1.01712215540097,0.403499437293396,-2.52075235153647,0.0117104236443294,0.0279300256803409
"ENSG00000232554.9",0.735963259935682,-2.17619487899538,0.466672242940465,-4.66321901916289,3.11301130380592e-06,1.99726730177187e-05
"ENSG00000232555.2",0.62043437075012,-1.64102188132857,0.340024930138496,-4.82618107048846,1.39175981997922e-06,9.66811326056767e-06
"ENSG00000232560.7",4.98461154699734,-1.90680023126537,0.389368903971094,-4.89715591517018,9.72336876147918e-07,7.01480042465888e-06
"ENSG00000232563.1",0.51364687488515,-1.6379170528343,0.679939848006278,-2.40891463801836,0.0160000397970818,0.0364779843141148
"ENSG00000232578.4",4.67144990405621,-1.03772609242958,0.222831760917861,-4.6569936357147,3.20860359735445e-06,2.05289382255612e-05
"ENSG00000232591.2",3.30313948519838,-1.10182888252951,0.208875234470456,-5.27505754965583,1.3271443339396e-07,1.17609323682725e-06
"ENSG00000232594.1",0.908983703781574,-2.813035006287,0.698411422051884,-4.0277620288948,5.63102952117284e-05,0.000262431990310592
"ENSG00000232598.2",0.739434389927756,-1.1160159934191,0.376653878163691,-2.96297491707783,0.00304681395758688,0.00876161915901376
"ENSG00000232599.1",0.959438821227271,-1.84764900866891,0.471988408156254,-3.91460675037857,9.05516691787118e-05,0.000398888020604729
"ENSG00000232613.6",16.6822112682591,-1.44786537902976,0.240576158388045,-6.01832446212054,1.76231681157344e-09,2.36199327064222e-08
"ENSG00000232624.8",60.1489654765102,1.75834000348959,0.29077399545514,6.04710197945076,1.47474417952182e-09,2.0089582952896e-08
"ENSG00000232627.1",0.452847764203686,-1.03847134022885,0.336881919862499,-3.08259742954657,0.00205202545118617,0.00619542944952779
"ENSG00000232634.1",1.03781573012904,-1.86247334743452,0.570497387272092,-3.26464833842655,0.00109600056801704,0.00358451177273562
"ENSG00000232668.1",0.412483217177266,1.23165574889466,0.491545586566188,2.50567960033717,0.0122216311248318,0.0289813107097768
"ENSG00000232679.2",111.531758802952,1.53194524426503,0.276494249645505,5.5406043569772,3.01429544116264e-08,3.08799968266211e-07
"ENSG00000232682.2",0.662365565031411,-2.08443880559337,0.402566262687551,-5.17787752922355,2.24424471848352e-07,1.88969406380899e-06
"ENSG00000232721.2",3.21109742834507,-1.73027403856395,0.376425555619859,-4.59659024933817,4.29461001754971e-06,2.6585132789604e-05
"ENSG00000232727.2",5.65928066265613,-1.50335711948695,0.212550090473812,-7.07295450279841,1.51669226683278e-12,3.65642482564409e-11
"ENSG00000232739.1",0.999897245522095,-2.11147559779725,0.32175636508411,-6.56234289955786,5.29688348680718e-11,9.58419989023422e-10
"ENSG00000232759.1",8.94974635046921,-1.5498396748641,0.228032346012448,-6.79657821342373,1.071331557666e-11,2.22189032932707e-10
"ENSG00000232765.6",7.51461174670411,-2.18228375439195,0.632223490260462,-3.45175999944719,0.000556942879888477,0.00197995551911084
"ENSG00000232788.1",8.23996143482038,-1.04047350242495,0.15657365348886,-6.64526552993143,3.02670925945557e-11,5.72650160738178e-10
"ENSG00000232790.3",0.800420230921245,-1.95960472683362,0.678459614437544,-2.88831447758046,0.00387312430712352,0.010781246564374
"ENSG00000232795.1",0.493545689509956,-1.33814726636263,0.340278206333752,-3.93250946271341,8.40636695165149e-05,0.000374114384028846
"ENSG00000232801.1",6.36985708902942,1.16336594106929,0.176249983914267,6.60065842408917,4.09335696880189e-11,7.56124899277084e-10
"ENSG00000232814.2",1.86695448197681,-1.31709732885824,0.201923630469217,-6.52274984258979,6.90299416028921e-11,1.2250309277965e-09
"ENSG00000232815.1",63.1753609367199,-1.69295195142926,0.150492131797847,-11.2494383008898,2.33071577418865e-29,5.3816227226016e-27
"ENSG00000232821.1",5.89465157464845,-1.23590217210606,0.217526105047182,-5.6816269101954,1.33419457109549e-08,1.48584659067177e-07
"ENSG00000232827.3",1.08454161414041,-1.32190502602855,0.525198726109065,-2.5169616000821,0.011837172950247,0.0281983482637798
"ENSG00000232835.1",3.72913572640868,-2.32294290688669,0.639525614881503,-3.63229064299029,0.000280916464621343,0.00108790999837796
"ENSG00000232843.2",0.719113612337313,-1.50686368772224,0.426303333444847,-3.53472180371113,0.000408204679222371,0.00150714411343171
"ENSG00000232852.1",0.757762064806164,-2.1142264468142,0.393937812678844,-5.36690406142306,8.00996348850923e-08,7.47105256978054e-07
"ENSG00000232862.5",1.67590712879308,-1.44176643866114,0.214198904346921,-6.73097018426397,1.6853550327984e-11,3.36439605538746e-10
"ENSG00000232892.1",1.60612916387225,-2.73123113852736,0.415043361659776,-6.58059227258823,4.68577923184913e-11,8.57553308824807e-10
"ENSG00000232893.1",0.576163341524777,-1.31974371667096,0.430310117067402,-3.06695953528845,0.00216248129049354,0.00648884899252707
"ENSG00000232906.1",1.12259293135532,-2.64385586421522,0.406034716915346,-6.51140346889706,7.44518673897969e-11,1.31061775199269e-09
"ENSG00000232909.1",4.2078605651573,-1.17353625600343,0.194226628692834,-6.04209764593792,1.52123348785783e-09,2.06754434997865e-08
"ENSG00000232912.6",6.58651701107943,-1.04383849601189,0.163495428434087,-6.38451182402761,1.71945097592904e-10,2.84489735117687e-09
"ENSG00000232949.2",4.52064344187227,-1.03420660865629,0.211470357887364,-4.89055118167975,1.00554007523465e-06,7.23299698977195e-06
"ENSG00000233005.2",1.85910903167294,-1.37167779387402,0.360543465200166,-3.80447276478163,0.000142106545589892,0.000594906551954784
"ENSG00000233009.1",4.23485027201921,-1.9308462102969,0.299536506695521,-6.44611313525002,1.14755014240531e-10,1.9538909880643e-09
"ENSG00000233017.3",0.449473920997656,-1.40558864153424,0.498627798915758,-2.818913515433,0.00481864993113903,0.0130326497324136
"ENSG00000233029.3",1.66279385607254,-1.17787361248889,0.236980632482309,-4.97033702776037,6.68366203846387e-07,5.03327344886094e-06
"ENSG00000233064.2",0.942998431445003,-1.00034584253389,0.251453404685354,-3.97825531050428,6.94228050392741e-05,0.000316272127923086
"ENSG00000233068.3",0.560976615807643,-2.24226820824683,0.571783696042525,-3.92153225733121,8.79876666037437e-05,0.000388953775726951
"ENSG00000233079.3",0.259410560628112,-1.07344065827621,0.469799688388076,-2.28489010275695,0.0223192725206725,0.0483541908322776
"ENSG00000233085.5",20.4266424017645,-3.24719267762465,0.340954579541386,-9.52382772506654,1.6691509199421e-21,1.60586228089429e-19
"ENSG00000233086.8",1.63596760936619,-2.04672015627774,0.284513571109125,-7.19375229905192,6.30345083207635e-13,1.62521106378882e-11
"ENSG00000233093.6",17.33807093738,-1.94749233802199,0.236538764254431,-8.23329040447337,1.82139925977327e-16,8.16623473944946e-15
"ENSG00000233110.1",19.2547982323413,1.22634769362574,0.230817619499576,5.31305927287752,1.07799954699366e-07,9.76118021179752e-07
"ENSG00000233124.2",149.516513916317,1.53580288379575,0.315280643613732,4.87122477990547,1.10908574351151e-06,7.90758915228011e-06
"ENSG00000233143.2",53.6750190614346,-2.40326548330976,0.27632515365784,-8.69723748090484,3.40061277174505e-18,2.03361536718371e-16
"ENSG00000233191.2",1.6781533528092,-1.41951259679285,0.289228798309487,-4.90792274175241,9.20460976250641e-07,6.68697764288221e-06
"ENSG00000233217.2",1.12305921843049,-1.06420785305668,0.350907062086976,-3.03273421380418,0.00242348949188545,0.00717926373925469
"ENSG00000233221.7",5.59856906130642,-1.03034625330638,0.308737074153344,-3.33729357295985,0.000845985383365961,0.00285744368171118
"ENSG00000233261.3",2.10826388759315,-2.00204247070054,0.297832809129843,-6.72203467626606,1.79204289464956e-11,3.56538471935974e-10
"ENSG00000233264.2",6.00492594341546,-1.41500651589791,0.18752337452907,-7.54576073223637,4.4965493186184e-14,1.37113413632001e-12
"ENSG00000233290.3",1.05660064262906,-1.53462044905908,0.40929455871635,-3.74942792758359,0.000177238423940522,0.000722548639118781
"ENSG00000233293.1",1.05741199598295,-1.26601148664126,0.346532639868711,-3.65336866137895,0.000258822204942793,0.00101053719885696
"ENSG00000233295.3",0.775864659629777,-1.91036476487078,0.367427747106223,-5.19929368404094,2.00047235697127e-07,1.70411215618857e-06
"ENSG00000233316.4",2.1452779995012,-1.40968105362548,0.447785302816133,-3.14811818244136,0.00164325241986568,0.00511586944377958
"ENSG00000233324.1",1.47238698416319,-1.09881240539048,0.229776106586024,-4.78210037464926,1.73473014895396e-06,1.18253000575405e-05
"ENSG00000233342.2",0.824134448353395,-1.93988649249594,0.513623824203572,-3.77686236713014,0.000158816433939146,0.0006551591689706
"ENSG00000233355.7",68.4200624192063,-2.54154116940803,0.263340988937903,-9.65114158513065,4.86115223696565e-22,4.98862245117941e-20
"ENSG00000233358.2",1.46795463254015,-1.49805476984833,0.522557180199148,-2.86677674063806,0.0041467543182424,0.0114319052119123
"ENSG00000233387.1",1.59082198145331,-1.02285740967083,0.335237872638117,-3.05113918550303,0.00227974867445185,0.00680242044709368
"ENSG00000233392.5",9.24264312345308,-2.51873997934094,0.316635162599117,-7.95470711043501,1.79555769304851e-15,6.83397150535552e-14
"ENSG00000233393.1",2.91574647365233,-1.43498154910057,0.331470670437772,-4.32913580922678,1.49695602191039e-05,8.04454178725625e-05
"ENSG00000233399.2",0.392247127682575,-1.26130709180269,0.43540680625115,-2.8968474394384,0.00376933006429291,0.0105289936240434
"ENSG00000233420.2",1.45523333324412,-1.28081355591635,0.33101184839035,-3.86938885162183,0.000109108507459979,0.00047065571220048
"ENSG00000233429.9",61.645551466807,-1.00183063657092,0.150427285426279,-6.65989972319151,2.74014476454212e-11,5.24095244840772e-10
"ENSG00000233470.1",1.15527838751922,-1.93099453672581,0.685945685397551,-2.81508372722932,0.00487645272151586,0.0131675628905693
"ENSG00000233473.2",1.69794797981782,-1.38840111981993,0.284829874674963,-4.8744926121402,1.09088467631162e-06,7.78892783316676e-06
"ENSG00000233485.1",0.583654052344925,-1.24834790500461,0.345954214729748,-3.60841941463204,0.000308068173619374,0.0011797594611599
"ENSG00000233491.8",6.33845693044751,-3.61683221051323,0.465951137468927,-7.762256424912,8.34315014109623e-15,2.85868100712483e-13
"ENSG00000233521.7",6.99873858839964,-1.26146051930827,0.208517447314034,-6.04966411951356,1.45148131407097e-09,1.98051432617918e-08
"ENSG00000233532.6",100.008114312362,-3.603991739379,0.304165122680786,-11.8488001109888,2.18294038006888e-32,6.52714878247645e-30
"ENSG00000233535.1",19.8775943616359,-1.42115914971179,0.388136939576539,-3.66148903853956,0.000250753591617741,0.000983283401718706
"ENSG00000233536.2",0.279837422048116,-1.45559558586096,0.597610767130367,-2.43569170088836,0.0148633465426052,0.0342794744466876
"ENSG00000233569.2",0.820071793359078,-1.84185271271504,0.574244576609164,-3.20743597369421,0.00133923867661942,0.00427244687424442
"ENSG00000233578.1",5.06287725635482,-1.11774097975761,0.169629568778755,-6.58930508286241,4.41889939669665e-11,8.11928809573413e-10
"ENSG00000233579.1",0.790459869775335,-1.00008010122462,0.25057842566938,-3.99108621802962,6.57713623755342e-05,0.000301354796941015
"ENSG00000233589.1",3.9922562413634,-2.09680668694782,0.247566942245907,-8.46965539068248,2.46120083384218e-17,1.27387831950372e-15
"ENSG00000233625.1",0.623143042728901,-1.17523912165613,0.290395987312184,-4.04702259330019,5.18732361411127e-05,0.000244217879530689
"ENSG00000233633.2",7.13857544925842,-1.65443289989499,0.448737433656965,-3.68686179446244,0.000227036577575504,0.00089953233910325
"ENSG00000233635.2",0.30144284378643,-1.12094867017929,0.447126034568193,-2.50700827846411,0.0121757859982744,0.0288940286433871
"ENSG00000233665.8",2.89115030380046,-1.81671309703444,0.26573302830162,-6.83661006930754,8.10890604733712e-12,1.72037954639829e-10
"ENSG00000233670.7",0.704864612091731,-1.33272934310799,0.481881102044981,-2.76568086495241,0.00568040952473065,0.0150298688990868
"ENSG00000233682.3",6.14348915935647,-1.08863927963164,0.213354006204772,-5.10250216997,3.35191902335467e-07,2.70877811488755e-06
"ENSG00000233684.2",0.767183841366826,-1.44853711422908,0.391097293498626,-3.70377688188776,0.00021241310047082,0.00084879466222173
"ENSG00000233701.3",0.454923303541676,-1.7859697978282,0.626678130030803,-2.84989967296355,0.00437330215562856,0.0119644012764767
"ENSG00000233723.9",6.38658344654129,-1.86670833126281,0.207950685766755,-8.97668754676086,2.79040920035143e-19,1.98587306823641e-17
"ENSG00000233725.7",5.34128916535041,-1.5842678263357,0.27806640580619,-5.69744418331469,1.21616778520603e-08,1.36833691090236e-07
"ENSG00000233730.1",0.601182555045306,-1.32233645880428,0.401502667436343,-3.29346867667805,0.000989593672625147,0.00327760714336909
"ENSG00000233732.5",3.86548418571256,-1.67293391813136,0.373764515179181,-4.47590354405195,7.60888329929352e-06,4.41368328939619e-05
"ENSG00000233750.3",0.718761975286507,-1.2869299705056,0.335596743074238,-3.83475107272097,0.000125691523573443,0.000532900489307608
"ENSG00000233754.2",6.02863174802653,2.09721401940497,0.47747461351347,4.39230476354071,1.12155331752515e-05,6.22183648998666e-05
"ENSG00000233766.7",0.524071629643038,-1.00477662802698,0.392858002587225,-2.55760763789937,0.0105394934718264,0.0255537526354012
"ENSG00000233776.5",0.591745894243558,-1.44153894276497,0.355702337614422,-4.05265524098856,5.06395996898236e-05,0.000238924173266937
"ENSG00000233797.2",1.27796934449444,-1.03694575240278,0.256406333038561,-4.04415031451985,5.25132215160541e-05,0.000246867380686601
"ENSG00000233806.7",17.3461196437832,-1.38090212882787,0.161421789146713,-8.55462039001933,1.18257245599402e-17,6.48417894670495e-16
"ENSG00000233828.5",43.1942657967213,-3.77905318819147,0.277657329407519,-13.6104931796882,3.46894997068021e-42,2.62139088511657e-39
"ENSG00000233834.6",18.9035626008168,-1.06980625353115,0.194174815543057,-5.5095005525777,3.59853265284098e-08,3.6275094377244e-07
"ENSG00000233842.2",0.880011264071999,-1.4193516684355,0.355677425289733,-3.99055876902871,6.59178123929023e-05,0.000301992517490499
"ENSG00000233858.4",5.96919133856409,-1.87808841970785,0.256856396719696,-7.31182265146149,2.63542805645888e-13,7.2156561846208e-12
"ENSG00000233860.2",1.91256060534771,-1.16172106890025,0.238500892199458,-4.87092965643374,1.11074382498168e-06,7.91169406236306e-06
"ENSG00000233887.1",8.84765605637545,4.99475159614977,0.868384943964162,5.75177129781732,8.83132176479507e-09,1.02355659561744e-07
"ENSG00000233896.2",1.61644498702989,1.25899779473744,0.351880747914367,3.57791042050369,0.000346352105295166,0.00130615063971307
"ENSG00000233928.6",1.70457741447066,-1.07620520196781,0.449215221718906,-2.39574517944817,0.0165866170121162,0.0376500806257549
"ENSG00000233942.1",1.7811678478444,-1.69389372553851,0.320995283076079,-5.27700503666605,1.31312278628148e-07,1.16490948225039e-06
"ENSG00000233953.1",0.640561154711649,-1.57137885045484,0.397672849967512,-3.9514360876867,7.76836197395539e-05,0.000349841435000037
"ENSG00000233968.7",6.48501845418058,-1.36696298832741,0.266819581737601,-5.12317341712847,3.00435794227739e-07,2.45510534013098e-06
"ENSG00000233977.1",0.401856671709991,-1.24839864800055,0.347634069250769,-3.59112859879105,0.000329249117878796,0.00125038850852326
"ENSG00000233985.2",1.26542543822609,1.08240140919003,0.423849576353086,2.55373950943469,0.0106572953784657,0.0258002394291585
"ENSG00000233997.5",1.30655179133997,-1.27046638795625,0.479739739396782,-2.64824087650884,0.00809118511686957,0.0203747855696657
"ENSG00000234003.1",0.544651112663634,-1.05852171098357,0.289807838723773,-3.65249510035678,0.000259704553036495,0.00101341100678836
"ENSG00000234052.2",1.51459152336466,-2.20512497230662,0.507744201737609,-4.34298405527865,1.40560339232583e-05,7.60277045703359e-05
"ENSG00000234065.2",1.72401249249064,-1.14504311863862,0.203585470190982,-5.62438526464811,1.86169741359988e-08,1.99782772796381e-07
"ENSG00000234068.7",49.3078471735382,-1.96673374292399,0.562213069500856,-3.49819997011115,0.000468409783601856,0.00169907902130043
"ENSG00000234083.1",1.85675924229212,-1.45750225019999,0.360948057140959,-4.03798336454489,5.39126752948129e-05,0.000252532245080921
"ENSG00000234104.1",0.48567849995255,-1.14397161013744,0.449186423932337,-2.54676354668672,0.0108727077082688,0.0262376750723491
"ENSG00000234123.1",1.97035991104722,-2.09475454165819,0.339079130119861,-6.17777490734304,6.50113115804675e-10,9.6019905185053e-09
"ENSG00000234124.6",1.21192611483237,-2.78900016492929,0.695313175836845,-4.01114240582681,6.04256472951259e-05,0.000279169714637619
"ENSG00000234142.2",1.83794043553823,-1.60017622096136,0.264941177610657,-6.03974148296755,1.54361337226766e-09,2.09316995034872e-08
"ENSG00000234147.1",16.440607068162,-1.36824477948035,0.286889829085474,-4.76923418248022,1.84927583447327e-06,1.25137743784399e-05
"ENSG00000234155.1",9.11144514466808,-1.72021760641662,0.262376280191362,-6.55630000227913,5.51592105110954e-11,9.9545249989672e-10
"ENSG00000234156.3",29.5980055170779,-1.37549489667107,0.243921340063307,-5.63909207908615,1.70949110219497e-08,1.8521863709444e-07
"ENSG00000234174.1",0.707458416388678,-1.39641123994681,0.429440032450628,-3.25170252986919,0.00114716013765016,0.00373244634734741
"ENSG00000234177.5",2.53858534011459,-1.35193439600606,0.341384902014525,-3.96014700131214,7.49036402600982e-05,0.000338578316920317
"ENSG00000234184.6",13.6564240619729,-1.29925311612818,0.349663296057224,-3.71572633095454,0.00020262079875456,0.000814284049297722
"ENSG00000234186.4",0.387003703278927,-1.26440475559017,0.554302724442005,-2.28107259776324,0.0225441513289829,0.048767867445206
"ENSG00000234208.1",0.774716158400836,-1.0424079855089,0.282021483825333,-3.69620062758943,0.00021885005033887,0.000870749166397101
"ENSG00000234210.1",0.640580337159762,-1.12948242144164,0.329000605057559,-3.43307095512495,0.000596785896718417,0.00210628527848258
"ENSG00000234211.2",0.805213670183347,-1.31225902245775,0.320816207367826,-4.09037633486266,4.30673798752164e-05,0.000206425933329773
"ENSG00000234224.3",23.8774200320838,-2.47399535739999,0.401765186578714,-6.15781416619901,7.37558289811916e-10,1.07220698290181e-08
"ENSG00000234235.1",0.851225251985113,-2.27901184336854,0.382567529797199,-5.95714917200802,2.56675938649548e-09,3.31921759867844e-08
"ENSG00000234267.3",0.665128015226533,-1.14692588067555,0.342865998795689,-3.34511408160653,0.000822487322164768,0.00278849972133225
"ENSG00000234283.1",1.51578823111544,-1.43657623791885,0.385564991524541,-3.72589905592457,0.000194620284071048,0.000785016328276486
"ENSG00000234332.1",2.621806944357,-1.36966926933114,0.267712360192073,-5.11619735580554,3.1175686404307e-07,2.53615948000746e-06
"ENSG00000234352.9",5.8136441606837,-2.32413492735871,0.437041199560841,-5.31788520096986,1.04980266901254e-07,9.52245712123513e-07
"ENSG00000234380.2",61.5986370845417,-1.08655635529055,0.207328235616246,-5.2407543625737,1.59921478523046e-07,1.38819057860794e-06
"ENSG00000234389.1",2.0113198521261,-1.45476435182681,0.286894904715112,-5.07072216312591,3.96308982717766e-07,3.15362702272943e-06
"ENSG00000234425.1",1.68934343580463,-1.23755403448071,0.247146481358376,-5.00737063978745,5.51786113293398e-07,4.24612746541385e-06
"ENSG00000234426.3",34.8750768817516,-1.16445496105034,0.482899468430897,-2.41138174128469,0.0158922047526009,0.0362579905542955
"ENSG00000234442.4",0.926847538054269,-2.03472881418728,0.837871702009338,-2.42844914001476,0.0151635517481049,0.0348615741649926
"ENSG00000234446.3",5.01596921844803,2.8684413562477,0.449250821798467,6.38494403808677,1.71460159911933e-10,2.83800365044196e-09
"ENSG00000234464.2",2.05408591885782,-1.30541174665832,0.503463747111256,-2.59286146052906,0.00951811033191285,0.0233994854853284
"ENSG00000234471.1",0.518143977102309,-1.86846436079839,0.556646168885688,-3.35664640347519,0.000788939394408259,0.00269100526141946
"ENSG00000234476.3",57.5909907710021,1.91189269599275,0.330506529002302,5.78473503008903,7.26267155575508e-09,8.57531690909922e-08
"ENSG00000234484.1",0.504908730068603,-1.27313191746078,0.436071245305154,-2.91955025965968,0.00350536864428148,0.00990213631439047
"ENSG00000234511.10",106.62782396506,-3.26134215777841,0.246426370823831,-13.2345501290117,5.54276217598373e-40,3.65663938981327e-37
"ENSG00000234572.1",1.07953453761947,-1.37906803789405,0.37479447352051,-3.67953141074954,0.000233662908967746,0.000922357092080678
"ENSG00000234586.2",0.572019989644689,-1.72257717654012,0.573235767224497,-3.00500644766205,0.00265575219661877,0.00777367228648985
"ENSG00000234629.1",1.55646043245618,-1.38809079530632,0.365494142117857,-3.79784690190387,0.000145958424651647,0.000608763075300729
"ENSG00000234663.7",33.6003264007217,-1.12992871851659,0.223649707638484,-5.05222533240708,4.36692078648159e-07,3.44006750810743e-06
"ENSG00000234685.1",0.890305567761054,-2.45297447402108,0.565719001914937,-4.33602984117177,1.45079256828322e-05,7.81667626691562e-05
"ENSG00000234690.7",6.89644198338193,-1.42622600370326,0.192631128793501,-7.40392278566857,1.32219322567905e-13,3.76390375655293e-12
"ENSG00000234692.1",1.08453217352635,-1.75435532651784,0.45180093845571,-3.8830271856326,0.000103164028861043,0.000447288062541486
"ENSG00000234710.2",0.892889689005462,-1.6421995353401,0.605775706216381,-2.71090358772742,0.00671001337209604,0.017360655862242
"ENSG00000234715.2",0.37305781618927,-1.08924386830888,0.449053866844947,-2.42564188559807,0.0152813410559027,0.0350896738654932
"ENSG00000234722.5",445.213482656575,-1.83515887173189,0.455435210687526,-4.02946199298366,5.59046532923543e-05,0.000260687669711302
"ENSG00000234724.1",0.451030790514973,-1.41267889257328,0.303302060402932,-4.65766335611619,3.19818627254044e-06,2.04654376996653e-05
"ENSG00000234737.1",1.273736518671,-1.36137311892654,0.281074151622208,-4.84346607850432,1.27593512786982e-06,8.93821267226114e-06
"ENSG00000234754.2",8.34698681461342,-1.34914921484731,0.292330257831695,-4.61515419188686,3.92803576103877e-06,2.45351701683639e-05
"ENSG00000234775.2",0.711537780932007,-1.53431468033016,0.295039727135,-5.20036638872064,1.98896055761589e-07,1.69534820950844e-06
"ENSG00000234777.3",0.484006532737004,-1.83382798581198,0.565883437950715,-3.24064615224116,0.00119259119716748,0.00385986332126473
"ENSG00000234828.9",0.5279739849662,-1.36565377096615,0.476221185153841,-2.86768798520582,0.00413483083892966,0.0114035726162969
"ENSG00000234835.1",3.30338857275647,-1.19724820549679,0.227785910352605,-5.25602397287648,1.47203110482673e-07,1.28936895213506e-06
"ENSG00000234844.1",0.64116279721048,-1.05648001986699,0.319626126389097,-3.30536189829766,0.000948538361987164,0.00316017245698681
"ENSG00000234883.6",125.172763564396,-1.2190923208805,0.204294825450104,-5.96731864448641,2.41184120742585e-09,3.13645007080829e-08
"ENSG00000234902.6",3.16370468041894,-1.09567532122421,0.176079946231109,-6.22260140735225,4.8897852639558e-10,7.40361585211406e-09
"ENSG00000234928.1",3.06600459760972,-2.04874837168331,0.333473034649502,-6.14367027857787,8.06361409349891e-10,1.16045681770776e-08
"ENSG00000234944.1",1.82047178967223,-1.25736321452467,0.334096601043847,-3.76347203352616,0.000167570474388437,0.000687247291941209
"ENSG00000234965.2",9.2109838016076,-1.44347587295821,0.268099416044955,-5.38410674015107,7.2805291976108e-08,6.84445497650079e-07
"ENSG00000234988.2",1.09574086939466,-1.64577766427274,0.359131481836869,-4.58266052270047,4.59097033139939e-06,2.81804621050984e-05
"ENSG00000234993.1",0.810456340933727,-1.48485650858443,0.350507976763351,-4.23629876357121,2.27234384944705e-05,0.000116697337292374
"ENSG00000234997.2",7.58432771164429,-2.80246236956264,0.289007077034332,-9.69686416789623,3.1090734368835e-22,3.27967792344548e-20
"ENSG00000235051.3",0.927791296916468,-1.00723154796451,0.277435949685746,-3.63050119894487,0.000282871390672826,0.00109425732866195
"ENSG00000235052.1",2.21332348513282,-1.31644219411371,0.206459468316036,-6.3762742626973,1.81447868273337e-10,2.98194397041378e-09
"ENSG00000235054.4",7.28122152602351,1.05168151187999,0.380070451735303,2.76706991316552,0.00565626236319534,0.0149802826954135
"ENSG00000235111.1",8.84919940441481,-2.098587400179,0.22199870558578,-9.45315151564301,3.28779536960013e-21,3.05016408819912e-19
"ENSG00000235122.4",1.22237383321544,-2.24652938993914,0.390935023387043,-5.74655442859868,9.108032165136e-09,1.05269197121074e-07
"ENSG00000235142.10",3.67602422791717,-1.97291244931646,0.312104266256479,-6.32132483474345,2.59330230319069e-10,4.13119318992762e-09
"ENSG00000235151.1",3.01470226981417,-1.06229431816106,0.177532963538229,-5.98364549878263,2.18197942292105e-09,2.86005664834942e-08
"ENSG00000235156.5",0.479117061042134,-1.43670139891901,0.346628405116579,-4.14478841812116,3.40127614139978e-05,0.000167136248508935
"ENSG00000235160.2",3.90846733700835,1.59666107919504,0.62775080009008,2.5434632324896,0.0109759607823445,0.026451518151212
"ENSG00000235166.8",0.517353079923407,-2.16471155230321,0.577986129068041,-3.74526557547954,0.000180203046801972,0.00073262242308359
"ENSG00000235205.1",3.16285226748893,-2.43411207448326,0.377781502524021,-6.44317431695451,1.17000182019006e-10,1.98642220795504e-09
"ENSG00000235215.2",0.452294180397962,-1.23408073513512,0.336479698963656,-3.66762315508495,0.000244815642635699,0.000961995626285801
"ENSG00000235221.3",3.95646066461121,-3.91975050344629,0.683141506530421,-5.73783098519976,9.58967429241043e-09,1.10436697960976e-07
"ENSG00000235237.1",1.58961264658766,-1.04250665325272,0.256816666506679,-4.05934189331753,4.92112154940661e-05,0.000232686750667164
"ENSG00000235254.3",1.02469335969198,-1.14025832049187,0.304758231587108,-3.74151770914826,0.00018291228570619,0.000743055460709673
"ENSG00000235277.1",1.21041778729191,-1.27799855423445,0.47554889131198,-2.687417797797,0.00720068234264347,0.018440739387821
"ENSG00000235292.2",1.75944008892378,-2.40255513751828,0.468394195718652,-5.12934438444966,2.90753007361834e-07,2.38489766962158e-06
"ENSG00000235300.4",2.09115385097568,-3.14723268153617,0.363583278715114,-8.65615353010275,4.87951287118911e-18,2.8483471060725e-16
"ENSG00000235310.1",0.920785712828797,-1.17169391854341,0.364689736921229,-3.21285136355918,0.00131424284727062,0.00420289043811116
"ENSG00000235335.3",3.30682164315817,-1.4691760793162,0.26215926517499,-5.6041356323437,2.09296772656845e-08,2.21907971050097e-07
"ENSG00000235349.1",1.34674977362881,-1.97044949080414,0.383293066088838,-5.1408430392723,2.73508471971073e-07,2.25864068611883e-06
"ENSG00000235370.6",29.402592704303,-1.00909137504388,0.181824400278291,-5.54981275065073,2.85975729486645e-08,2.9485793274433e-07
"ENSG00000235378.2",3.71906516414242,1.98731499131902,0.293559302815843,6.76972241130341,1.29029717413187e-11,2.63137051772663e-10
"ENSG00000235385.2",20.8901210826871,-1.14401528102383,0.256201368745308,-4.46529730354837,7.99576411478473e-06,4.61043213288961e-05
"ENSG00000235410.1",1.92324536398726,-1.07253754914865,0.407220871375903,-2.63379807995793,0.00844356848461152,0.02114937584267
"ENSG00000235421.1",0.342710225293965,-1.41360283277707,0.516672127092113,-2.73597656744711,0.00621954546999154,0.0162437441639075
"ENSG00000235436.10",11.4170547819505,-1.26621736424288,0.285874429286452,-4.42927815336047,9.45490151685246e-06,5.34500294944807e-05
"ENSG00000235447.2",0.431299492794353,-1.43964529481155,0.584464375389914,-2.46318741642914,0.0137707912592148,0.0320999229565611
"ENSG00000235493.2",9.8388061086619,-2.05719419154317,0.415927100494799,-4.94604508601598,7.57364247126745e-07,5.62300336532364e-06
"ENSG00000235495.1",1.59877862171257,-1.29436693711639,0.359916908531907,-3.59629377346032,0.000322783257756501,0.00122976604261396
"ENSG00000235505.7",86.6276879735931,-1.26691176107741,0.160462738552035,-7.89536419800399,2.894687061385e-15,1.07112447371741e-13
"ENSG00000235532.1",13.4220464145134,-1.33012826413676,0.307841706500863,-4.32081890155787,1.55451217748182e-05,8.32156557451047e-05
"ENSG00000235578.1",1.88774405483981,-2.15670476538577,0.388733998157129,-5.54802197803655,2.88919565435742e-08,2.97671665310865e-07
"ENSG00000235592.1",0.814898857611572,-2.21031495696757,0.859421903020954,-2.57186249174951,0.0101153059419447,0.024647496368594
"ENSG00000235601.1",0.679275635182134,-1.72142122519404,0.413063664947584,-4.16744771151072,3.08029139294049e-05,0.000153009526560766
"ENSG00000235615.2",16.9753023673349,-2.85316651916421,0.398821365462037,-7.1539961653228,8.42874217344093e-13,2.1192703098158e-11
"ENSG00000235649.2",31.4397248390446,-1.37529539290397,0.278895372598194,-4.93122341934789,8.17162068377782e-07,6.00687829605896e-06
"ENSG00000235665.6",0.515041804292228,-1.27993910220968,0.321416483267733,-3.98218252280335,6.82853060451925e-05,0.000311670754431176
"ENSG00000235688.2",1.12994341109263,-1.71806114816408,0.367563056005751,-4.67419431874895,2.95109818978758e-06,1.90396682651275e-05
"ENSG00000235690.2",1.01947141755685,-1.43841793083603,0.32307181459459,-4.45231637628633,8.49488768104386e-06,4.86113894808681e-05
"ENSG00000235743.2",2.06882343463772,-2.46429778579547,0.449107877333103,-5.48709544002878,4.08596399900308e-08,4.07146573307519e-07
"ENSG00000235750.10",1934.01329961126,-1.68550074626546,0.166128360276284,-10.1457736864576,3.46025555142843e-24,4.68466168843954e-22
"ENSG00000235760.4",2.21857405825158,-1.37307433797971,0.233739644497212,-5.87437505919579,4.2444144749868e-09,5.24550563215586e-08
"ENSG00000235797.2",1.02702754506708,1.17595269418571,0.406596584328654,2.89218537368525,0.00382572146283938,0.0106635796015378
"ENSG00000235819.2",1.50572707111069,-1.01399144856844,0.308525023157289,-3.2865776597041,0.00101412806285903,0.00334969328050122
"ENSG00000235832.2",0.584831568458033,-1.68885868829478,0.418777397403693,-4.03283152043364,5.51087904641446e-05,0.000257438636537122
"ENSG00000235888.3",15.3823594584254,-1.06717038200479,0.160294625419981,-6.65755560555284,2.78419085500892e-11,5.31526897455903e-10
"ENSG00000235890.2",52.0103492754698,-1.31449889039824,0.288585006307581,-4.55497985573516,5.23905986921781e-06,3.16629062504625e-05
"ENSG00000235920.1",0.444013469838162,-1.11762338915749,0.324365987451001,-3.44556282839711,0.000569871474430671,0.0020211831110125
"ENSG00000235934.2",6.36169532496628,-1.12448278066038,0.311433119517488,-3.61067179496699,0.000305404931250605,0.00117042321370564
"ENSG00000235946.1",2.26301077215857,-1.48970931917085,0.257377825608508,-5.78802511696097,7.12187641572987e-09,8.42261301425859e-08
"ENSG00000235984.5",0.697870505327809,-2.06151855010637,0.731372507372433,-2.81869844617579,0.00482187945651763,0.0130405357868158
"ENSG00000236008.3",3.85310698847358,-1.44342739259839,0.218587526661228,-6.60342982349329,4.01752519489313e-11,7.43108064753664e-10
"ENSG00000236013.7",119.997373804177,1.40930092800185,0.244332342633523,5.76796715822302,8.02334359723867e-09,9.3854828761169e-08
"ENSG00000236039.3",5.17567140522671,-1.80619757446916,0.211841949147064,-8.52615632428526,1.51290777925584e-17,8.07181939941353e-16
"ENSG00000236049.1",1.7037457846038,-1.68148179919732,0.38096000575192,-4.4138013802223,1.01571152154194e-05,5.69165461215129e-05
"ENSG00000236056.1",54.4889157213263,-1.86533067494215,0.247674689156578,-7.53137384080012,5.0209208695003e-14,1.52098770538026e-12
"ENSG00000236064.2",1.9239446933289,-1.25789990314819,0.326659391272647,-3.85079975275618,0.000117732734744381,0.000503520057773817
"ENSG00000236098.1",1.82598938784238,-1.49939486560029,0.262292092801496,-5.71650807153781,1.08735307566067e-08,1.23881950920423e-07
"ENSG00000236106.2",0.392687637313433,-1.6749334601874,0.552802898907434,-3.0298926859786,0.00244640646774467,0.00723580597867948
"ENSG00000236107.10",1.37707149787908,-1.45323908342209,0.265076574110397,-5.4823368994382,4.19743919637825e-08,4.16438758089674e-07
"ENSG00000236114.1",1.10564163011828,-1.60479105585179,0.293173269127611,-5.47386554247301,4.40323210055574e-08,4.35213157106535e-07
"ENSG00000236123.1",2.28695718852527,1.30547500716282,0.440746869850053,2.9619609269306,0.00305686573376877,0.00878323218989961
"ENSG00000236133.2",8.14456243165844,1.26708879520411,0.337789299828643,3.75112176687329,0.000176045171771441,0.000718529846721459
"ENSG00000236136.1",1.5462639092208,-1.18219888137525,0.293737948353183,-4.02467194995795,5.70547932896467e-05,0.000265544380593986
"ENSG00000236138.4",1.87697832095756,-1.1713023222173,0.231604455098782,-5.05733934054822,4.25146331086706e-07,3.35930262597446e-06
"ENSG00000236140.1",0.917622423868052,-1.28061703793201,0.285299399765203,-4.48867764525947,7.16666471608598e-06,4.18167792966398e-05
"ENSG00000236172.7",0.847751431664702,-2.40663407391172,0.551172090812325,-4.36639320827146,1.26315001345349e-05,6.91140611626565e-05
"ENSG00000236182.1",1.00979147538216,-1.32511579961045,0.286835208191658,-4.61978084198448,3.84145589627741e-06,2.40485901432568e-05
"ENSG00000236212.2",5.16240045272416,-1.10169755921454,0.475330373298112,-2.31775123388463,0.0204628448181728,0.0449846278448472
"ENSG00000236242.1",0.361577028624029,-1.02372152526391,0.383662540975277,-2.66828636087743,0.00762392473499746,0.0193493868976529
"ENSG00000236256.9",4.37879802554601,-1.38896151859666,0.196822916884123,-7.05690953363115,1.7024637850122e-12,4.07591012861043e-11
"ENSG00000236276.2",0.506442625730434,-1.58060599437639,0.415714587497073,-3.8021422435351,0.000143450323444234,0.000599626103086519
"ENSG00000236278.2",1.05884719879135,-1.30271749653436,0.264306468356291,-4.92881428379674,8.27301682003407e-07,6.07604037947086e-06
"ENSG00000236279.7",58.3179108086102,-2.00862548743973,0.341897390452854,-5.87493658486026,4.23005246375045e-09,5.23086701869671e-08
"ENSG00000236303.4",1.82724114193606,-1.43092733214429,0.564991363285949,-2.53265346185492,0.0113202805378577,0.0271553445523746
"ENSG00000236320.4",4.41263191704201,-1.50364911627922,0.230447381387865,-6.52491300714082,6.80410132789648e-11,1.20851307431638e-09
"ENSG00000236332.2",0.318670589135475,-1.08490339642566,0.471911124407517,-2.29895702880018,0.0215073795302323,0.0469011862131022
"ENSG00000236333.4",32.2356989470207,-4.20674376474831,0.352509234322071,-11.9337122411517,7.89715700406984e-33,2.50550869773397e-30
"ENSG00000236345.1",12.0013686860522,-4.59383945737835,0.337466362756712,-13.6127328953676,3.36424304576181e-42,2.58934573088801e-39
"ENSG00000236348.1",1.2252875501476,-1.4808135243777,0.313067714598003,-4.73001033108492,2.24508411938181e-06,1.48915075278881e-05
"ENSG00000236377.1",7.48535986324804,1.12017485344613,0.221510884776816,5.05697430884608,4.25960596173094e-07,3.36449187596255e-06
"ENSG00000236391.3",0.483279731330929,-1.39685039416121,0.342796292582137,-4.0748701908044,4.60400211279174e-05,0.000219012860034165
"ENSG00000236393.2",16.9969140684639,-1.56983345638617,0.269140632283095,-5.83276275703678,5.45170571521618e-09,6.60401611587918e-08
"ENSG00000236394.2",0.342494842576001,-1.15934137947005,0.498835431416163,-2.32409589707521,0.0201203549063546,0.044355921636764
"ENSG00000236451.3",1.06812728681474,-1.59087457251854,0.388374878105316,-4.09623449456774,4.1992458675325e-05,0.000201691848076093
"ENSG00000236452.1",0.47695540106943,-2.05885071317157,0.786031887718249,-2.61929667910566,0.00881112801666478,0.021920753180212
"ENSG00000236453.5",87.9899642169095,-2.07524970473227,0.292539163670896,-7.09392095981688,1.30364605091635e-12,3.17040006835492e-11
"ENSG00000236467.8",2.4526158750528,-1.46396185368508,0.291810569225174,-5.01682258313071,5.25330373578365e-07,4.06588100310317e-06
"ENSG00000236485.1",19.0218008977216,-3.54670233905519,0.539133017172208,-6.5785292795791,4.75124320820246e-11,8.68005143821145e-10
"ENSG00000236491.1",0.900128804577277,-1.25990334027129,0.356480350923227,-3.53428551393743,0.000408879139378054,0.0015090875402567
"ENSG00000236502.1",0.716235623554155,-1.74759380318882,0.512859944414455,-3.40754590453362,0.000655498816470239,0.00228786041401882
"ENSG00000236516.1",1.95772566467273,-3.78163902070202,0.660004268551758,-5.72971903499963,1.0059711687643e-08,1.15402080364841e-07
"ENSG00000236525.1",0.323211333440663,-1.05962567436552,0.397784822416544,-2.66381625102811,0.00772597517610412,0.0195785001078739
"ENSG00000236543.3",0.948131382870278,1.11300904394385,0.471740471661453,2.3593673021606,0.0183061266421316,0.0409648002746068
"ENSG00000236580.1",3.29361928373416,-3.25102041345514,0.57924642579856,-5.61249973873075,1.99424511357369e-08,2.12634210903924e-07
"ENSG00000236581.9",11.4073106228313,-1.31580581512297,0.175371206683113,-7.50297520333863,6.2385357457749e-14,1.86536706953882e-12
"ENSG00000236582.1",1.83648598644402,1.38364261963772,0.339531586611878,4.07515139738495,4.59844203577493e-05,0.000218823503424408
"ENSG00000236611.1",0.269326796500314,-1.04171056411602,0.37836905632212,-2.75316003439025,0.00590230362117776,0.0155280126030757
"ENSG00000236641.2",0.526715938191302,-1.41804874194213,0.317788692350443,-4.46223788346242,8.11081119127428e-06,4.66705710552044e-05
"ENSG00000236651.1",4.75102356968219,-1.78440326306845,0.262709606857743,-6.7923030467428,1.10357421759263e-11,2.28192794186989e-10
"ENSG00000236654.2",1.02418785559033,-1.14105335162216,0.341715773254835,-3.33918841601502,0.000840235526337726,0.00284079304853564
"ENSG00000236668.2",1.6012253350062,-2.16404016319058,0.385844272116655,-5.60858439421466,2.03988221638402e-08,2.16832697384534e-07
"ENSG00000236671.9",6.38323676444077,-1.01935866755194,0.239471368847002,-4.25670372395627,2.07462991682647e-05,0.000107500023193046
"ENSG00000236674.1",0.490251198780778,-1.26818042415114,0.382908094178274,-3.31197079255448,0.000926412173795461,0.00309489130835841
"ENSG00000236678.8",0.859166596268054,-2.71431230236238,0.626285303224046,-4.33398690403463,1.46432889523225e-05,7.88199198834268e-05
"ENSG00000236711.2",1.03007458420142,-1.55836755470326,0.300899543488809,-5.17902930870091,2.23043429078468e-07,1.87882671247655e-06
"ENSG00000236714.3",43.0940683252291,-1.10701739178219,0.233793844174852,-4.73501513989506,2.19038747548824e-06,1.45822335826113e-05
"ENSG00000236718.4",4.08749147768379,-3.54205304345171,0.971233535797587,-3.64696328215535,0.000265357825648732,0.00103267401603065
"ENSG00000236790.6",13.3441214290892,-1.04333927690525,0.169075430249421,-6.17085093538494,6.79234367269476e-10,9.98243945277721e-09
"ENSG00000236794.5",0.939990697592614,-1.41042794068174,0.27956426574644,-5.04509378877833,4.53298959673389e-07,3.55627314734904e-06
"ENSG00000236849.6",182.591432753226,2.30273809774668,0.350631813298138,6.5673963696748,5.12026217421499e-11,9.28888417654839e-10
"ENSG00000236857.3",0.441925572003594,-1.88265469472911,0.347603652856136,-5.4160958300064,6.0914461753473e-08,5.82407835150183e-07
"ENSG00000236878.1",1.87539372209558,-1.26816709989242,0.210322906170579,-6.02961951687705,1.64346139204275e-09,2.21483600441248e-08
"ENSG00000236908.2",1.69483955953427,-1.57352019275695,0.355692048710916,-4.42382729234358,9.69675480664021e-06,5.46572660725454e-05
"ENSG00000236911.6",0.421362911418174,-1.44600419074828,0.439700657055336,-3.2886104843057,0.00100683258649963,0.00332797645618717
"ENSG00000236915.2",1.22739028002376,-1.17360377661462,0.29981485606775,-3.91442836424827,9.06186355494579e-05,0.000399098413765664
"ENSG00000236922.10",0.574186408001934,-2.1001911535211,0.501985180310118,-4.18377122652034,2.86712648822888e-05,0.000143518621105346
"ENSG00000236936.1",0.481751871171118,-1.57418419870655,0.383716206441344,-4.10246993033166,4.0876299241083e-05,0.000196949834908759
"ENSG00000236938.1",3.46878794721904,-1.30400104583346,0.338955661780603,-3.847113923347,0.000119517403724851,0.000510417420223206
"ENSG00000236956.2",1.35240375104407,-3.81866302606424,0.870285637955882,-4.38782723685235,1.14488659241535e-05,6.33689926141521e-05
"ENSG00000236975.2",2.00308241549169,-2.29778630212663,0.305403186815732,-7.5237797158712,5.32149744238246e-14,1.60269620797319e-12
"ENSG00000236985.1",5.58310553271418,-2.07112264298149,0.310828642733345,-6.66322969713662,2.67874493878924e-11,5.13533197167704e-10
"ENSG00000236998.2",0.890925896412183,-1.22344259037981,0.260966523827192,-4.68812080736437,2.7572524246378e-06,1.79197693937133e-05
"ENSG00000237009.2",0.761366455410131,-1.66911253306856,0.348554295098738,-4.78867297445218,1.67887815237184e-06,1.14674433381595e-05
"ENSG00000237013.1",12.2683044571798,-1.13001926800036,0.260191040550753,-4.34303681482815,1.4052657425865e-05,7.6019334626292e-05
"ENSG00000237026.1",0.696558537384868,-1.77214049233965,0.386043119392127,-4.5905247453448,4.42133033270364e-06,2.72801857612572e-05
"ENSG00000237027.1",0.314249944419577,-1.058338203865,0.451653416867852,-2.34325295534,0.0191164174822115,0.0424670769894529
"ENSG00000237061.1",0.460392355994151,-1.98626618943089,0.487901260352533,-4.0710413168347,4.68034463651277e-05,0.00022228829137555
"ENSG00000237070.1",10.8334688919773,-5.00266823969517,0.388495919832021,-12.8770161649529,6.06347519342014e-38,3.36013541318571e-35
"ENSG00000237094.12",16.5129000263228,-1.13029654276327,0.166878669176574,-6.77316369036539,1.25996255732882e-11,2.57456065917898e-10
"ENSG00000237111.1",15.6780578736147,-1.7543079175056,0.341167650437797,-5.14206993322616,2.71727927615327e-07,2.2465796951558e-06
"ENSG00000237125.11",30.8535974563835,-2.33189885858696,0.241807352694293,-9.64362263018146,5.23086780030518e-22,5.35481102256857e-20
"ENSG00000237136.8",3.66046052382861,-3.20599985905477,0.35920910527142,-8.92516312088555,4.45042861710123e-19,3.09830342016686e-17
"ENSG00000237153.4",8.65702533869181,-1.73338052320004,0.312871006168196,-5.54024019173,3.02057062340875e-08,3.09366575283673e-07
"ENSG00000237179.6",0.423358313679449,-1.94474104673471,0.588545339155402,-3.30431815079111,0.000952077199160389,0.0031706917108577
"ENSG00000237181.1",236.881999197582,-1.28044163904196,0.177426659963445,-7.21673754838065,5.32496053448821e-13,1.39367764316372e-11
"ENSG00000237234.7",14.2370869662141,-1.02366395806353,0.199859897382644,-5.12190775372841,3.02459856012397e-07,2.46825771364368e-06
"ENSG00000237238.3",57.9500320495546,-1.53625275576958,0.257255343691482,-5.97170396433809,2.3478828506887e-09,3.06189855790159e-08
"ENSG00000237250.3",1.07302754199447,-1.50921760624644,0.560798542104704,-2.69119388324776,0.00711968044718253,0.0182591730683574
"ENSG00000237254.2",13.392250282519,-1.13117982644473,0.279425111306583,-4.04823969168473,5.16042846925866e-05,0.000243144459856398
"ENSG00000237265.6",10.2445593447709,-1.45382569579425,0.462132528741447,-3.14590643457524,0.00165572965255581,0.00514931426365794
"ENSG00000237283.2",0.971764136218351,-3.44834259013447,1.19938411381668,-2.87509443422687,0.00403906674082873,0.0111843639276565
"ENSG00000237286.1",0.628658017696679,-1.02223928939013,0.352965314522376,-2.89614658248616,0.00377775895466696,0.0105497021886628
"ENSG00000237317.2",0.522076241644003,-1.12282782189702,0.405878111802485,-2.76641629407064,0.00566761329483295,0.0150055640055961
"ENSG00000237339.5",159.673366777154,2.71526636890828,0.394819018014905,6.877243103841,6.10219275445696e-12,1.32438295175321e-10
"ENSG00000237352.4",37.1574195497695,-1.25251968089405,0.178207698379633,-7.02842633782202,2.0887584511315e-12,4.94379150033756e-11
"ENSG00000237412.7",57.011411139733,-3.01848540275716,0.424145840246783,-7.11662149274151,1.10604683398898e-12,2.72816133615726e-11
"ENSG00000237413.5",0.501277731164511,-1.42641468789821,0.390417494607655,-3.65356242381418,0.000258626874723578,0.00100986942571039
"ENSG00000237423.3",6.27342935559784,-2.14798888305563,0.242062407862692,-8.87369873753409,7.07558021709292e-19,4.75081203526359e-17
"ENSG00000237444.1",0.412653606138676,-1.51633565443629,0.62278942352033,-2.43474856375238,0.0149021407903228,0.0343556010387949
"ENSG00000237463.6",15.8001329836447,-1.06497659483176,0.257071773079927,-4.14272085212812,3.43209595621265e-05,0.000168436586544023
"ENSG00000237470.3",2.68122241954868,-1.0762320025991,0.259274525522499,-4.15093615707229,3.31118127226754e-05,0.000163114040580756
"ENSG00000237473.2",0.461692257875549,-1.78253895377656,0.668161161919973,-2.6678278465848,0.00763433649368374,0.0193710801801272
"ENSG00000237484.6",25.8206933681266,-1.56868744092573,0.203593048215142,-7.70501475702675,1.30828171937738e-14,4.33610883738138e-13
"ENSG00000237512.6",7.17320326003027,-1.73939833179076,0.251517823987721,-6.91560663261655,4.65865459474546e-12,1.03708089055603e-10
"ENSG00000237515.9",19.222229388359,-3.23842666631227,0.380396218212982,-8.51329879546564,1.69053710923122e-17,8.93919889743865e-16
"ENSG00000237527.1",3.14064085807437,-2.68131566873375,0.52114660266086,-5.1450314653181,2.6747597488588e-07,2.21406820717127e-06
"ENSG00000237531.6",1.53932077840417,-1.45885882763624,0.324542774960113,-4.4951203360344,6.95306145460141e-06,4.06789330202905e-05
"ENSG00000237547.1",0.661467779168994,-1.29694412830632,0.445152735837051,-2.91348120295742,0.00357423354538706,0.0100686115367613
"ENSG00000237548.1",1.88247201530952,-1.03807466430731,0.214096083933759,-4.84863919616805,1.24311287486118e-06,8.73478568131538e-06
"ENSG00000237560.7",0.398540743266694,-1.40284339111414,0.580270948080117,-2.41756613140048,0.0156246945189326,0.0357457782570526
"ENSG00000237567.2",0.40261880359144,-1.04187114857689,0.382566696005128,-2.72337126952349,0.00646193934378379,0.0168067035673556
"ENSG00000237592.2",1.82847767590479,-1.00738240668279,0.376952162781023,-2.67244097832114,0.00753016198791913,0.0191582145287644
"ENSG00000237596.7",10.1976216210517,-1.31472410632744,0.231081613939593,-5.68943622953545,1.27459477332562e-08,1.42520064484691e-07
"ENSG00000237604.1",1.76794253271679,-1.17202385348708,0.275813901357769,-4.24932843383699,2.14412355403359e-05,0.000110673203120646
"ENSG00000237606.2",59.0593962210652,2.0462890628713,0.373997245417685,5.47140142860138,4.46490658731162e-08,4.40680236480279e-07
"ENSG00000237609.1",0.786390768673426,-1.06075582748581,0.355700316164881,-2.9821616098708,0.00286220865760363,0.00829330146593156
"ENSG00000237633.4",0.499560084663037,-1.42765914512654,0.335387436716204,-4.25674604602017,2.07423739611828e-05,0.000107493085607815
"ENSG00000237637.1",1.0958378356305,-1.22802467685826,0.240540109649621,-5.10528027382643,3.3030458726574e-07,2.67240008875583e-06
"ENSG00000237643.2",3.4278461855042,-1.39881383705747,0.403182315221194,-3.46943252282793,0.00052155906211439,0.00186838801410087
"ENSG00000237653.2",4.0146919582826,-1.27026144492068,0.502725919985518,-2.52674746700403,0.0115124249940622,0.0275209598299329
"ENSG00000237674.1",1.19084955900953,1.00899393254444,0.36058000383872,2.79825259804407,0.00513799138200024,0.0137762207482546
"ENSG00000237685.1",22.1602251300183,1.13681842090579,0.183115917798813,6.20819006108905,5.35983051228096e-10,8.04497203869344e-09
"ENSG00000237687.2",1.36257394597198,-2.76217271129267,0.465589790062502,-5.93263162175843,2.98117224689731e-09,3.80772836280104e-08
"ENSG00000237693.4",3.05605702502023,-1.22900928380108,0.210289040986704,-5.84438103875695,5.0845523886783e-09,6.20264650361748e-08
"ENSG00000237708.1",0.831389681324231,-1.18957415938976,0.284499268482643,-4.18129074895086,2.89858931413582e-05,0.000144901574541873
"ENSG00000237716.2",0.366260988979251,-1.02137616143977,0.32043439615819,-3.18747354742637,0.00143521585298972,0.0045420270526124
"ENSG00000237775.1",0.95502028187784,-1.20390743128719,0.26971659058649,-4.463601696393,8.05933195495475e-06,4.64193396219275e-05
"ENSG00000237790.1",2.84982527343019,1.50377738126603,0.290856530037535,5.17016888385475,2.3388253304492e-07,1.96019879782476e-06
"ENSG00000237853.6",0.453597834479981,-1.16561129668242,0.452325356589552,-2.57693113972409,0.00996818064582112,0.0243418051704828
"ENSG00000237864.1",16.4063020962002,1.72609251209526,0.321384231433862,5.37080647794781,7.83852927874007e-08,7.32265574023364e-07
"ENSG00000237870.6",5.18337058137731,-1.54112841052671,0.264527809845869,-5.82595989217418,5.67852535914477e-09,6.85878729952848e-08
"ENSG00000237880.2",6.41080275706806,-1.08636894121061,0.429426721120694,-2.52981216067659,0.0114123605670439,0.0273304828514826
"ENSG00000237897.2",1.58885197094662,-1.37606777312857,0.346816968894653,-3.96770601367707,7.25677739866336e-05,0.000328977074872651
"ENSG00000237914.5",6.12338495034087,-1.92588034024713,0.320528799902441,-6.00844710626099,1.87308703172518e-09,2.49117578280198e-08
"ENSG00000237922.1",1.06775362874944,1.16873392987785,0.279240127150554,4.18540824273339,2.84654039967408e-05,0.000142608380052139
"ENSG00000237926.1",0.799410376388231,-1.42421072746215,0.411719003677203,-3.45918141922534,0.000541819823309376,0.00193181054271119
"ENSG00000237940.3",33.6493899304716,-1.51843539724519,0.194576530210821,-7.80379522442914,6.00726402279621e-15,2.10695280434984e-13
"ENSG00000237943.7",99.4911684035736,-1.02966465832743,0.192748156731418,-5.34202077876263,9.19161157797597e-08,8.44246984317873e-07
"ENSG00000237990.3",0.523598101953959,-1.36630756222682,0.467640046508895,-2.92170778021859,0.00348117988279905,0.00984786266600151
"ENSG00000238021.6",0.3134662473072,-1.19280430489466,0.417618546777442,-2.8562052957153,0.00428737814988732,0.0117587442698705
"ENSG00000238054.3",0.497753507869204,1.22886968763729,0.538076438805284,2.28381991667541,0.0223821166651304,0.0484603840818999
"ENSG00000238062.6",9.43399614293875,-1.48556010248821,0.221006943265941,-6.72178023249079,1.79517576455504e-11,3.56990885772423e-10
"ENSG00000238063.3",0.887852197065891,-1.20679741500904,0.395587447222136,-3.05064638295104,0.00228349338353203,0.00681310495379456
"ENSG00000238087.3",0.575107543296058,-1.76579961514792,0.41402266252605,-4.26498299483018,1.99917427587088e-05,0.00010403115218949
"ENSG00000238113.7",84.7469256762151,-1.248891349876,0.144453798856335,-8.64561098263727,5.35181531199174e-18,3.10226147834032e-16
"ENSG00000238117.1",0.568127777591026,-1.94915553906191,0.488104134105611,-3.99331905400369,6.51548034618396e-05,0.000298859280596069
"ENSG00000238120.1",0.887221620322041,-1.62658760238466,0.297725886051104,-5.46337311800109,4.6717122043575e-08,4.59129114773011e-07
"ENSG00000238129.5",10.5860927624099,-4.17779137558951,0.558870324023389,-7.4754217499204,7.69566402637903e-14,2.27649244316274e-12
"ENSG00000238133.6",6.9881978375043,-1.25090377787199,0.169143809955469,-7.3955043238137,1.40872575250803e-13,3.99655015192757e-12
"ENSG00000238160.1",1.61398711353235,-1.18703823436354,0.268409897263252,-4.42248309941905,9.7572983866432e-06,5.49576955611417e-05
"ENSG00000238171.1",1.23563446391186,-1.03740737877574,0.310570609620927,-3.34032695509072,0.00083679811144679,0.00283101368400093
"ENSG00000238178.7",13.19967279522,-1.02899649530536,0.197842152804181,-5.20109835401882,1.9811422031388e-07,1.68972362501241e-06
"ENSG00000238213.1",1.22617588647022,-1.39965184977701,0.289807597980327,-4.8295899056174,1.36814530670877e-06,9.52317120037347e-06
"ENSG00000238241.2",4.96239089221491,-1.01219914244321,0.351419969536653,-2.88031196342598,0.00397281854105733,0.0110218466192794
"ENSG00000238245.2",0.534608025189956,-1.47602050051667,0.475040640590298,-3.10714573532598,0.00188903247856739,0.00577421253763461
"ENSG00000238250.1",0.321031245380172,-1.29997565903647,0.47077179311296,-2.76137117400436,0.00575592195094295,0.0152025691487729
"ENSG00000238258.1",0.722025077596973,-1.59488607097294,0.283199275404083,-5.63167426434009,1.78468519434626e-08,1.92312901341507e-07
"ENSG00000238266.2",15.9026154317886,-1.88078518133659,0.243621937186951,-7.72009780011442,1.1624048047638e-14,3.88984448434728e-13
"ENSG00000238269.9",11.420825905208,-1.88970558248343,0.460337561247483,-4.1050432151625,4.04239304309203e-05,0.000194997608701243
"ENSG00000238275.2",2.19293353572349,-1.79717442537762,0.633551875540507,-2.8366649910781,0.0045587417546665,0.012406179839549
"ENSG00000238284.2",2.81648001518927,-1.29620869363901,0.526633735379835,-2.46130964759429,0.0138430833721736,0.0322340876863847
"ENSG00000238290.1",6.22678058694332,-2.6168713354273,0.214266605069428,-12.2131553565212,2.64431197146555e-34,9.90116163586046e-32
"ENSG00000238291.1",0.39185992160122,-1.91391522390981,0.829981606210078,-2.30597305963113,0.0211121377189723,0.0461749548953284
"ENSG00000238297.2",0.416406485711324,-1.28578498261181,0.391743103110058,-3.28221472797845,0.00102995141377976,0.00339682912708416
"ENSG00000238324.1",0.492145200268352,-1.27269922440864,0.28382890720313,-4.48403665768193,7.32440711397805e-06,4.26473814053174e-05
"ENSG00000238358.2",0.616563826096667,-1.36533536141416,0.372255315928147,-3.66773905702317,0.000244704727423109,0.000961650707371337
"ENSG00000238419.1",3.43550672546308,-1.40971010674583,0.240498191300325,-5.86162456825066,4.58360427008020e-09,5.63453891372591e-08
"ENSG00000238517.1",0.321502438747307,-1.03806477875109,0.407116782336229,-2.54979608748669,0.0107785941768712,0.026052918358774
"ENSG00000238755.3",14.3611888392404,-1.79160447000627,0.228908954231403,-7.82671204812349,5.00794314577118e-15,1.78968300107087e-13
"ENSG00000239218.2",9.57348407671987,-1.49853762311876,0.197895109914962,-7.57238328811007,3.66438390873829e-14,1.13402177226345e-12
"ENSG00000239265.5",0.647428134016231,-1.92164233367152,0.379401730856766,-5.0649276937458,4.08555393430787e-07,3.24300597054438e-06
"ENSG00000239268.3",15.6161203607757,-1.71084678412473,0.416694143416296,-4.10576153074347,4.02985053086066e-05,0.000194550642076468
"ENSG00000239279.3",0.359811185478961,-1.4146871521077,0.576971520060811,-2.45191851403445,0.0142096836389275,0.0329967671796529
"ENSG00000239281.2",0.523985078882392,-1.03600148236749,0.42966538188199,-2.41118211066871,0.0159009066155153,0.0362738613949199
"ENSG00000239367.2",0.596252934401311,-1.22912214583513,0.289292940588188,-4.24871116224297,2.15003921712122e-05,0.00011092351579152
"ENSG00000239381.7",0.613644718835105,-2.08282247967213,0.348816519401704,-5.97111192796896,2.35642003586762e-09,3.07110472031138e-08
"ENSG00000239462.1",4.85984965881209,-1.01089951152133,0.20591285510276,-4.90935600410595,9.13759658760649e-07,6.64875331537292e-06
"ENSG00000239498.1",0.782217748291915,-1.77397605878304,0.461766994045047,-3.84171255559677,0.00012217886761887,0.000520286690161421
"ENSG00000239508.1",34.3515116121483,2.03363174573872,0.407882553384522,4.98582675052924,6.16974125358662e-07,4.68787542927911e-06
"ENSG00000239571.1",10.2124205072318,-1.25326194289948,0.37864841276528,-3.30983017661918,0.000933525915940899,0.0031149007802132
"ENSG00000239572.3",30.5446485194829,-3.32701966001328,0.424337945096676,-7.84049529026987,4.48772765948293e-15,1.61348561404351e-13
"ENSG00000239589.7",5.6009237815935,-3.58876235499073,0.741580208589717,-4.83934483879441,1.3026784739131e-06,9.09948281223127e-06
"ENSG00000239590.1",0.960814836805888,-1.02758200684604,0.326532018851069,-3.14695633972337,0.00164979594686781,0.00513278083267608
"ENSG00000239620.3",4.49153848391733,-3.04874224417473,0.43386755450722,-7.02689614031508,2.11178436001572e-12,4.98976586531969e-11
"ENSG00000239626.1",0.531472652123115,-1.23102087893883,0.315380034904753,-3.90329362259918,9.4892466725837e-05,0.000415849926408608
"ENSG00000239713.9",1412.18867966902,-1.06895005887569,0.156948025924821,-6.81085380065706,9.70211919279087e-12,2.02632903462701e-10
"ENSG00000239819.2",56.6903562967758,-1.00440465520342,0.307773494433267,-3.26345404451713,0.00110063032578955,0.00359738892737222
"ENSG00000239823.2",0.494356854692735,-1.05114936368787,0.380336739020194,-2.76373343894096,0.00571442007112667,0.0151044725894281
"ENSG00000239855.1",400.071792494479,-1.43395221458374,0.317329589222832,-4.51881029467064,6.21880830890445e-06,3.68447770398698e-05
"ENSG00000239862.1",1.01792274482414,-1.25309528729821,0.426333542795589,-2.93923691549418,0.0032902146573025,0.00936821960586467
"ENSG00000239886.5",0.790666305096744,1.62691600588363,0.439066657570361,3.70539638533795,0.000211060398781575,0.000843957311348836
"ENSG00000239893.2",2.74346366958953,-1.71208331624172,0.54608415595794,-3.13520049531264,0.00171736693234677,0.00531540083359004
"ENSG00000239922.2",1.38370252665419,-2.90791903364633,0.553498355589179,-5.25370853279402,1.49066720083503e-07,1.30349484959195e-06
"ENSG00000239939.1",3.81900960123307,1.14484162319556,0.368696131779082,3.10510885392617,0.00190209009957657,0.00580686563233448
"ENSG00000239941.1",0.760445927882617,-1.38978938458996,0.350612674447373,-3.96388803337048,7.37388481579912e-05,0.000333739955041101
"ENSG00000239944.1",1.55841026901769,-2.62642665337291,0.376180013120743,-6.98183465831797,2.91349904674378e-12,6.72353400226347e-11
"ENSG00000240041.1",38.9166868328607,-1.01044081772285,0.333767773123062,-3.02737681432862,0.00246686236429569,0.00728801063298675
"ENSG00000240093.1",1.14110608839533,-1.94484681257551,0.30045868578316,-6.47292591161468,9.61230922233794e-11,1.6680868304752e-09
"ENSG00000240108.1",0.76271816451362,-2.12207442906216,0.914797543024215,-2.31972029794355,0.020356013065697,0.0447908479230579
"ENSG00000240143.1",5.78665413717102,-1.35350928984643,0.213662558878913,-6.3347986514263,2.37651417986642e-10,3.81067447313303e-09
"ENSG00000240219.1",21.3343349085043,-1.32790079399319,0.207698162818824,-6.39341617649033,1.62219943568495e-10,2.69471834316298e-09
"ENSG00000240253.6",1.66865728400444,-1.72236137361819,0.507068326171373,-3.39670471358941,0.000682025210979323,0.00237029281869075
"ENSG00000240291.1",39.8813500772602,-1.11119050359097,0.154323618353632,-7.20039171868484,6.00398211499695e-13,1.55185015337999e-11
"ENSG00000240298.3",6.5004225610514,1.5529246567559,0.446350407917442,3.47916038433001,0.000502987458221701,0.00180887468535177
"ENSG00000240382.3",805.666527491564,-1.18357527273336,0.34318819381379,-3.44876453814012,0.000563157542185923,0.00199999604958825
"ENSG00000240440.1",0.445540748503763,-1.1866533380192,0.321897677685829,-3.68643025495006,0.000227421731725775,0.000900714886028841
"ENSG00000240476.1",57.4190505906579,-1.43349424892412,0.251232631919123,-5.70584417308334,1.15767874760842e-08,1.31319443526476e-07
"ENSG00000240487.1",0.846499163913047,-1.60454154689451,0.411742775263355,-3.89695130866164,9.74111941840379e-05,0.000425407591959334
"ENSG00000240505.9",69.5887782907013,-1.37448024327852,0.308022349381564,-4.46227439677071,8.1094288539187e-06,4.66690780983895e-05
"ENSG00000240535.8",4.45722564559642,-1.53099794750585,0.306958416686625,-4.98763957682533,6.11214595972204e-07,4.65347152185322e-06
"ENSG00000240563.2",12.5140024535,-2.00217852502962,0.217908093393128,-9.18817880443516,3.99548337458401e-20,3.18733742830059e-18
"ENSG00000240567.1",0.904199902444094,-1.48349104288988,0.293208126660885,-5.0595154363018,4.20323251863367e-07,3.32514847626826e-06
"ENSG00000240583.13",6672.73565234842,-1.53087351173312,0.175422572919131,-8.72677607139449,2.62035196714668e-18,1.59453980173573e-16
"ENSG00000240671.4",93.031244265028,-1.79299679682643,0.352494363304901,-5.08659707354107,3.64545170283797e-07,2.92720756710494e-06
"ENSG00000240707.3",0.375701459460369,-1.2693338963314,0.43020859756149,-2.95050797107784,0.00317251858188342,0.00906602154154556
"ENSG00000240710.1",3.1578227146227,-1.23838554079293,0.247986078538628,-4.99377040876925,5.92117831113262e-07,4.5204998708173e-06
"ENSG00000240764.4",41.9620196275719,-1.00095915284282,0.182493241157958,-5.48491081911592,4.13678056108508e-08,4.11125953323333e-07
"ENSG00000240890.2",1.01585684594875,-1.00072349464947,0.321735714157608,-3.11038983430743,0.00186840576927142,0.00571873338113695
"ENSG00000240922.1",1.40952671331243,-1.60695259903582,0.355021279073263,-4.52635572501615,6.00095347513179e-06,3.57272064651808e-05
"ENSG00000240954.1",8.62257319576379,-1.01065374392967,0.192757157042615,-5.24314510255114,1.57862294201951e-07,1.37310449100683e-06
"ENSG00000241054.1",1.20041576841737,1.51062858494836,0.476168080609149,3.17246923190621,0.00151148574357369,0.0047544365756762
"ENSG00000241104.5",7.31839630271897,1.22495204618187,0.387164373650837,3.16390693345816,0.00155666564519267,0.00487956388456881
"ENSG00000241106.8",145.968612446568,-1.26892039960979,0.210236832538513,-6.03567122034782,1.5830327488337e-09,2.14057686891675e-08
"ENSG00000241111.1",1.95345249093093,-1.39453271736211,0.241239611984739,-5.78069540855641,7.43924729377436e-09,8.76388877618623e-08
"ENSG00000241149.3",0.610229079894073,-1.81675366302531,0.546269649773543,-3.32574519521348,0.000881825015118667,0.00296308604401019
"ENSG00000241158.7",13.3539142752211,-2.08211989261764,0.172568714238269,-12.0654540529451,1.607731991115e-33,5.71115871920697e-31
"ENSG00000241163.8",23.6750267707969,-1.02275161331099,0.17827116169742,-5.7370558623885,9.63364892636655e-09,1.10881671746787e-07
"ENSG00000241207.1",0.697492270760563,-1.68085907955316,0.577165534215777,-2.91226516468456,0.0035881789153718,0.0100996811648844
"ENSG00000241213.2",0.34124015969931,-1.27806736047542,0.534753894522186,-2.39001038340711,0.0168478964688396,0.038161671283252
"ENSG00000241220.1",5.87512496732004,-1.55245297094748,0.239892842747965,-6.47144347102724,9.70710746296446e-11,1.68243036019904e-09
"ENSG00000241231.2",2.61634997493516,-3.18336135646899,0.410709654481036,-7.75088026720828,9.12577035481923e-15,3.11655930556283e-13
"ENSG00000241244.1",69.3955888788095,-1.15561138826107,0.362058042755259,-3.19178488472974,0.00141396595917506,0.00448468049414177
"ENSG00000241356.2",0.694761945244946,-1.13327496143359,0.492564648958577,-2.30076389734759,0.0214049801461592,0.0467220537356376
"ENSG00000241416.1",0.904387368137786,-1.78217611347313,0.376831561729442,-4.72937061135207,2.25216932204285e-06,1.49242125897234e-05
"ENSG00000241449.6",1.12091941545607,-1.49713000864429,0.356703705309205,-4.19712491449036,2.70324849095803e-05,0.000136234283716742
"ENSG00000241456.1",0.505159866850432,-1.20840585325077,0.318220880043026,-3.79738077868237,0.000146233069452865,0.000609663841167617
"ENSG00000241484.10",20.6438075141388,1.22313526035429,0.294877396448105,4.14794512935667,3.35472773068832e-05,0.000165063565695357
"ENSG00000241490.1",2.05385103498995,-1.67035715452942,0.310870749722108,-5.37315638741367,7.73701694083567e-08,7.2376141407518e-07
"ENSG00000241560.7",4.90668191516057,-1.15405319368056,0.200063118242683,-5.76844549768869,8.00060785914776e-09,9.36152206762104e-08
"ENSG00000241570.8",0.7818516166077,-1.21842019071203,0.312245148699241,-3.90212688904138,9.5351147439696e-05,0.000417551826982262
"ENSG00000241595.2",0.354210688842774,1.23254479406112,0.536590460229009,2.29699349022174,0.0216191410943279,0.0470934593617359
"ENSG00000241597.2",0.948829068660407,-1.3604870024534,0.277094387851695,-4.90983239682772,9.11542671691605e-07,6.63610729039174e-06
"ENSG00000241635.8",0.558405656446688,-1.10202314008535,0.453899084901481,-2.42790341893849,0.0151863867991474,0.0349082798598619
"ENSG00000241640.2",0.437568662204931,-1.07081570670218,0.451979853495808,-2.36916689631193,0.017828206426928,0.0400679130220074
"ENSG00000241641.1",4.02586870118737,-1.23282487102229,0.258298260689451,-4.77287329667505,1.81616056067413e-06,1.23237984037123e-05
"ENSG00000241666.2",9.10775915049973,-1.28447371971458,0.224277435069004,-5.72716430130113,1.02123252750321e-08,1.17007807250398e-07
"ENSG00000241678.1",3.50905173030709,-1.06853691677663,0.216461969003795,-4.9363725262884,7.95890166021496e-07,5.86815452903768e-06
"ENSG00000241679.2",4.44597600027473,-1.65663970309598,0.217330530707332,-7.62267361932178,2.48474578231547e-14,7.85330830453198e-13
"ENSG00000241684.6",27.9866548526363,-2.1257158670082,0.192616738000348,-11.0359872619396,2.56221920041615e-28,5.32454772038481e-26
"ENSG00000241721.1",0.493881683960143,-1.00761642124548,0.365739829357081,-2.75500872578393,0.00586905702099406,0.0154503260645145
"ENSG00000241749.4",54.5978824165995,-1.32836635060268,0.22369520400872,-5.93828712818939,2.88015302992877e-09,3.69231709530843e-08
"ENSG00000241754.2",1.4350832554235,-1.74617665882963,0.602111798513102,-2.90008709867796,0.00373058981630506,0.010433401113335
"ENSG00000241755.1",739.476114807963,-1.55658827106499,0.317591274275258,-4.90123122751757,9.52378803778478e-07,6.88635487867799e-06
"ENSG00000241859.7",5.88710798976052,-1.21465854158529,0.302373139856146,-4.01708479186729,5.89225273469926e-05,0.000272953419705273
"ENSG00000241912.1",4.57723718352266,-1.79286565299571,0.277347679092395,-6.46432542310346,1.0175169002556e-10,1.75696042411397e-09
"ENSG00000241956.10",2.84001602954605,-1.88884091964092,0.352899846822942,-5.35234270189012,8.68227671345054e-08,8.02430030608031e-07
"ENSG00000241985.1",2.69809634150727,-1.03902338981642,0.199715356779247,-5.20252126112111,1.96602858964449e-07,1.67890035427993e-06
"ENSG00000242021.2",8.71544094296013,-1.54465646481781,0.328008218312828,-4.70920049736266,2.48690349328715e-06,1.62875327746613e-05
"ENSG00000242076.2",24.0712219849257,-1.19492791882078,0.373854583056152,-3.19623718145328,0.00139232606924719,0.00442414801911709
"ENSG00000242104.5",0.595627482283403,-1.34869623858002,0.398434159518173,-3.38499148820724,0.000711804617373453,0.00246225747043491
"ENSG00000242147.3",12.1398896411712,-2.54398348741238,0.256618283256341,-9.91349273765948,3.63704432222211e-23,4.35627769798833e-21
"ENSG00000242173.10",13.0164028896239,-1.1610811710624,0.283134795068451,-4.10080707594308,4.11711700899579e-05,0.000198119274201555
"ENSG00000242207.1",4.32730756913662,-2.79975913240387,0.428956101710383,-6.52691294339992,6.71390426807748e-11,1.1935127852431e-09
"ENSG00000242221.9",1.11525185254003,1.10604339511016,0.398610770194134,2.77474538525763,0.00552449400481122,0.0146733780564905
"ENSG00000242258.1",35.3690156248519,-1.36012624161258,0.208306392513557,-6.5294503217133,6.60115014921604e-11,1.17749786481424e-09
"ENSG00000242267.6",4.35870114332159,-1.15367138895629,0.248897499041383,-4.63512648138128,3.56719299206559e-06,2.25250190118855e-05
"ENSG00000242353.1",4.33735433093781,1.00397414844413,0.258477804453156,3.8841793420838,0.000102676100697047,0.000445451367136811
"ENSG00000242371.1",90.9124133339608,-1.19278447657824,0.34670029803095,-3.44039068715124,0.000580875028496637,0.00205536590621294
"ENSG00000242407.1",1.17879703445307,-2.92603132253069,0.491712515341139,-5.95069523601749,2.67005858755779e-09,3.44102248111866e-08
"ENSG00000242428.6",0.662594128372612,-1.54079696193894,0.335936039023181,-4.58657834514926,4.50569371074946e-06,2.77266274809253e-05
"ENSG00000242472.1",11.6458480191295,-1.84266397106904,0.339855441046529,-5.42190516472197,5.89671653430015e-08,5.66133824436551e-07
"ENSG00000242520.5",3.35815839015663,-2.5896844508932,0.472918185967393,-5.47596714978466,4.35128412937509e-08,4.30488148024488e-07
"ENSG00000242540.3",5.32044426939232,-5.22186999336147,0.482648734510728,-10.8191933801608,2.79223945150469e-27,5.22752504880352e-25
"ENSG00000242550.6",2.61942103450893,-2.70861836731199,0.368107729319753,-7.35822193225173,1.86376005623516e-13,5.2092532251006e-12
"ENSG00000242578.1",1.4800925853235,-1.04595808022414,0.21529948836974,-4.85815404460174,1.18485213324983e-06,8.38495221558477e-06
"ENSG00000242580.1",12.228797701404,-1.5888701075993,0.354418383345127,-4.48303525512129,7.3588765922696e-06,4.28300838717139e-05
"ENSG00000242593.7",5.16072256346244,-1.57226897865847,0.319760019375401,-4.9170280316146,8.78679735673351e-07,6.42047946098028e-06
"ENSG00000242600.8",6.7080406569304,-1.05739415183686,0.270928429319716,-3.90285417625572,9.50649821646653e-05,0.000416518109711978
"ENSG00000242610.2",0.558193319498209,-2.1041002157293,0.522936260629099,-4.02362653757847,5.73087700474755e-05,0.000266457892461481
"ENSG00000242611.2",22.7046581224966,-1.03407662777209,0.231037405473592,-4.4757974391739,7.61266348502643e-06,4.41525983484048e-05
"ENSG00000242686.4",1.64534508392105,-2.68975721956095,0.363101253730196,-7.40773322022066,1.28476420096065e-13,3.66237103705944e-12
"ENSG00000242689.3",58.2765107628322,1.17518591558111,0.15021688286067,7.82326122870708,5.14721373082801e-15,1.83472124425964e-13
"ENSG00000242732.4",572.479365354943,-1.32429113807232,0.156380559075794,-8.46838728483164,2.48813843406625e-17,1.28462123722561e-15
"ENSG00000242736.1",0.807566969655671,-1.25013978552674,0.446360058009583,-2.80074294976435,0.00509851132123459,0.0136836063239799
"ENSG00000242741.2",2.15235596482405,-1.65358945725871,0.356141308039514,-4.64307121900961,3.43267958438297e-06,2.17715594210476e-05
"ENSG00000242781.2",7.12805266988809,-1.53636235710426,0.51429758587178,-2.98730229211554,0.00281451272957254,0.00817390664988427
"ENSG00000242808.10",105.335442068187,-2.80248006879829,0.223821535524335,-12.5210474596784,5.72742691666238e-36,2.55960556462712e-33
"ENSG00000242828.1",7.93816729882701,-1.55255257261278,0.479576953538825,-3.23733774351834,0.00120650527555306,0.00389594998543518
"ENSG00000242850.3",0.533329767139221,-1.57210318322779,0.564925057705959,-2.78285263112911,0.00538832747991461,0.0143575885831652
"ENSG00000242887.1",38.121657064595,-1.10995676664418,0.317701349027443,-3.49371121665682,0.000476355997913272,0.00172474152672458
"ENSG00000242902.1",0.426807591326762,-2.07549876504627,0.535624879003443,-3.87491105511724,0.00010666365191216,0.000461066531541675
"ENSG00000242948.1",5.8182937266032,-1.44460185161502,0.314677271940197,-4.59074099221745,4.41675156646575e-06,2.72573116245621e-05
"ENSG00000243004.6",0.864738020484287,-1.43122840539387,0.29567663500648,-4.84051912104081,1.29500394574226e-06,9.05043786664531e-06
"ENSG00000243066.3",0.375145162598672,-1.262016323073,0.534816126826199,-2.35972002295869,0.0182887319984057,0.0409280787916078
"ENSG00000243137.8",75.233982894268,2.63268705933753,0.403163277805534,6.53007653293118,6.57360923782283e-11,1.17308865239327e-09
"ENSG00000243234.1",0.57996060258883,-1.02828847854003,0.303541908202958,-3.38763264890754,0.000704986177176524,0.00244273743191419
"ENSG00000243238.1",414.29250913066,-2.06754539733613,0.33663682337561,-6.14176837995295,8.16077975749869e-10,1.1732214745111e-08
"ENSG00000243290.3",400.813300926038,-1.62207186642607,0.330217233109913,-4.91213572093058,9.00896552357558e-07,6.56435177227995e-06
"ENSG00000243295.2",3.63344467967022,-1.44845616959773,0.275325884854324,-5.2608790138425,1.43368350426038e-07,1.2605617474946e-06
"ENSG00000243305.1",0.743624787525527,-1.75725526448343,0.598432054550172,-2.93643238379723,0.00332011191573322,0.00944428796397948
"ENSG00000243323.7",13.6354063029265,-1.01873310738144,0.171901064934878,-5.92627572009148,3.09882121447733e-09,3.94345399008287e-08
"ENSG00000243349.2",1.3995108446831,-2.38206477189492,0.380550898414579,-6.25951687886926,3.8617193829789e-10,5.94447337019885e-09
"ENSG00000243384.1",1.59516053037647,-2.8685342061591,0.391538617866802,-7.3263123361562,2.36572078671962e-13,6.52449152870874e-12
"ENSG00000243469.1",0.711054388124773,-1.07398289770241,0.352397087573716,-3.04764975527145,0.00230638572925384,0.00687308532375441
"ENSG00000243544.3",0.770931652963143,-1.20752393970701,0.318044011052954,-3.79671962917722,0.000146623460546039,0.000610984987689441
"ENSG00000243620.2",5.30518767741777,-1.70205508240597,0.437496226133853,-3.89044517582929,0.000100060482770961,0.000435501035360441
"ENSG00000243694.3",2.19189037852481,-2.88927521540168,0.646904155840324,-4.46631110546589,7.95798622676119e-06,4.59247186276935e-05
"ENSG00000243710.8",11.8377533070063,-1.18840534351232,0.184185561143945,-6.45221773157103,1.10225058807284e-10,1.88448123988003e-09
"ENSG00000243715.1",0.350914452172742,-1.65250748215784,0.643632367666119,-2.56747106760652,0.0102443337993552,0.0249239010342914
"ENSG00000243766.8",6.12372308179782,-1.11256578495512,0.27936825275629,-3.98243456075762,6.82129099044707e-05,0.000311374515260803
"ENSG00000243836.5",17.637972331409,-1.49695150135143,0.19513092658287,-7.67152356402963,1.69965245500915e-14,5.54046708510512e-13
"ENSG00000243854.3",20.5931051329141,1.25539771486617,0.2542125900203,4.93837742169231,7.87752697041285e-07,5.81321618392855e-06
"ENSG00000243877.1",0.809754196310874,-1.63964742373828,0.631109268264563,-2.59804047601299,0.00937574415485902,0.0230977976726149
"ENSG00000243910.8",1.71018997715767,-1.24691022452982,0.293560060951943,-4.24754723270733,2.1612361069561e-05,0.000111390494887537
"ENSG00000243959.3",0.954987468941927,-1.17899779367222,0.272712064711059,-4.32323298538836,1.53759204597722e-05,8.2362934160208e-05
"ENSG00000244018.1",0.862610894257948,-1.17914183023359,0.30515023700629,-3.86413539049384,0.000111483376848481,0.00047950658269446
"ENSG00000244040.7",5.02162436894491,-1.99363913866167,0.206413830110465,-9.65845717602716,4.52629021034337e-22,4.65647707233394e-20
"ENSG00000244048.1",2.37086948804549,-1.879899533833,0.455558866258264,-4.12657874332151,3.68199966709461e-05,0.00017957201380402
"ENSG00000244056.3",10.5809096164706,-1.28525527191844,0.240487832605137,-5.34436714737551,9.07334943520086e-08,8.34860635877393e-07
"ENSG00000244062.1",0.816558584331416,-1.6378879603826,0.459989709638563,-3.56070565506688,0.000369859503435965,0.00138294126327609
"ENSG00000244116.3",23.1244994224589,-1.45952693109239,0.357005521274891,-4.08824750351287,4.3464428738752e-05,0.000208046595328805
"ENSG00000244125.1",0.597096742276123,-2.47313780192046,0.606340019380302,-4.07879691736013,4.52693594495064e-05,0.000215741900864624
"ENSG00000244128.7",16.3389102532723,-1.16810654689301,0.359603612306367,-3.24831705499618,0.00116089834558673,0.003770356883588
"ENSG00000244137.1",1.23446413598278,-1.21120041966508,0.243970054775657,-4.9645454266051,6.88621674499295e-07,5.16988692838506e-06
"ENSG00000244260.2",0.356353556428643,-1.00032472491549,0.414519805570765,-2.41321334100818,0.0158125609171975,0.0361139497109881
"ENSG00000244273.1",1.31465281251967,-1.04650560494296,0.338030232622421,-3.09589351468424,0.00196220814244207,0.00596149815907727
"ENSG00000244302.2",0.462460519939227,-1.66819529106782,0.546605716708398,-3.05191702185905,0.00227384949576349,0.00678627981781719
"ENSG00000244332.1",0.865925309805514,-1.13011801091732,0.29858780753776,-3.78487661715527,0.000153784855913979,0.000637375965446431
"ENSG00000244383.2",1.23289185030198,-1.15067015594656,0.232916664299626,-4.9402654782413,7.80162765995339e-07,5.77062197549355e-06
"ENSG00000244414.7",11.4268843821483,-2.14375695408801,0.31060468684339,-6.90188218302356,5.13179904341726e-12,1.13390660203354e-10
"ENSG00000244429.1",0.532431894741614,-1.72622905776832,0.709290089319468,-2.43374196786615,0.0149436436924586,0.0344302743581111
"ENSG00000244437.1",2310.44295731248,-1.16578085597273,0.308881749922179,-3.77419791317047,0.000160523289920776,0.000661281492287372
"ENSG00000244485.1",2.98108559940464,-1.04814669004825,0.260476249836069,-4.02396260967326,5.72270067614134e-05,0.000266196850029979
"ENSG00000244535.1",0.746228503785693,-1.01917195605899,0.277335574228176,-3.67486918652736,0.000237971310167924,0.000937938700161143
"ENSG00000244541.6",1.14578154126916,-1.04074005648572,0.353419423125125,-2.94477323086245,0.00323191443179919,0.0092199071737551
"ENSG00000244586.1",11.2521257852306,-1.26520644712476,0.211785922653917,-5.97398746465434,2.31523599506622e-09,3.02216829230346e-08
"ENSG00000244620.1",5.27333233795447,-1.62247759613001,0.382294371391702,-4.24405305844172,2.19518412325542e-05,0.000113038365620094
"ENSG00000244675.2",8.05582940876045,-1.09759164838019,0.254684638893058,-4.30961071366802,1.63542169795414e-05,8.71204775831455e-05
"ENSG00000244682.7",701.618564996889,-1.96010110532775,0.226317207447553,-8.66085759644232,4.68228169188178e-18,2.74478126485177e-16
"ENSG00000244701.1",4.63966905306504,-1.15352879001281,0.152996951590274,-7.53955407622737,4.71581224063585e-14,1.43169166066696e-12
"ENSG00000244720.1",3.50721287050754,-1.83294305169488,0.302478065380896,-6.05975527311953,1.36328808541752e-09,1.87061668557685e-08
"ENSG00000244731.8",261.335981492968,-1.22161106402899,0.180271413187839,-6.77651016556961,1.23113402696233e-11,2.51812954865198e-10
"ENSG00000244738.1",0.939053789536642,-1.01028164770194,0.398579129012376,-2.53470785137516,0.0112541140057441,0.0270122133464274
"ENSG00000244748.3",0.688625184795374,-1.13206319276579,0.245247649826687,-4.61600016785403,3.9120662853335e-06,2.44501201430122e-05
"ENSG00000244752.3",3.8036647390745,-1.12942805431598,0.25243469607924,-4.47413953730611,7.67196309724815e-06,4.44593042732609e-05
"ENSG00000244757.1",0.681679525420739,-1.07714696834495,0.425878707126276,-2.52923414653264,0.0114311738539226,0.0273644999260875
"ENSG00000244968.7",27.5034622624855,-2.47428221269797,0.205730288957435,-12.0268251468304,2.56848872427568e-33,8.75012527527425e-31
"ENSG00000245164.8",164.215786892729,-1.87324906849834,0.244335811602699,-7.66669877907345,1.76479573230885e-14,5.73931457169173e-13
"ENSG00000245311.2",0.33508506505831,-1.04161280263082,0.422861207133294,-2.46324984429816,0.0137683935892154,0.0320961340711744
"ENSG00000245466.1",0.895188241419305,-1.80693641666247,0.402232594571322,-4.49226751150837,7.04688283245338e-06,4.11640961746208e-05
"ENSG00000245648.2",166.144723739514,-1.30163300251988,0.192335388877364,-6.76751694068023,1.31011315079226e-11,2.66524340544435e-10
"ENSG00000245662.4",17.6895059332797,-1.43451260830644,0.298980503335649,-4.79801389154794,1.602466675722e-06,1.09958263127551e-05
"ENSG00000245719.1",1.75064617582092,-1.67618640525121,0.288835492915906,-5.80325633920352,6.50392417741222e-09,7.7654724694515e-08
"ENSG00000245812.3",13.2801474236714,-1.09736333331644,0.145207580729222,-7.55720416114338,4.11825303090322e-14,1.2631943355749e-12
"ENSG00000245857.3",2.4506393121099,-1.49796217731797,0.283247692501472,-5.28852385023468,1.2330741319348e-07,1.10118236079661e-06
"ENSG00000245869.2",1.31479340872491,-1.61548530670414,0.305560276927786,-5.28696112906697,1.24365053467683e-07,1.10970581148503e-06
"ENSG00000245954.8",26.6222224755072,-1.30436600927149,0.241055192707612,-5.41106787462415,6.26500184127841e-08,5.97489689140003e-07
"ENSG00000246082.2",48.9740997680712,-1.27791976308932,0.178236938722556,-7.16978069892985,7.51179990182361e-13,1.9153707209791e-11
"ENSG00000246084.5",10.6907499954944,-1.39044540215357,0.250085861451806,-5.55987209385496,2.69972430571984e-08,2.79675826506301e-07
"ENSG00000246095.2",11.6518292035362,-1.13876530799697,0.267053745213523,-4.26418025737279,2.00637425970138e-05,0.000104353556478174
"ENSG00000246211.2",0.6062500109146,-1.58038162379231,0.39375111969181,-4.0136562024999,5.97854071568854e-05,0.000276642294840177
"ENSG00000246223.9",37.0914560812071,-1.36456839233476,0.214881858640223,-6.35031919851114,2.14868612968566e-10,3.46945193947146e-09
"ENSG00000246228.6",3.78319462838425,-1.61754063851545,0.259223460301015,-6.23994694244544,4.37719339016735e-10,6.67369448577166e-09
"ENSG00000246363.3",53.3076709124347,-3.04190011720135,0.272423128691798,-11.1660861242173,5.9756320568117e-29,1.32812416869095e-26
"ENSG00000246465.1",18.6476430392686,-1.951463105204,0.257393841206512,-7.58162315017592,3.41258301350759e-14,1.05925149520091e-12
"ENSG00000246528.3",12.3321776473047,-1.0807714544101,0.276979380183887,-3.90199246489965,9.54041282147882e-05,0.000417739820571326
"ENSG00000246662.6",5.93705506027158,-1.06437865229308,0.184883672940508,-5.75701810421937,8.56127322535356e-09,9.94198485029742e-08
"ENSG00000246731.3",265.905347051268,1.80951188962925,0.153928064018334,11.7555684284688,6.61143200876593e-32,1.86928120509068e-29
"ENSG00000246790.2",1.55012147510462,-1.84590926987512,0.324428254892392,-5.68973029333521,1.27240181354197e-08,1.42313143634099e-07
"ENSG00000246859.3",108.575882336356,-1.53434774321631,0.193499603729561,-7.92946194019469,2.20097399523283e-15,8.27096574953588e-14
"ENSG00000246876.7",3.55960613499555,-1.17368402910812,0.407796250987772,-2.87811382832775,0.00400060756894068,0.0110885796452359
"ENSG00000246922.9",483.969171000801,1.07090865719551,0.183091946469801,5.84902109483085,4.94474383377104e-09,6.04273576063487e-08
"ENSG00000247151.7",3.83929041166867,-1.07163451182484,0.16621931505181,-6.44711182626886,1.14001675205912e-10,1.94265585277086e-09
"ENSG00000247213.7",0.786499976824663,-1.26573647157319,0.276717261033457,-4.57411462821669,4.78237972239866e-06,2.92001876529859e-05
"ENSG00000247311.3",0.548034371711687,-1.19347076714109,0.401542386356304,-2.97221615374392,0.00295658451494569,0.00852811198627058
"ENSG00000247402.2",2.90717860634973,-1.97318349542632,0.44253978876032,-4.45877081686545,8.24310007124192e-06,4.73531064493375e-05
"ENSG00000247570.2",4.97985281317333,1.07663497283693,0.17505789461518,6.1501652079367,7.74022793891262e-10,1.12129436597102e-08
"ENSG00000247774.7",339.414826001002,-1.02925940122354,0.186847566181898,-5.50855128731803,3.61798835496489e-08,3.64623743959871e-07
"ENSG00000248050.1",0.455512761195068,-1.18025687664687,0.474412081105169,-2.48783056682999,0.0128524947964331,0.0302546096924192
"ENSG00000248099.4",14.0238416911738,-1.04937256472752,0.194422487769298,-5.3973826627129,6.76200676531496e-08,6.40625769728791e-07
"ENSG00000248103.1",10.8516987621505,-1.42048180825983,0.344691431166619,-4.12102442887009,3.7719142310578e-05,0.000183183336376752
"ENSG00000248109.3",0.551454226598762,-1.77473032783419,0.419906166472297,-4.22649265368976,2.37362017418986e-05,0.000121388460292456
"ENSG00000248144.6",8.82623750965989,-1.13005233329113,0.238822834661803,-4.73175998807401,2.22581498620225e-06,1.47849324686812e-05
"ENSG00000248174.6",11.8242298409197,-3.81102390654095,0.317484688237025,-12.0038037982347,3.39334702274069e-33,1.12827431167319e-30
"ENSG00000248202.2",12.7687686706005,-1.21620965207839,0.245517798082346,-4.95365167648855,7.28335361162116e-07,5.42978910863137e-06
"ENSG00000248211.1",0.403730014485467,-1.33380622896062,0.375227121798899,-3.55466369959116,0.000378462832591616,0.00141125472647422
"ENSG00000248215.6",2.02371537464526,-1.83323554675466,0.546809578815195,-3.35260320553792,0.000800553879900532,0.00272480717029121
"ENSG00000248222.5",0.54401278428975,-1.13705322842333,0.351085103894859,-3.23868263224249,0.00120083112466236,0.00388124606915135
"ENSG00000248227.1",2.68283161659877,-1.16991774495362,0.416458391568694,-2.80920679865961,0.00496637337479176,0.0133764765862935
"ENSG00000248228.2",0.331408046488233,-1.08280462759929,0.42030878033669,-2.57621224741464,0.00998893092064243,0.0243810163802995
"ENSG00000248268.1",1.75777945214842,-2.12334388861197,0.467961263246734,-4.53743515837214,5.69425302874421e-06,3.40966063075446e-05
"ENSG00000248290.1",2.37648714115492,-1.38242796239039,0.258365340876317,-5.35067109892335,8.76286574723949e-08,8.09338280415039e-07
"ENSG00000248307.6",0.5247942290168,-1.39498920336464,0.50853091917833,-2.74317480167898,0.00608482847355212,0.0159275501333778
"ENSG00000248318.1",1.82054937405121,-1.27167676619581,0.249521816759421,-5.09645522267863,3.46072371680832e-07,2.7918206350541e-06
"ENSG00000248323.7",92.2222729946838,-1.32905182942447,0.181840430792802,-7.30889067755704,2.69356796037623e-13,7.35545805316405e-12
"ENSG00000248358.2",1.03964533363452,-1.08875536461978,0.347643794257347,-3.13181302990216,0.0017373047398223,0.00536846539750888
"ENSG00000248362.1",0.816186890382075,-1.34108936598993,0.400490369903528,-3.3486182609409,0.000812156117305384,0.00275955138550085
"ENSG00000248367.1",12.5610811182361,-1.03143783001613,0.132411361867024,-7.7896474703732,6.71964128022799e-15,2.34100361180918e-13
"ENSG00000248370.2",22.7982672918912,-1.5149749386058,0.490601728505103,-3.08799347939933,0.0020151289245229,0.00609988826537436
"ENSG00000248383.5",21.7964811245597,-1.02678778189321,0.272790247608764,-3.76401939179965,0.000167203909057085,0.000685946981367145
"ENSG00000248388.5",0.933890681080724,-1.60348504377694,0.292985713512674,-5.47291205619681,4.42699838049515e-08,4.37250253541206e-07
"ENSG00000248405.10",0.877946416671245,1.24909092139068,0.54344585533741,2.29846434400563,0.0215353750051879,0.0469474563842445
"ENSG00000248409.2",2.44717321618221,-2.03444817881898,0.345706226625299,-5.88490464484478,3.98283552684022e-09,4.95612605289022e-08
"ENSG00000248431.2",1.13933200774957,-1.93998577856548,0.48106659276801,-4.03267615695987,5.51452491433847e-05,0.000257551055725065
"ENSG00000248444.1",1.47483938640551,-1.58658604675122,0.288434905945525,-5.5006728174948,3.78344710938322e-08,3.80192526015922e-07
"ENSG00000248452.2",0.329826278044432,-1.04934900822896,0.380425443848889,-2.75835653265551,0.00580927990480559,0.0153230495274183
"ENSG00000248455.6",0.588299097438581,-1.27317367696144,0.311310224705627,-4.08972650405346,4.31882136611954e-05,0.00020691510503592
"ENSG00000248461.3",122.655255990303,-1.10227046597777,0.236843550400259,-4.6540024590704,3.25552916664229e-06,2.07811861809225e-05
"ENSG00000248464.1",1.25837702877415,-1.56673841989091,0.436531208786029,-3.58906393943272,0.000331867445183075,0.00125860705873702
"ENSG00000248476.1",14.5971813642898,-1.02037457682987,0.126179260660624,-8.08670594111585,6.13000260393091e-16,2.53507630074205e-14
"ENSG00000248479.1",4.81024906566563,1.67205010829677,0.286459284068888,5.83695555105373,5.31632710717798e-09,6.45696046839658e-08
"ENSG00000248540.3",11.4563344367037,-1.83373733481731,0.220306890788407,-8.32355868786017,8.53609824381143e-17,4.03115919995526e-15
"ENSG00000248544.2",2.82849879301119,-1.4690212329224,0.193357685605467,-7.59742871519386,3.02072514885008e-14,9.45386887323094e-13
"ENSG00000248550.4",1.03241616621108,-1.43319884928791,0.42368282422392,-3.38271642687704,0.000717727003250583,0.00247964835487122
"ENSG00000248551.1",0.628797332900005,-1.24835376363934,0.484466210216817,-2.57676126283534,0.00997308054423228,0.0243509090341548
"ENSG00000248555.7",0.526897116358751,-1.71641796027554,0.568809685344421,-3.01756106567741,0.00254817695272372,0.00749361993271797
"ENSG00000248568.1",0.947668058267681,-1.38427962905078,0.313187357437103,-4.41997288900393,9.87132845450823e-06,5.55096946592168e-05
"ENSG00000248571.1",4.49558430500675,-1.79577224257886,0.336529973385604,-5.3361435372689,9.49442515284586e-08,8.68031892218608e-07
"ENSG00000248587.8",162.010592194804,-1.60601477034628,0.261787919406882,-6.13479328604977,8.52699964091295e-10,1.22080316595117e-08
"ENSG00000248608.2",34.1985488236188,-1.56925087735312,0.267987572985402,-5.85568524641478,4.75047171592659e-09,5.8276005152698e-08
"ENSG00000248636.7",13.1800667875704,-1.23456208294758,0.15568755048312,-7.92974183945066,2.19601914650537e-15,8.25981427756164e-14
"ENSG00000248663.6",2.92599497232596,-1.13400175664016,0.357843844794984,-3.16898494450799,0.0015297231889464,0.00480634677797023
"ENSG00000248673.2",1.81095031398877,-1.75249632546315,0.331601618832318,-5.28494502419585,1.25742513397036e-07,1.12028088784729e-06
"ENSG00000248685.6",6.54624170548753,-2.22863052534914,0.612194270448816,-3.64039755503636,0.000272217402381978,0.00105747263088137
"ENSG00000248713.1",120.890045948371,1.02088065291361,0.222353830837334,4.5912438255244,4.40612223598786e-06,2.71984631475015e-05
"ENSG00000248719.2",2.06043885430321,-2.79757811918623,0.318439941305973,-8.78526138308188,1.56001362974487e-18,9.74996789164759e-17
"ENSG00000248749.1",0.835053297211943,-1.83508143008239,0.692602320558946,-2.64954559869427,0.00806000948392315,0.0203061231842646
"ENSG00000248780.1",0.916831438883575,-1.07083087311904,0.246087783966784,-4.35141824538341,1.35259756081433e-05,7.33803156540468e-05
"ENSG00000248791.1",0.910312724857364,-1.87218145053317,0.291600733686736,-6.42035919067487,1.35953173726745e-10,2.28740243605547e-09
"ENSG00000248796.1",0.623995818605109,-2.29766777068638,0.60238579311459,-3.81427948160341,0.000136580832061734,0.000574203170357048
"ENSG00000248810.2",34.3571506465456,-1.82965929968895,0.219925803779512,-8.31943895734621,8.83806590068614e-17,4.15059542332562e-15
"ENSG00000248817.1",2.7671365364279,-1.83703234312617,0.543735553175872,-3.37854005020706,0.000728718169775989,0.00251135858807874
"ENSG00000248837.7",36.9136869750279,-1.60149733753972,0.364228231569379,-4.39696102259626,1.09777048802047e-05,6.10865403977864e-05
"ENSG00000248846.3",2.89226797115373,1.17222506106705,0.262227309531358,4.47026308267436,7.81234404808801e-06,4.51783279986968e-05
"ENSG00000248854.1",1.24352718339015,-1.18127634130106,0.299474801391815,-3.94449327893717,7.9968896330365e-05,0.000358927500775598
"ENSG00000248898.3",14.8900733873236,-1.4423585552378,0.173288839954708,-8.32343592129062,8.54494792156438e-17,4.03115919995526e-15
"ENSG00000248905.10",16622.7799192769,1.24741998161484,0.134533412854174,9.27219458088797,1.82354616089395e-20,1.52495423619868e-18
"ENSG00000248964.7",182.177556159116,1.0567865212261,0.265814552745795,3.97565336551281,7.01862948052538e-05,0.000319295401126966
"ENSG00000248965.1",1.86827774108797,-1.1869568162401,0.419010757361056,-2.83275976902262,0.00461480530666309,0.0125417209282372
"ENSG00000248967.1",0.399856458422569,-1.09678813939261,0.415593109100315,-2.63909125386358,0.00831286011170185,0.0208609522981857
"ENSG00000248973.3",1.30499047347034,-2.61727342174726,0.523216607531821,-5.00227512672767,5.66576531246619e-07,4.34786812992467e-06
"ENSG00000248975.2",2.23845034926767,-1.26401161681072,0.499363664329617,-2.53124467617727,0.0113658532646777,0.0272395106323685
"ENSG00000249035.7",12.4554323969775,-1.03814391166517,0.152518857772963,-6.80665936543098,9.98910667842944e-12,2.08103885598438e-10
"ENSG00000249061.1",3.68980856593663,-4.02676480277124,0.52841810881046,-7.62041409185622,2.52863209236499e-14,7.97469444661243e-13
"ENSG00000249069.8",6.59762130629868,-1.88835031705377,0.256877440336078,-7.35117227337365,1.96475993179629e-13,5.4804934419676e-12
"ENSG00000249096.7",48.6481523253064,-1.20587788977705,0.219924843556518,-5.4831362854518,4.17850861711539e-08,4.14777108059589e-07
"ENSG00000249102.3",0.729970569154825,-2.28690797744817,0.551645916126341,-4.14560846114268,3.38912526815787e-05,0.000166578552974429
"ENSG00000249131.2",1.54488287553462,-1.8817241893473,0.311171860859921,-6.04721835755705,1.47367969506816e-09,2.00816640939091e-08
"ENSG00000249162.1",0.64822886953438,-2.27263883850189,0.721186675754166,-3.1512490661663,0.00162573791463186,0.00506893617463837
"ENSG00000249171.1",0.625679854028971,-1.4973558236903,0.432358683253649,-3.46322597807492,0.000533739932389853,0.00190692848534231
"ENSG00000249173.6",0.665657481581647,-1.08139578373007,0.385381085366416,-2.80604270627837,0.00501540446883639,0.0134884328027552
"ENSG00000249174.1",0.949703931206754,-1.95678255469564,0.79524169288162,-2.46061363760379,0.0138699640211989,0.0322876355242
"ENSG00000249201.2",1.08295551839352,-2.06741735497374,0.338269030035359,-6.11175476146201,9.85415344785233e-10,1.39069040950641e-08
"ENSG00000249226.1",0.84902653546478,-1.30283086270603,0.562273512776315,-2.31707671284941,0.020499553299595,0.0450485081286822
"ENSG00000249231.8",1.40909993375944,1.08859212276423,0.345802824483948,3.14801397122411,0.00164383836355581,0.00511654385277515
"ENSG00000249267.7",0.84087008180108,-1.99302949092534,0.398236853030054,-5.00463348823956,5.59684165573063e-07,4.30133012010866e-06
"ENSG00000249279.6",0.617916965195189,-1.85219806260934,0.398082482317678,-4.652799720866,3.27458265865504e-06,2.08857182480087e-05
"ENSG00000249309.1",1.79031591979884,-2.12152131372106,0.336625117270155,-6.30232625219837,2.93211151249845e-10,4.61083687788349e-09
"ENSG00000249341.1",23.1598115612177,1.83057493312693,0.446302070783089,4.10165009970707,4.10214269273256e-05,0.000197514604452223
"ENSG00000249388.3",2.00827385469847,-1.2061370558302,0.219447343120885,-5.4962481599323,3.87956469124293e-08,3.8872340332073e-07
"ENSG00000249395.4",68.1151038675469,-1.55655373775811,0.375554776079246,-4.14467831832248,3.40291067697133e-05,0.000167196800515761
"ENSG00000249406.3",3.21594816173626,-1.66392412202405,0.215021355646976,-7.7384133172144,1.00665144361166e-14,3.41538345301126e-13
"ENSG00000249421.2",1.33708933900396,-2.37147331355297,0.516017630572124,-4.59572148905773,4.31254417985497e-06,2.66771543820388e-05
"ENSG00000249453.1",2.68167882859486,-1.85830195986103,0.432895025619318,-4.29273114700836,1.76488662185224e-05,9.31693354215961e-05
"ENSG00000249454.1",0.814787844867844,-1.19254229127711,0.381531749597783,-3.12566986242771,0.00177400583927482,0.00546400108877574
"ENSG00000249484.9",1.28986714277613,-1.30445208896219,0.399827705340701,-3.26253551601843,0.00110420335748591,0.00360764876533523
"ENSG00000249497.1",0.640549192487638,-2.09731120528252,0.361530411703245,-5.80120271321477,6.58409450713003e-09,7.85217032726939e-08
"ENSG00000249500.1",0.411702405644085,-1.60979700482266,0.626764465773078,-2.56842417324516,0.0102162060358262,0.0248612890251776
"ENSG00000249514.1",0.592987153560747,1.2438139730151,0.422477592905339,2.94409453637886,0.00323901045434899,0.00923824818169453
"ENSG00000249526.1",2.58957815248736,-1.58705991375606,0.249810639750332,-6.35305171686125,2.11084708879471e-10,3.41233087143079e-09
"ENSG00000249574.1",14.63259459088,-1.27967019071569,0.28943347711445,-4.42129294604601,9.81120513336883e-06,5.52239040835693e-05
"ENSG00000249600.1",1.33653742371665,-2.45378559845018,0.477626856466486,-5.13745315035978,2.7848686400235e-07,2.29697778163637e-06
"ENSG00000249601.2",0.459267479869902,-1.01508086866351,0.360163816339781,-2.81838658580261,0.00482656589675982,0.0130506624033005
"ENSG00000249618.6",0.598157057697072,-1.5814767655995,0.370525878907278,-4.26819516699738,1.97060883255096e-05,0.000102711868947182
"ENSG00000249619.1",0.246366841762333,-1.140321507153,0.470546716841953,-2.4233970110475,0.0153761124215189,0.0352761086588192
"ENSG00000249641.2",25.6921522909398,-1.41807993629956,0.257178168876192,-5.51399810682313,3.50772372869183e-08,3.53854401970606e-07
"ENSG00000249646.2",0.546372030025972,-1.43741555575608,0.328136018762652,-4.38054792392601,1.18381251623772e-05,6.52281795040064e-05
"ENSG00000249667.1",0.820644400813801,-1.56992055108386,0.471750017250702,-3.32786538140085,0.00087514144022646,0.0029432455525726
"ENSG00000249669.10",86.5426581443698,-1.19593396225934,0.135373464056797,-8.83433079438357,1.00699257417868e-18,6.58060147295821e-17
"ENSG00000249697.1",0.780860838914141,-2.40174477723839,0.423436097932151,-5.67203596709705,1.41110340196576e-08,1.56312045822231e-07
"ENSG00000249699.1",0.61040277655672,-1.18677754065245,0.351286933958229,-3.37837085848906,0.000729166717824895,0.00251269605557071
"ENSG00000249713.1",0.871481674611107,-2.49832901331644,0.450131053523566,-5.55022585924666,2.85300766489636e-08,2.94234998929089e-07
"ENSG00000249727.2",3.82696839918026,1.43046924512379,0.355881499406429,4.01950999843952,5.83193069416986e-05,0.000270490685761732
"ENSG00000249740.3",20.2614150986401,-2.00988793878861,0.183408368158451,-10.9585399999427,6.04669737399935e-28,1.21407167274474e-25
"ENSG00000249743.6",1.88237135884867,-1.36222132373319,0.377683262708348,-3.60678234445648,0.00031001749515348,0.00118613155975043
"ENSG00000249746.1",0.341368712395953,-1.16725710755711,0.381217379386672,-3.06191997184146,0.00219922241787242,0.00658863130769217
"ENSG00000249755.2",9.51132300471944,-1.09639067106836,0.193009554420367,-5.68049946729823,1.34301970447067e-08,1.49487372675978e-07
"ENSG00000249776.5",3.6183048917466,-1.21314507798374,0.311220037725804,-3.89803011029953,9.69783603891757e-05,0.000423766655154368
"ENSG00000249790.3",10.511489646885,-1.26263980840916,0.213716426123089,-5.90801479939569,3.46254919904548e-09,4.36092332759782e-08
"ENSG00000249797.2",2.36495053754696,-2.33824895516587,0.425940014114961,-5.48962031666452,4.02798660182049e-08,4.02044138196117e-07
"ENSG00000249835.2",1.96347852139417,-2.96895155519439,0.346117135533152,-8.5778808686287,9.66369585160073e-18,5.38394808289852e-16
"ENSG00000249852.1",13.3294430157199,-1.13762908356803,0.210517856169824,-5.40395529512854,6.51871976796343e-08,6.19129412696746e-07
"ENSG00000249867.6",2.45719146697866,-3.08210938089079,0.45391049456022,-6.79012584601497,1.12035772555737e-11,2.30973748956426e-10
"ENSG00000249896.2",7.7107806450163,-1.16365180283639,0.220317420018317,-5.28170583487971,1.27986581332789e-07,1.13824420787068e-06
"ENSG00000249899.6",1.85203742419128,-1.86848517629737,0.247688175298816,-7.54369954901236,4.56822944987364e-14,1.38993230157869e-12
"ENSG00000249906.1",9.19363027739356,-3.28237270970216,0.30550723794622,-10.7440096403869,6.32369258625553e-27,1.12318509089723e-24
"ENSG00000249917.3",1.3180148989912,-1.03462844423289,0.28819826094639,-3.58998850595198,0.000330692543090323,0.00125496107590414
"ENSG00000249937.8",4.13291044612367,1.82054101117497,0.339866214076235,5.35664015949113,8.47837358195485e-08,7.86382867246613e-07
"ENSG00000249948.6",16.7808132690846,-2.15514552817552,0.363151651902133,-5.93456071833131,2.94633281554137e-09,3.7690207596039e-08
"ENSG00000249992.2",1854.12271536606,-1.80259157052591,0.208784353562054,-8.6337483617524,5.93735386160491e-18,3.41784350687013e-16
"ENSG00000250033.5",6.21532958417993,-1.91669206281588,0.285894381740303,-6.70419632295168,2.02517839012849e-11,3.97781021977883e-10
"ENSG00000250039.4",61.7885407840772,1.06725474099452,0.299603117808493,3.56222842005506,0.000367720223959871,0.00137562447778759
"ENSG00000250043.1",0.797033549465796,-1.92757727314415,0.499166466241307,-3.86159208101195,0.000112650539520059,0.00048367579788561
"ENSG00000250049.7",3.39875588531756,-1.1188845971754,0.359034052818752,-3.11637458450282,0.00183089541125628,0.00561881969154792
"ENSG00000250050.1",1.45779668542344,-1.19119169400479,0.27082559466897,-4.39837193179909,1.09065954596401e-05,6.07477781417263e-05
"ENSG00000250056.8",6.16691685376306,-1.5080897362633,0.18640098312733,-8.09056750110122,5.93873769897242e-16,2.46333149944802e-14
"ENSG00000250115.2",0.467391591371396,-1.22522267458807,0.341375944042016,-3.58907150890888,0.000331857810357218,0.00125860705873702
"ENSG00000250126.1",1.11461427214999,-1.3752977314374,0.308189914002578,-4.46250077939246,8.10086338346367e-06,4.66262406790635e-05
"ENSG00000250131.2",41.1382286320308,-1.01089268459519,0.190544829559961,-5.30527481081337,1.12503376160459e-07,1.01450755478e-06
"ENSG00000250185.2",0.853081086901115,1.34004538738727,0.376106207537254,3.56294408476237,0.000366718812699636,0.00137299047774275
"ENSG00000250192.1",1.73997921888638,1.5814453400977,0.34714051762704,4.5556345623612,5.22276680301782e-06,3.15690276130056e-05
"ENSG00000250208.6",40.0925520935737,-1.14980646589467,0.194454215370871,-5.91299326528725,3.35945920249137e-09,4.24313836115959e-08
"ENSG00000250247.1",0.469444981523776,-1.53227365346201,0.385295542053617,-3.97687874947896,6.98257455821528e-05,0.000317898744428244
"ENSG00000250250.2",1.41264148670511,-1.3278303632582,0.395519238013911,-3.35718275026485,0.000787410489122611,0.00268642821803269
"ENSG00000250266.2",3.264571348221,-2.19976793722857,0.493391416407768,-4.45846414038656,8.25490034188691e-06,4.74077888641016e-05
"ENSG00000250271.2",0.792770463591936,-1.70443427072335,0.470869665685396,-3.61975806668791,0.000294878591956463,0.00113489619769372
"ENSG00000250290.1",2.99588060448729,-1.71820307911415,0.247414274296653,-6.94464005360502,3.7942649214844e-12,8.56119645313434e-11
"ENSG00000250295.6",4.38943754281871,-1.17011876224294,0.187652566059129,-6.23555961326014,4.50165877699705e-10,6.84838733856337e-09
"ENSG00000250302.3",2.35374253207098,-1.12056495721925,0.249267243127985,-4.49543607558534,6.94275141024622e-06,4.06472227232925e-05
"ENSG00000250310.2",0.864287660410687,-1.58388444059061,0.423005435314671,-3.74435954803362,0.000180854511630379,0.000735127160135141
"ENSG00000250320.6",33.1751112949805,-2.05504489609886,0.241896084008314,-8.49556909746516,1.96965435846355e-17,1.03362088947553e-15
"ENSG00000250328.6",0.800365951245191,-1.74332452245675,0.44834549120887,-3.88835073986412,0.000100927707232976,0.000438965819172977
"ENSG00000250331.2",3.82778251636307,-1.42277134427141,0.287147286227893,-4.95484865262571,7.23866106040775e-07,5.40228462906566e-06
"ENSG00000250343.1",154.290184542886,1.02036024475275,0.166541083301735,6.12677799689874,8.96764575160699e-10,1.27904355774979e-08
"ENSG00000250345.2",0.543790881955822,-1.28772972943815,0.469397404877792,-2.74336780744115,0.00608125277707281,0.0159227742820671
"ENSG00000250360.1",0.44610738240189,-1.92596611305274,0.704546445093349,-2.73362547844175,0.00626412504204527,0.0163505347608796
"ENSG00000250366.3",7.73063444898776,-1.22199443943722,0.493259167458904,-2.47738819682258,0.0132347866315087,0.0310122456998795
"ENSG00000250385.2",13.9497893650745,-1.31001344582065,0.521782546083943,-2.51065018493335,0.0120509048969699,0.028646746129482
"ENSG00000250392.2",1.28239816674988,-1.84070962189013,0.444171575604138,-4.14414096486588,3.41089890908741e-05,0.000167563902818254
"ENSG00000250415.1",1.19078019198359,-1.10105297254503,0.292757935481186,-3.76096713052475,0.000169257672592083,0.000693482589537871
"ENSG00000250420.8",54.1234534944937,-1.27454157096081,0.405354319014568,-3.1442654269955,0.0016650434099713,0.00517324767924251
"ENSG00000250427.1",0.911613516668047,-1.37379932105642,0.332224313223004,-4.13515587624757,3.5471378486486e-05,0.000173585474232348
"ENSG00000250447.6",0.656864282963755,-1.55500953771227,0.410007220210933,-3.79263940013611,0.000149054527012597,0.000619686331069075
"ENSG00000250448.1",0.634321160040446,-2.12178637434277,0.583390707911003,-3.63699034895574,0.00027584226225959,0.00106965442284317
"ENSG00000250453.2",13.975828616831,-1.3381896287762,0.501601276904041,-2.66783537122495,0.00763416552435633,0.0193710801801272
"ENSG00000250456.1",7.67874563654086,3.12504322313313,0.493589601938923,6.33125821706395,2.43169993431692e-10,3.88716587192614e-09
"ENSG00000250497.1",6.58470866251054,1.17901836963137,0.22357076282539,5.27358029615075,1.33787677801749e-07,1.1843415260482e-06
"ENSG00000250503.1",0.717687627644205,-1.62641448530621,0.693724066459418,-2.34446888026675,0.0190542005461933,0.0423536571857944
"ENSG00000250507.1",0.695146367182043,-1.77455887615473,0.434953844323133,-4.07987858784481,4.5059229045563e-05,0.00021491297654254
"ENSG00000250508.1",24.6355287467574,-1.08462910297917,0.223211978796079,-4.8591886010296,1.17867811757664e-06,8.3455229851312e-06
"ENSG00000250509.2",1.75509252313139,-1.33467229286881,0.315261154974953,-4.23354502071417,2.30036105406057e-05,0.000118019511330534
"ENSG00000250510.8",177.28106694219,-1.68247821462336,0.149970676827735,-11.2187145528186,3.30032685002161e-29,7.5367134362966e-27
"ENSG00000250548.7",8.50936889155776,-1.1241759296161,0.185572028328382,-6.05789536140002,1.3791405747354e-09,1.88987275196679e-08
"ENSG00000250590.6",8.36888602817117,-1.59216225723129,0.479893941383498,-3.31773777481168,0.000907496379605135,0.00303976180924795
"ENSG00000250626.3",0.640885273104738,-1.97570511273206,0.438979132251495,-4.500681165865,6.77360443250518e-06,3.97521247421322e-05
"ENSG00000250629.1",0.950296054116616,-1.6549298152556,0.307922745767127,-5.37449681131116,7.67968423612684e-08,7.1904265875626e-07
"ENSG00000250634.6",60.2605562586099,1.42559775712061,0.203086621747841,7.01965370663693,2.22418811539444e-12,5.24343201656402e-11
"ENSG00000250654.7",19.625270198299,-1.59527188111441,0.198331066609991,-8.04347956365018,8.73227757144756e-16,3.53045642436288e-14
"ENSG00000250658.1",13.7142794973498,-1.08214589032951,0.458314100508304,-2.36114465849803,0.0182186223856018,0.0407931464061192
"ENSG00000250662.1",0.641851467609446,-1.18176081851925,0.288850526940935,-4.09125380879397,4.29047254755959e-05,0.000205699181014732
"ENSG00000250673.2",7.99956541129553,-1.55221880544124,0.225576660319266,-6.88111439917735,5.93861348432323e-12,1.29237744969322e-10
"ENSG00000250682.6",40.4956834654808,-1.22414342428032,0.422113653537132,-2.9000327613725,0.00373123659303157,0.0104345078239522
"ENSG00000250697.2",5.29310105215942,-2.93604945799338,0.345057920389087,-8.50885977253527,1.75652114849682e-17,9.25279239211974e-16
"ENSG00000250770.3",4.36561228700213,-1.83640963530676,0.246947306991618,-7.43644325454858,1.03432367334066e-13,2.99154909612974e-12
"ENSG00000250771.2",46.3313927651689,-1.39048233851483,0.241820829294383,-5.75005198093218,8.92160151137302e-09,1.03229287866282e-07
"ENSG00000250781.2",0.959856470013392,-2.60105348419008,0.493420845685594,-5.27147060553552,1.35334964948004e-07,1.1970189004403e-06
"ENSG00000250787.1",1.21202645285805,-2.48446870150347,0.372842268791906,-6.66359184422334,2.67214923480717e-11,5.12505152270677e-10
"ENSG00000250799.11",0.970489789261376,-1.88128672792933,0.40912902242088,-4.5982724882177,4.26008585105397e-06,2.63792741569584e-05
"ENSG00000250829.2",2.94051470795684,-1.42971482425784,0.349597237897727,-4.08960560688437,4.3210729523571e-05,0.000206975261087779
"ENSG00000250838.1",0.845081930435058,-2.95434453734701,0.623432060226753,-4.73883960390562,2.14945555802098e-06,1.43395942058536e-05
"ENSG00000250846.6",28.7772741708155,1.08796573611864,0.246160941301654,4.41973340841841,9.88227348365026e-06,5.55582476002536e-05
"ENSG00000250853.1",0.900271977283847,-1.09174433815082,0.233286097886461,-4.67985168444184,2.87082518999378e-06,1.85765587025567e-05
"ENSG00000250874.1",8.51248079805096,-1.23089636129851,0.470801092747863,-2.61447218423878,0.00893654368560553,0.0221743658902171
"ENSG00000250891.2",2.990199415232,-1.1131972645824,0.273956771077758,-4.06340482187401,4.83620474311179e-05,0.000229010301393656
"ENSG00000250893.1",0.83286142357476,-1.00798258990013,0.274940975572018,-3.66617812351546,0.000246202466341663,0.000966838055643052
"ENSG00000250914.1",2.26039871875245,1.40752835155541,0.242148161228136,5.81267412652097,6.14826761841798e-09,7.36834771501407e-08
"ENSG00000250919.1",5.9155630894608,-1.1034015622446,0.39280442685969,-2.80903545580135,0.00496901737888538,0.0133827307089965
"ENSG00000250927.1",1.56916412614943,-2.17889562740372,0.471103988758575,-4.62508422640492,3.7444621026313e-06,2.35015605420662e-05
"ENSG00000250954.6",7.25370223728382,-2.2493159427595,0.491644801183286,-4.57508334746116,4.76030437268919e-06,2.90824298600188e-05
"ENSG00000250971.3",2.11648963096959,-1.24623676956154,0.287220842282295,-4.33894963770308,1.43165323114743e-05,7.72256607306289e-05
"ENSG00000250992.2",1.63302308775338,-1.96640046213402,0.398540849132187,-4.93399978048877,8.05625299497342e-07,5.92731433841539e-06
"ENSG00000250994.1",0.371445168590042,-1.00485713270265,0.39848272298042,-2.5217081563459,0.0116786555782931,0.0278654505508364
"ENSG00000251009.2",1.30611795810687,-1.53385696300967,0.306284476837321,-5.00794875028668,5.50131774387328e-07,4.23418089020114e-06
"ENSG00000251095.7",18.9983024220416,-1.23943049216186,0.255680467455466,-4.84757597831654,1.24979173072622e-06,8.77429795818297e-06
"ENSG00000251127.2",3.08935723790133,-4.79388455597338,0.576289322011031,-8.3185378817094,8.90550380890628e-17,4.16813681650634e-15
"ENSG00000251129.2",18.855194511667,-1.28203052091446,0.501065904903005,-2.55860657923359,0.0105092600214178,0.0254908587691955
"ENSG00000251138.7",11.7411616596956,-1.41191365325648,0.393770935993136,-3.58562180242042,0.000336276004065583,0.00127358331337468
"ENSG00000251152.1",0.871780056125142,-1.04054239745251,0.277732190697744,-3.7465674930888,0.000179270785589394,0.000729474485085802
"ENSG00000251165.6",5.981991491829,-3.21838057789919,0.456012043551075,-7.05766574241525,1.69322750921833e-12,4.05613381775979e-11
"ENSG00000251169.2",2.3771073357154,-2.08467072278875,0.319012995958193,-6.53475171607727,6.37151506061066e-11,1.13996086504133e-09
"ENSG00000251179.1",2.69040983082313,-1.6544657046843,0.235019774322059,-7.03968723251819,1.92671823723665e-12,4.58375863629248e-11
"ENSG00000251185.1",0.858147666405118,-1.1470398247854,0.40707809118073,-2.81773902756204,0.00483631015792994,0.0130719075752022
"ENSG00000251189.1",0.673528337232165,-2.58183431791561,0.421861143451169,-6.12010458416267,9.35139604506846e-10,1.32785351016445e-08
"ENSG00000251191.8",349.992195997814,1.60548341057599,0.260219792133866,6.16972059431234,6.84107722550573e-10,1.00398605807369e-08
"ENSG00000251199.6",6.95078169824783,-1.2573539500926,0.390550033027665,-3.2194439732733,0.00128439456729956,0.00412025370531833
"ENSG00000251206.1",0.509675962574716,-1.21136200692411,0.35658510639688,-3.39711890708037,0.000680993687275502,0.00236730174226701
"ENSG00000251216.2",0.499604255904578,-1.91241387223267,0.523588425237773,-3.65251365395291,0.000259685783532111,0.00101341100678836
"ENSG00000251237.1",0.336085076255543,-1.28173408516907,0.378603433710093,-3.38542646750143,0.000710677473093247,0.00245938194310587
"ENSG00000251244.2",0.994035838827569,-1.18827524392546,0.321812122537268,-3.69245022392793,0.00022210382136826,0.000882090685495232
"ENSG00000251257.2",2.51634796325174,-2.12098713053068,0.313492033779406,-6.76568110825792,1.32683502667715e-11,2.69398717043261e-10
"ENSG00000251273.4",36.3422197960267,-2.31575476021062,0.453263621019775,-5.10906821730038,3.23751455504065e-07,2.62439427080764e-06
"ENSG00000251281.1",0.71954775732859,-2.19216434503361,0.591327581662726,-3.70719109511104,0.00020957080669684,0.000838646434424616
"ENSG00000251291.2",0.677461037787962,-1.71609393179583,0.580159671073251,-2.95796832727305,0.00309673940936234,0.00888509090517569
"ENSG00000251301.7",49.0825267274524,-1.6535078224288,0.196396865217286,-8.41921697986076,3.79008880522186e-17,1.91169503546882e-15
"ENSG00000251350.2",33.375533189583,-1.20493462752717,0.360740680783935,-3.34016841379988,0.000837275987649912,0.00283239985338643
"ENSG00000251365.4",35.7862202002986,-1.56896873523502,0.246930418657428,-6.35389007059388,2.09936889114788e-10,3.39726737760917e-09
"ENSG00000251381.8",14.8833081098033,1.44552551098065,0.281750636588667,5.13051373541706,2.88952473098391e-07,2.37246991049296e-06
"ENSG00000251387.1",0.698387046405474,-1.69445082807089,0.356995060741256,-4.74642653193175,2.07041877802577e-06,1.38724399890871e-05
"ENSG00000251388.1",0.884589402526739,-1.52276707637817,0.554764699894379,-2.7448881961453,0.00605315160352395,0.0158656168850137
"ENSG00000251393.4",2.86607225555224,-3.17148702817228,0.297794702497527,-10.6499108331137,1.74532154738476e-26,2.99748157654568e-24
"ENSG00000251405.3",2.63157049197257,-1.40363044230548,0.228092484714824,-6.15377768390917,7.5658723760217e-10,1.09811851264692e-08
"ENSG00000251443.2",2.77818939500846,-1.88460487465191,0.46325210626113,-4.06820573329371,4.73765430010412e-05,0.000224907353536182
"ENSG00000251450.2",2.95985851827952,-1.14615256607455,0.197703460294316,-5.79733184420901,6.73782844049465e-09,8.01752200110676e-08
"ENSG00000251483.2",0.824059221992386,-1.75546222732846,0.577078732239882,-3.0419804599535,0.00235027150753359,0.0069852677628798
"ENSG00000251490.1",0.53463304772804,-2.03893656997153,0.673005696114097,-3.0295977905451,0.0024487961284783,0.00724188017587267
"ENSG00000251491.2",1.12228589795784,-1.34433422063525,0.516523303694892,-2.60265937861604,0.00925038080482565,0.0228439885329866
"ENSG00000251504.1",2.20105836386667,-1.21031780716163,0.318838840080262,-3.79601747032122,0.000147039140984432,0.000612471515092701
"ENSG00000251513.2",2.74357779562951,-1.40153745219247,0.222223943868286,-6.30686967297805,2.84735391623327e-10,4.49285206782412e-09
"ENSG00000251550.1",2.40761759751523,-2.51213380280823,0.359927902589021,-6.97954725026327,2.96132824962611e-12,6.81876591196457e-11
"ENSG00000251557.2",0.943049264729599,-1.49123635244674,0.312257337400365,-4.77566472852722,1.7911459857597e-06,1.21699541376728e-05
"ENSG00000251563.1",1.10274759385418,-2.5124843579598,0.435737227965461,-5.76605393505409,8.11490990863755e-09,9.48458620986484e-08
"ENSG00000251576.1",1.29026338978045,-1.13092541165021,0.30802320440911,-3.67155914055142,0.000241075275902236,0.000949362385545643
"ENSG00000251578.1",3.99637619727363,-1.06293455493331,0.328887810912414,-3.23190619921266,0.00122967414180438,0.00396552178730728
"ENSG00000251604.1",0.845593081694395,-1.86637239310396,0.550353178635378,-3.39122669870228,0.000695805210902875,0.00241334024664485
"ENSG00000251623.2",0.528024824250345,-1.35567684621263,0.478186688055133,-2.83503677554554,0.00458204107611693,0.0124657191337024
"ENSG00000251632.1",1.21171955976894,-1.2011822713485,0.248483592648227,-4.83405064514256,1.33782527183904e-06,9.32774600707502e-06
"ENSG00000251635.2",1.39053030574764,-1.08428762510416,0.296301099076766,-3.65941141792135,0.000252795207360294,0.000990261489944254
"ENSG00000251637.6",2.59584990473043,-1.62971221292478,0.282367104006105,-5.77160791679738,7.8518646909536e-09,9.20561918999756e-08
"ENSG00000251654.2",0.651510600470062,-1.69344260071866,0.638199744970368,-2.65346799973617,0.00796693243659813,0.0200923328840954
"ENSG00000251655.6",3.95973904714508,-1.74021053191311,0.546122818438663,-3.18648200214063,0.00144014447764658,0.0045562369475487
"ENSG00000251689.1",1.49344649837579,-1.5196376002028,0.313001693548416,-4.85504593593431,1.2035883984184e-06,8.50017689295931e-06
"ENSG00000251728.1",1.24304356687534,-1.24333398944364,0.233520012984638,-5.32431449258882,1.0133445595373e-07,9.22396552419824e-07
"ENSG00000251922.1",0.589159050257025,-1.29650385070908,0.331537831343138,-3.91057589252074,9.20763230427249e-05,0.000404831919845735
"ENSG00000252051.1",5.80647312180122,1.65616601373103,0.325089520615459,5.09449215894619,3.49677305917965e-07,2.81926056034189e-06
"ENSG00000252271.1",0.54867383772418,-1.20154611937163,0.524191063476408,-2.29219115526892,0.0218946151105607,0.0475783746327054
"ENSG00000252408.1",0.644946998678725,1.66651498505656,0.459900533788632,3.62364220656131,0.000290483373807394,0.00112057452962529
"ENSG00000252421.1",0.478009196264977,-1.17009413768294,0.445588106781044,-2.62595459770185,0.00864063419214635,0.0215701866955365
"ENSG00000252581.1",1.16656372911746,-1.43738274857725,0.265216608273779,-5.41965587273276,5.97138666490121e-08,5.7184970637471e-07
"ENSG00000252680.1",0.323662109657346,-1.15768942184645,0.327021380875508,-3.54010315394995,0.000399970665316235,0.00148028324059425
"ENSG00000253105.6",1.46242239794789,-1.61960866193561,0.260542411086137,-6.21629567018997,5.09028477784528e-10,7.6754678678607e-09
"ENSG00000253111.2",7.14320740821775,1.2063789607555,0.239640855816352,5.03411222033026,4.80068397154641e-07,3.74134684465426e-06
"ENSG00000253120.1",8.2827135951215,-1.53251843020634,0.364227358843724,-4.20758735717017,2.58111635916148e-05,0.000130761041101255
"ENSG00000253125.1",68.0174697267913,1.70873402150439,0.299160896225579,5.71175592486505,1.11816381700567e-08,1.27114673310694e-07
"ENSG00000253130.2",0.466751339674897,-1.009434535676,0.412469020105209,-2.4472978247397,0.0143931850165817,0.0333524506946459
"ENSG00000253140.2",1.62059835877745,-1.20337451368322,0.296904785637043,-4.05306539974169,5.05508633114224e-05,0.000238586756864562
"ENSG00000253159.3",1343.59763041387,1.01799063509187,0.24647625407508,4.13017732240356,3.62483538605585e-05,0.000176908652319461
"ENSG00000253161.5",33.0645765201395,-1.00337046755223,0.197906075177212,-5.06993262664513,3.97956551378947e-07,3.16552539491135e-06
"ENSG00000253168.1",0.721541226400662,-1.17694478918157,0.419929298566245,-2.80272129903768,0.00506734380545351,0.0136105042808749
"ENSG00000253187.2",1.90581352241499,-1.32490238847087,0.253372902444552,-5.22906110198906,1.70373054772173e-07,1.47276308287044e-06
"ENSG00000253194.2",4.32648059069597,-1.48798924887978,0.189019124042865,-7.87216244078211,3.48563167163995e-15,1.2763861104555e-13
"ENSG00000253207.3",1.22830013754102,-1.79243460774042,0.574577539668568,-3.11956956892946,0.00181115486089967,0.00556480473444059
"ENSG00000253209.1",1.98977239810298,-1.08753075987035,0.451728154549316,-2.40748943566595,0.0160626269237533,0.0366066184243589
"ENSG00000253220.2",0.90490294333173,-1.25891355193371,0.461182703179597,-2.72975014729347,0.00633823426073572,0.0165190752081707
"ENSG00000253223.1",2.61311392635925,-1.0620950521848,0.214292357344978,-4.95628992719972,7.18519747975303e-07,5.36564623660543e-06
"ENSG00000253234.1",28.4300414234111,-1.39194649663928,0.31873546157803,-4.36709015604315,1.25912763567633e-05,6.89187319804713e-05
"ENSG00000253239.1",2.90457219210504,-1.72203090553752,0.379334185838147,-4.53961432907148,5.63572158851247e-06,3.3775322373721e-05
"ENSG00000253247.1",1.81027560350856,-1.44314266198912,0.475590722732247,-3.03442139009426,0.00240997552065515,0.00714432258127456
"ENSG00000253269.1",0.372499700651923,-1.02135595087635,0.378815627114374,-2.69618219991747,0.007013929022295,0.0180324704951519
"ENSG00000253283.1",0.545141119567722,-1.10702169680838,0.296293591300501,-3.73623233614133,0.000186798086205654,0.000756729311840256
"ENSG00000253286.6",15.4817815064699,1.3585171826997,0.252143165004325,5.38788026507242,7.129352012352e-08,6.7236244233577e-07
"ENSG00000253288.2",1.84382938202317,-2.2585152964237,0.365217995760148,-6.18401974339443,6.24895470674492e-10,9.26244848508318e-09
"ENSG00000253291.1",2.89407024098134,-1.09681117224673,0.335556041533041,-3.26863783240431,0.00108066528556314,0.00354160310665314
"ENSG00000253301.6",18.8023516540763,-1.20933098610382,0.405051299468797,-2.98562425966734,0.00283000134633325,0.00821200278966018
"ENSG00000253311.3",0.904992183504783,-1.16986348265432,0.361033232595252,-3.24032077115136,0.00119395304058482,0.00386322119679145
"ENSG00000253328.2",2.10863323331248,-1.07100977619105,0.210307891845887,-5.09258005864984,3.53223483297937e-07,2.845643421754e-06
"ENSG00000253338.1",1.65391671847965,-1.26797453558818,0.512952260893982,-2.47191528774692,0.0134391357705974,0.0314333173873307
"ENSG00000253344.1",5.92374142139552,1.30602346005139,0.289887467233662,4.50527741856007,6.62862871538705e-06,3.8983878119275e-05
"ENSG00000253363.7",4.32080941323909,-1.66384146998954,0.421943702109019,-3.94327836076967,8.03752724537703e-05,0.000360362143875254
"ENSG00000253369.2",2.56281342652209,-1.08761128931707,0.34268800345512,-3.17376528606583,0.00150475320430562,0.0047362398768914
"ENSG00000253374.5",0.585647241918609,-1.36078422124893,0.35503586193687,-3.8328078009508,0.000126688933661586,0.000536742656558903
"ENSG00000253400.1",4.80545204501363,1.43073032495284,0.314385960161013,4.55087219613781,5.342399278028e-06,3.22078327231505e-05
"ENSG00000253435.1",1.6353143782352,-1.12435660044677,0.41703907895024,-2.69604614339014,0.00701679458082454,0.0180376061583517
"ENSG00000253441.1",1.62615537316625,-1.00106926337318,0.403327211590403,-2.48202758109416,0.0130637163296292,0.0306736443190809
"ENSG00000253460.2",2.36061805372384,-1.25708601958822,0.43257819542874,-2.90603186400156,0.00366044171482825,0.010259308014815
"ENSG00000253477.5",2.47194460857546,-1.22064920706072,0.368690496175188,-3.31076938441266,0.000930398511395129,0.00310633169873626
"ENSG00000253479.6",0.466210162034874,-1.16430927465497,0.38527410231649,-3.02202838876133,0.00251086999113356,0.00740014030431804
"ENSG00000253481.2",5.21513342578726,-1.14514398197193,0.378289093716474,-3.02716626250454,0.00246858138366952,0.00729205255636622
"ENSG00000253490.5",867.544658903774,1.12080513566785,0.296581961106437,3.77907385697546,0.000157412734048285,0.000650272145165971
"ENSG00000253500.6",4.79417710207084,-1.79151057039888,0.314091182083985,-5.70379135928701,1.1717148603925e-08,1.32549844930955e-07
"ENSG00000253503.6",1.00314770114412,-2.310293077571,0.601578230121541,-3.84038677248051,0.000122840620548233,0.000522783316734144
"ENSG00000253509.1",2.5232846843134,-1.36041960733098,0.345123543120163,-3.94183368376383,8.08610409896968e-05,0.000362110396036395
"ENSG00000253519.1",1.53879707174743,-1.57198165322849,0.245977681831692,-6.39074911806068,1.65075030142438e-10,2.73886163783633e-09
"ENSG00000253520.1",26.0979939711182,-1.18533461408922,0.17647786833318,-6.71661905985504,1.85989351639945e-11,3.69154223154698e-10
"ENSG00000253535.5",2.95073382400776,-2.17743582226604,0.275771648792366,-7.8957928844436,2.88475393049586e-15,1.06859307361202e-13
"ENSG00000253544.1",1.74713418338011,1.32191657587164,0.376425866392947,3.51175807480697,0.000445153022614398,0.00162678712089155
"ENSG00000253552.8",93.1293622147914,-1.37221258254086,0.156242114477278,-8.78260376295934,1.5973309676307e-18,9.96820866016022e-17
"ENSG00000253553.7",24.2159186982383,-1.50129521614183,0.218249851158554,-6.87879147762246,6.03624395532704e-12,1.31143947345166e-10
"ENSG00000253557.6",3.58177600682324,-1.27535796066626,0.214758598624662,-5.93856529533062,2.8752713542389e-09,3.68719617478794e-08
"ENSG00000253591.2",2.16069893607687,-1.29592104897477,0.280139635908947,-4.62598248466341,3.72826806996611e-06,2.34140642979648e-05
"ENSG00000253596.1",0.876981175138041,-1.87187819841762,0.387945605701271,-4.82510478507396,1.39929679664928e-06,9.7123536176248e-06
"ENSG00000253622.1",1.40003635618252,-1.96797844718956,0.803101635097549,-2.4504724697149,0.0142668872179089,0.0330985412531805
"ENSG00000253627.1",0.597473602057484,-1.0710730886955,0.3964344324047,-2.70176604539259,0.0068972275534636,0.0177786263692045
"ENSG00000253633.2",8.85001433907585,-1.84703131198061,0.214900812447569,-8.594808418564,8.34038282129159e-18,4.68436474079083e-16
"ENSG00000253647.1",0.546436780146686,-1.77941203935855,0.331929502707309,-5.36081313907072,8.28481810800867e-08,7.70321275626525e-07
"ENSG00000253653.1",1.13403627403971,-1.26903409613795,0.27266579261058,-4.65417419613901,3.25281723949276e-06,2.0771180112069e-05
"ENSG00000253658.6",0.870577435474033,-2.45341422731254,0.379886601716622,-6.45828048745629,1.05899329717255e-10,1.82101280169986e-09
"ENSG00000253661.2",17.7362352646717,-3.62164247956018,0.29260440296514,-12.3772658335277,3.46962473956322e-35,1.44204543425727e-32
"ENSG00000253666.2",2.09784276592304,-1.45703382833613,0.27849093365575,-5.23188963177239,1.67785925749077e-07,1.4522112965396e-06
"ENSG00000253681.1",0.574952552405603,-2.62856797966866,1.08515530161117,-2.4222965835083,0.0154227576037337,0.0353694560241891
"ENSG00000253682.2",0.383149301033145,-1.47529719260257,0.518863877142301,-2.84332222302298,0.00446459084623139,0.0121836720125456
"ENSG00000253688.2",1.83123542532655,-1.25606521543546,0.237292201049688,-5.29332700307521,1.20110864283542e-07,1.07564053896845e-06
"ENSG00000253690.1",0.918931425602096,-1.25182156437311,0.390068955743148,-3.20923146008423,0.00133090305152432,0.00424846333544193
"ENSG00000253702.1",1.30018715547818,-1.73336141896431,0.329943850472636,-5.25350424468076,1.49232234868313e-07,1.30466767892235e-06
"ENSG00000253709.1",3.14401093431559,-1.66717372015127,0.378135013313895,-4.40893771127014,1.0387889439403e-05,5.80922310119037e-05
"ENSG00000253746.1",6.83461803467009,-1.2911624433087,0.23200492652571,-5.56523718114071,2.61796080852018e-08,2.7201921780929e-07
"ENSG00000253755.1",17004.411876331,-1.4464727604883,0.29723060928328,-4.8665000013835,1.13591922780633e-06,8.07579113001824e-06
"ENSG00000253763.1",7.39994684846484,-1.26299653812997,0.341291348679128,-3.70064035615915,0.000215056089637839,0.000857624371284578
"ENSG00000253775.2",1.4356001660529,-2.06898234086157,0.397297375005356,-5.20764160808682,1.9125587026556e-07,1.63592847910624e-06
"ENSG00000253802.2",0.45764921067829,-1.57591887984969,0.617464416598502,-2.55224242480423,0.0107032016911901,0.0258947825070868
"ENSG00000253818.1",27.1904007435852,-1.55122036357484,0.383780590469537,-4.04194584639362,5.30094764078569e-05,0.000248778213466954
"ENSG00000253819.2",13.4144460333532,-3.0623351289696,0.298822106332939,-10.2480206921426,1.20791665653735e-24,1.71342771600701e-22
"ENSG00000253821.2",0.971585268244556,-1.38563283037872,0.380665657017647,-3.64002584639381,0.000272610675258142,0.00105880243763003
"ENSG00000253822.1",0.936266730898328,-1.5783377479012,0.503432164364241,-3.13515476289522,0.00171763469526174,0.00531558698469608
"ENSG00000253831.3",3.26909635982612,-1.3637140524832,0.228687039801163,-5.96323278166051,2.47295724414984e-09,3.20789790828201e-08
"ENSG00000253832.1",1.0189892243957,-1.14392636949665,0.411972086806663,-2.77670843761191,0.00549124131551476,0.0145934504479458
"ENSG00000253837.1",21.6537498573947,-1.28695071149583,0.16802519088785,-7.65927242632812,1.86989373442812e-14,6.06686365263867e-13
"ENSG00000253838.1",1.9758472074793,-1.6439330979377,0.362746746468777,-4.53190308098104,5.84546695167382e-06,3.49014936712351e-05
"ENSG00000253853.3",4.97951927497226,-1.72046879781059,0.277350913808938,-6.20322022445468,5.53193417583807e-10,8.27937516082758e-09
"ENSG00000253868.4",1.66349158809394,-2.18586171845904,0.434950497927116,-5.02554136361817,5.02014344572186e-07,3.89921887294136e-06
"ENSG00000253883.1",6.46321535023289,-1.52295714240966,0.355577059701658,-4.28305792192409,1.8434215833267e-05,9.67499530827433e-05
"ENSG00000253888.2",1.60916807931828,-3.81809872379594,0.776873291014149,-4.91469943420465,8.89187689054061e-07,6.48607824184371e-06
"ENSG00000253891.2",3.13018238649402,-1.31620501254246,0.330821848339827,-3.97859155659643,6.93247154932052e-05,0.000315957663570293
"ENSG00000253901.1",0.329097025973461,-1.15750546082458,0.481088532061038,-2.40601341267831,0.0161276725816728,0.0367306881385
"ENSG00000253924.2",0.796241735905332,-1.91971664347733,0.54856401675546,-3.49953074726209,0.000466077848468111,0.0016913583810383
"ENSG00000253926.1",0.538424668197278,-1.66143312556155,0.592348746897131,-2.80482255472735,0.00503442869643349,0.0135290912634921
"ENSG00000253930.1",13.506666983939,-1.4033142571249,0.182652947862888,-7.68295433248811,1.5546101960314e-14,5.09563950847452e-13
"ENSG00000253931.1",10.2048946383442,-1.68580101947699,0.253685200610123,-6.64524779302287,3.02707377686776e-11,5.72650160738178e-10
"ENSG00000253932.1",0.691187075825723,-1.37273191468668,0.35071900181222,-3.91405058634849,9.07606082987407e-05,0.000399596652766129
"ENSG00000253939.1",0.359581700708714,-1.2568544060559,0.481712935413933,-2.60913567740482,0.00907712446073943,0.0224708706198852
"ENSG00000253974.6",0.75214309502069,-1.68096530644952,0.482100184219966,-3.48675516307738,0.000488918733126074,0.00176392711685642
"ENSG00000253988.1",7.65684584940806,-1.12172767724956,0.233369102630303,-4.80666748342677,1.53466923242015e-06,1.05690012655918e-05
"ENSG00000253992.1",0.682148236634669,-2.18547902584892,0.649129916983805,-3.36678216281233,0.000760507366329832,0.00260471422821594
"ENSG00000254002.2",1.91745188142688,-2.20821118288912,0.543979112327551,-4.05936759858432,4.92057988342554e-05,0.000232686750667164
"ENSG00000254006.5",4.11038894778511,-1.40932770471913,0.298452784881646,-4.7221127632567,2.33407203850891e-06,1.53957629050162e-05
"ENSG00000254035.1",4.69996784513706,-1.14305461902301,0.229414283096041,-4.98249107944374,6.27708853407812e-07,4.76073638053568e-06
"ENSG00000254041.1",0.536253674345755,-1.43194426922841,0.378667197190466,-3.78153766645955,0.000155862632901408,0.000644958457651166
"ENSG00000254054.3",4.01343901194119,-2.64036525719218,0.260948569183576,-10.1183358293668,4.58138788553044e-24,6.14231107414246e-22
"ENSG00000254056.1",13.5295897902826,-1.33231743733382,0.344079078048123,-3.87212568951222,0.000107890287717179,0.000465690740274315
"ENSG00000254067.2",1.85558215080069,-2.35431659427266,0.741612405860081,-3.17459170810695,0.00150047467244026,0.00472480705628927
"ENSG00000254092.2",0.891939880687291,-1.725797779131,0.340396654620759,-5.06996104604416,3.97897132576194e-07,3.16552539491135e-06
"ENSG00000254119.5",0.814882910819839,-1.60338823290834,0.386197545815447,-4.15173076649885,3.29970312245743e-05,0.000162664287955848
"ENSG00000254135.3",0.39914565647267,-1.2142262468254,0.495067995770001,-2.45264540871171,0.0141810051610233,0.0329434316976386
"ENSG00000254139.1",6.12651702467422,-3.57968348976071,0.389371078165143,-9.19350123956167,3.80258378261117e-20,3.05102291839547e-18
"ENSG00000254141.1",0.36002450763104,-1.40525358985905,0.539451443059495,-2.60496770921432,0.00918829190027058,0.0227169814314873
"ENSG00000254166.3",16.9767240742238,-1.09194233435831,0.205850785730219,-5.30453323500727,1.1296166235639e-07,1.01807937765673e-06
"ENSG00000254192.1",0.704122455633198,-1.43215358530866,0.365378956616717,-3.91963893752915,8.86817259260178e-05,0.000391771884878524
"ENSG00000254200.1",0.727374400994238,-1.16575870676158,0.336967754408273,-3.45955567412881,0.000541067410031371,0.00192979007085933
"ENSG00000254233.1",2.66674932757412,-1.43439631985533,0.268787682830188,-5.33654036804038,9.47367877859996e-08,8.6651636750918e-07
"ENSG00000254254.6",0.862952798638959,-1.64595767023663,0.392419813034729,-4.1943796300901,2.73619401587991e-05,0.000137660931712869
"ENSG00000254275.6",2.17058526148705,-1.43810480047288,0.248683265802042,-5.78287725084667,7.34336474974657e-09,8.66321106241746e-08
"ENSG00000254285.3",3.40595593076587,-1.20150622661843,0.213020463341859,-5.64033242520102,1.69722174721907e-08,1.84177363597699e-07
"ENSG00000254287.1",1.632354751022,-1.61900843924996,0.38292988074471,-4.22795013045562,2.35830043783939e-05,0.000120708968962415
"ENSG00000254300.1",0.709863519442532,-2.01423759844351,0.453308721934813,-4.44341240522869,8.85432140255607e-06,5.0432137334937e-05
"ENSG00000254303.1",0.609111336914735,-2.28048993193062,0.524980332185233,-4.34395308189559,1.39941415412879e-05,7.57481070395823e-05
"ENSG00000254305.1",0.341127664038304,-1.82144779973794,0.680676954874893,-2.67593575291926,0.0074520928958617,0.01898981514027
"ENSG00000254306.1",1.47528197716623,1.49821577524974,0.31744868450026,4.71955263449362,2.36363883194984e-06,1.55605704125904e-05
"ENSG00000254310.1",0.752089738238418,1.5099475589951,0.304029094265118,4.96645744593903,6.81870067986762e-07,5.12290017455998e-06
"ENSG00000254319.6",5.85741258644929,-1.95744045696041,0.264531233717993,-7.3996572330932,1.36536468850282e-13,3.88148339148797e-12
"ENSG00000254321.2",7.42522348963558,1.09330459654773,0.232608055089592,4.70020092866789,2.59905635516966e-06,1.69605872560153e-05
"ENSG00000254337.2",14.7190756243495,-1.60050429703371,0.339046539151672,-4.72060355206198,2.3514585886382e-06,1.54981480908628e-05
"ENSG00000254338.1",8.85030735704818,-1.72862057346221,0.269374877105822,-6.41715586855983,1.38843750310827e-10,2.33062356640492e-09
"ENSG00000254364.1",0.494443548471379,-1.09445901521183,0.445269358059128,-2.45797065394852,0.0139724591135499,0.032506204627896
"ENSG00000254366.7",1.68834024290917,-1.34372615815085,0.378075891587555,-3.55411754108015,0.00037924967420678,0.0014139195334932
"ENSG00000254394.2",2.65792695717677,-1.01565752754142,0.430142045660758,-2.36121424954221,0.0182152036857288,0.0407876890030849
"ENSG00000254395.1",79.4045366418112,-1.45263347163405,0.326306329704911,-4.45174775784371,8.51741838615813e-06,4.87134915323386e-05
"ENSG00000254396.1",1.47268513945599,-1.51999931470564,0.290918435648488,-5.22482980948734,1.74315365159597e-07,1.50340220102992e-06
"ENSG00000254416.6",1194.81467584654,1.37322194556289,0.233138933814592,5.89014422899854,3.858587084546e-09,4.81593382606309e-08
"ENSG00000254417.1",6.85463144758239,-3.16980943065146,0.333874741856394,-9.49400788159907,2.22318239744493e-21,2.09999788187741e-19
"ENSG00000254432.1",2.44560701331028,-1.08511681716919,0.238724305740326,-4.54548108875656,5.48099184753722e-06,3.29477846640645e-05
"ENSG00000254456.6",0.540697340255564,-1.33338531608885,0.519998532616282,-2.56420976686251,0.0103411025380216,0.0251315571990123
"ENSG00000254458.1",1.62845638894846,-1.20933584725378,0.234225669519973,-5.1631225976735,2.42863961583296e-07,2.02729704184072e-06
"ENSG00000254475.1",1.07526997852157,1.91305587287916,0.417580893581201,4.5812820995536,4.62133957701358e-06,2.83375797432633e-05
"ENSG00000254486.1",2.40416948454872,-2.49116073995887,0.359520133058036,-6.92912721957835,4.23444881436712e-12,9.49768816096742e-11
"ENSG00000254510.2",6.13752609621881,-1.39760257962601,0.196499938174488,-7.1124835590786,1.13973116882251e-12,2.80127184143117e-11
"ENSG00000254521.7",68.9070004233475,-1.13826855423161,0.246682356581632,-4.61430874102636,3.9440577377596e-06,2.46204457339688e-05
"ENSG00000254528.7",4.1218300564603,-1.25035330424432,0.228267810849994,-5.477571715383,4.31202265047015e-08,4.27010448889303e-07
"ENSG00000254530.2",0.481357546845036,-1.34614462760168,0.446263368424371,-3.01648022860252,0.0025572789451578,0.0075161323469803
"ENSG00000254535.4",71.4938672661513,-1.09788022221195,0.19053083644756,-5.76221803610318,8.30156569861584e-09,9.67553767711362e-08
"ENSG00000254545.1",2.65136440354809,-1.62973296559646,0.304583357958782,-5.35069603447277,8.76165828447337e-08,8.09338280415039e-07
"ENSG00000254548.1",0.49443322292491,-1.05749480806056,0.418353660833826,-2.52775320754419,0.0114795013473122,0.0274573011646535
"ENSG00000254558.1",1.15134087538985,-1.58314342991258,0.397344628637288,-3.98430811897984,6.76770154761243e-05,0.000309165983426981
"ENSG00000254560.6",11.394742424141,-1.03017883117708,0.24068028425767,-4.28027926904963,1.86658937305614e-05,9.7891719271873e-05
"ENSG00000254605.1",9.64247003645353,-1.14639315599353,0.201827580939685,-5.68006191550263,1.34645992330471e-08,1.49790062452865e-07
"ENSG00000254620.1",1.89705727022082,-2.57488578243784,0.37178775018506,-6.92568752239999,4.3386319139358e-12,9.72087437234501e-11
"ENSG00000254626.1",23.3844280858783,1.31413435443378,0.339283386332081,3.87326467305282,0.000107387095513391,0.000463807800449712
"ENSG00000254639.1",3.04173474574917,-1.54477436212185,0.275837142120571,-5.6003131059363,2.13964981362672e-08,2.26453082643122e-07
"ENSG00000254645.2",76.719065208096,1.53056397811804,0.301806502877622,5.071341947654,3.95020257984135e-07,3.14512289633488e-06
"ENSG00000254656.3",19.5119392199951,-3.3517050129774,0.42740905375318,-7.84191393126862,4.43730480115618e-15,1.59673820039527e-13
"ENSG00000254659.3",11.6337467883328,1.41615159721501,0.246950716204714,5.73455148856935,9.7770721190955e-09,1.12407931234813e-07
"ENSG00000254670.1",2.15265786784927,-1.54807261759047,0.35867977201383,-4.31602989178542,1.58860476564236e-05,8.48767081496695e-05
"ENSG00000254697.1",1.95615467521031,1.42164449644966,0.311616328496054,4.56216303975761,5.06293069832696e-06,3.07414938909956e-05
"ENSG00000254709.8",92.5243386294918,-1.57900874045949,0.31226843354763,-5.05657495546583,4.26853144998147e-07,3.3708665043536e-06
"ENSG00000254710.2",0.292570222567096,-1.21319882945714,0.398042991403724,-3.04790903409381,0.00230439672712912,0.00686807721570029
"ENSG00000254717.2",1.51401225283783,-1.67333256965803,0.457410396421879,-3.65827401989062,0.000253919487323117,0.000994093919135211
"ENSG00000254726.3",1480.73615800465,-1.50862449140451,0.175930334006446,-8.57512435205876,9.89797949910046e-18,5.50709268998144e-16
"ENSG00000254750.1",7.09736748247194,-1.2562736335727,0.262752084315114,-4.78121281833895,1.74240782350269e-06,1.18717957312162e-05
"ENSG00000254760.1",1.27398399042722,-1.1481999064352,0.282550216269767,-4.06370209725462,4.8300464204349e-05,0.000228796887766258
"ENSG00000254764.2",4.30152683123244,-1.72926705370978,0.530232142226355,-3.26133954544679,0.00110887170110451,0.00362147773387597
"ENSG00000254768.6",20.9814078655045,-2.48851964196973,0.487694264477043,-5.1026223255633,3.34979084623289e-07,2.70762013006862e-06
"ENSG00000254777.5",4.21245220778945,-1.37560737477095,0.225795893357134,-6.09226037869166,1.11327411990058e-09,1.55163980453749e-08
"ENSG00000254786.1",0.810128564121122,-1.01595872508647,0.293956785258944,-3.45614993779278,0.000547950429111167,0.00195149235087561
"ENSG00000254802.1",5.16694681974723,-1.07546512200558,0.234288810305063,-4.59033925096652,4.42526157533112e-06,2.72983722913305e-05
"ENSG00000254831.1",0.394778393201049,-1.40702164584892,0.554969566953888,-2.53531315883097,0.0112346842416874,0.0269780417409876
"ENSG00000254838.5",350.298616460711,-1.14432561425686,0.202418087830288,-5.65327746409842,1.57416881409747e-08,1.72082073254916e-07
"ENSG00000254842.6",3.97160000880429,-1.01216306046603,0.206429267450289,-4.90319552536209,9.42900458385134e-07,6.8297017865812e-06
"ENSG00000254887.1",10.1701502603596,-1.1852182505981,0.205964746855767,-5.75447142625863,8.6913303812425e-09,1.00789361971317e-07
"ENSG00000254919.1",20.7249650455632,-2.47651461787987,0.370403703146193,-6.68598773944338,2.29372230487672e-11,4.4526710151932e-10
"ENSG00000254932.2",17.9340582787733,2.1440577130032,0.316760452169359,6.76870391590695,1.29941151978105e-11,2.64606279202057e-10
"ENSG00000254965.1",1.88487282820207,-1.1883118705703,0.260770613150091,-4.5569240192197,5.19081907153494e-06,3.14226247167262e-05
"ENSG00000254980.1",0.599834508560734,-1.29627461266736,0.368156395062787,-3.52098898742827,0.000429940471934323,0.00157882893572489
"ENSG00000254991.1",0.770688192195292,-1.75570913286775,0.354928059065904,-4.94666197281896,7.54969103441413e-07,5.60817171201468e-06
"ENSG00000255002.2",4.63266710841168,-1.72656524134509,0.24512241780406,-7.04368558703282,1.8722034884514e-12,4.46172714375098e-11
"ENSG00000255026.1",73.2210495257878,-1.3079367905824,0.176413934674859,-7.41402198750915,1.22525592759465e-13,3.50716851671411e-12
"ENSG00000255028.5",19.1499223779117,1.37864027133514,0.279382845318464,4.93459170610009,8.03186007099218e-07,5.91309848319185e-06
"ENSG00000255029.2",0.388967156531692,-1.97793073161837,0.619272493932539,-3.19395863855991,0.00140336222476289,0.00445512838264552
"ENSG00000255051.1",0.88377434490929,-1.40605167917518,0.569510469125433,-2.46887766845512,0.0135537544273146,0.0316579263520317
"ENSG00000255082.1",0.658465488634917,-1.69669962027709,0.478710194436307,-3.54431478584867,0.000393634964305825,0.00146125905559831
"ENSG00000255083.2",0.55028948355976,-2.31395310276425,0.68349903210203,-3.38545190861197,0.000710611599933592,0.00245935875730202
"ENSG00000255091.1",0.902726563030014,-2.17536751926472,0.332432211876664,-6.54379281413259,5.99778765950255e-11,1.07726901773658e-09
"ENSG00000255102.1",1.27235295543743,1.0594963501146,0.315997156398174,3.35286672257131,0.000799792093581544,0.00272288327272576
"ENSG00000255109.6",0.406246834264591,-1.46824914815142,0.538887273903223,-2.72459421339963,0.00643805592833347,0.0167498266349543
"ENSG00000255133.2",1.5874678768417,-1.61414856156239,0.265982913118337,-6.068617501171,1.29016007386147e-09,1.77613888671184e-08
"ENSG00000255151.2",0.881195134270299,-1.39452328253785,0.430950356663275,-3.23592557930626,0.00121248991376284,0.00391405870258728
"ENSG00000255160.5",1.93987668173099,-1.59376547744688,0.308327093514021,-5.16907372389058,2.35257086222805e-07,1.96973308170674e-06
"ENSG00000255163.1",1.21117425834736,-1.40237697516618,0.302073213594376,-4.64250688923807,3.44207158078962e-06,2.18211377426446e-05
"ENSG00000255186.1",0.495427002027645,-1.45896302933269,0.355715551139276,-4.10148790138627,4.10501973997911e-05,0.000197605779978008
"ENSG00000255187.2",0.684040861731163,-1.45557252609204,0.439123654030139,-3.31472129258639,0.000917345379169479,0.00306805412803105
"ENSG00000255191.1",1.21649288229146,-1.37809083715562,0.347050005553802,-3.97087109955968,7.16103180203919e-05,0.000325168582712065
"ENSG00000255221.3",5.74915947968059,-1.1443558732469,0.257513639198338,-4.44386509704642,8.83570183604018e-06,5.03398820712134e-05
"ENSG00000255240.6",5.91205895217971,-1.18304031470391,0.231096078463802,-5.11925742127736,3.06741035934696e-07,2.50024925191563e-06
"ENSG00000255241.1",5.82255118225162,1.34372684932881,0.209106640840351,6.42603622691601,1.30974201702841e-10,2.21102752687793e-09
"ENSG00000255248.9",1293.91969265489,-1.59122591731161,0.200736712474525,-7.92693024457871,2.24629380344023e-15,8.42603457207425e-14
"ENSG00000255258.2",0.591700329264784,-2.02906149661936,0.677606344868422,-2.99445468889959,0.00274935888554141,0.0080076281710492
"ENSG00000255274.9",9.76687922796704,-1.24711703423412,0.230208709910722,-5.41733210145596,6.04949124072079e-08,5.78662727150374e-07
"ENSG00000255277.3",3.38752881411672,-1.55760545684327,0.285160672440259,-5.46220291709262,4.70262097630261e-08,4.61730056737748e-07
"ENSG00000255293.1",0.461739992373653,-1.12911082324906,0.363637082996294,-3.10504862140413,0.00190247748471342,0.00580762168341236
"ENSG00000255325.2",3.13499270030256,-3.47148146793309,0.43194208541092,-8.03691417248812,9.21291523578046e-16,3.70674910967578e-14
"ENSG00000255332.8",0.376836935861097,-1.79796336958847,0.7452874073649,-2.4124429741078,0.0158460160694433,0.0361744545687248
"ENSG00000255342.1",0.594192949397065,-1.4851331208912,0.308125654995181,-4.81989440611308,1.43634225625956e-06,9.94622739997665e-06
"ENSG00000255364.1",4.21569942825683,-2.39792377582513,0.365461498894182,-6.56135812686371,5.33198909372899e-11,9.64352178910201e-10
"ENSG00000255366.1",4.47297997872841,-1.08369997938325,0.269903536876128,-4.01513811907036,5.94109922586076e-05,0.000275062900774451
"ENSG00000255372.1",8.41665378564985,-1.93844082927094,0.608997080378958,-3.18300512715877,0.0014575503326095,0.00460464479506812
"ENSG00000255375.3",5.16263709158714,1.21092654326187,0.330913950165769,3.65933966414914,0.0002528659953735,0.000990445433956595
"ENSG00000255388.6",0.51535184828514,-1.38725739849754,0.52442891598538,-2.64527251684995,0.00816251498319112,0.0205252124542821
"ENSG00000255395.1",2.24733880217465,1.58779819384766,0.315482041909761,5.03292733949601,4.83046248898611e-07,3.76102813726566e-06
"ENSG00000255425.6",3.93135748507002,-2.16380515227699,0.505982412231175,-4.27644340983217,1.89902801295746e-05,9.94298340571152e-05
"ENSG00000255438.2",0.967862144436012,-1.2407003004508,0.26454825819432,-4.6898827038939,2.73361706240657e-06,1.7785760709788e-05
"ENSG00000255442.1",2.02440386531662,-1.71613684455832,0.50647306231023,-3.388406950471,0.000702998769246079,0.00243646054431334
"ENSG00000255446.1",2.59950805259044,1.46329240481301,0.253977338407536,5.76150775493594,8.33658322782353e-09,9.71362691659101e-08
"ENSG00000255480.1",13.8579873702954,1.28596774991164,0.247834519353999,5.18881612320844,2.11635243642672e-07,1.79253800617011e-06
"ENSG00000255494.1",283.176934933446,1.4345308464154,0.289339972683422,4.95794215058208,7.12437684289568e-07,5.32847490272503e-06
"ENSG00000255502.6",0.777163208690709,-2.09672194667181,0.762302174997661,-2.75051287460677,0.00595020533077033,0.0156342416207786
"ENSG00000255608.1",0.319968362529328,-1.71872979279519,0.590484208999858,-2.91071254167205,0.00360605612636813,0.0101424446588693
"ENSG00000255624.3",24.6358272656754,-1.45566733333422,0.191451399900302,-7.60332561732251,2.88616076017622e-14,9.0531783784486e-13
"ENSG00000255639.3",8.92602688237394,-2.65116303304074,0.336259835502269,-7.8842691071942,3.16381813297409e-15,1.16264022318894e-13
"ENSG00000255649.2",1.06422072988289,-1.82527353839061,0.333030529688498,-5.48079943330688,4.23408259024965e-08,4.19592133085255e-07
"ENSG00000255652.4",2.7284501985775,-1.07387017716038,0.234581156006212,-4.57781944399634,4.6984796072122e-06,2.87554424142178e-05
"ENSG00000255666.7",1.68144666415689,-2.48199013393454,0.335941582092964,-7.38815992492324,1.48874620811781e-13,4.21493664181147e-12
"ENSG00000255690.3",1642.6028907213,-2.53855340860399,0.223352492688326,-11.3656820125414,6.1978492983727e-30,1.47197150022266e-27
"ENSG00000255693.3",1.89521623262848,-1.22200009042416,0.299601429259317,-4.07875253948295,4.52780003203394e-05,0.000215758340898182
"ENSG00000255727.2",0.554285702608729,-1.72360073793183,0.409808923613864,-4.2058643397328,2.60086218410071e-05,0.000131665084160285
"ENSG00000255733.6",17.4274376362758,-1.399620580895,0.278437329384789,-5.02669876911792,4.9899524098857e-07,3.87794319483301e-06
"ENSG00000255774.2",3.18837776824588,1.53511133948563,0.391980703375167,3.91629313960481,8.9920902229726e-05,0.000396403536112842
"ENSG00000255776.1",0.512478314066168,-1.14682866862718,0.302498598656405,-3.79118671531371,0.000149929183749761,0.000622824261370072
"ENSG00000255815.3",2.1795328044804,-1.23449377165056,0.225105629301621,-5.48406441669412,4.1566330162876e-08,4.12802822993896e-07
"ENSG00000255819.7",11.3988804243214,-2.23700550389201,0.26562958621497,-8.4215223754542,3.71623332306852e-17,1.87672040550879e-15
"ENSG00000255836.1",25.7952393412966,-2.58557708714446,0.264913702149427,-9.7600730583805,1.67034848186986e-22,1.84635701073072e-20
"ENSG00000255920.3",7.76051842021021,-1.90839575652045,0.227159930586487,-8.40111084553209,4.42274668802747e-17,2.19878227090667e-15
"ENSG00000255929.5",0.299178266177051,-1.35117317104742,0.538598538060959,-2.50868332452564,0.012118206882593,0.0287801883103754
"ENSG00000255933.1",11.8615311993837,1.77718322254942,0.213210537252006,8.33534423511566,7.72730437520469e-17,3.68728156650123e-15
"ENSG00000255974.8",3.73886047846919,-1.10505671262983,0.253540853279431,-4.35849567569267,1.30959509601976e-05,7.13173367148496e-05
"ENSG00000255980.1",6.90026284714472,1.32694995572648,0.389974847111681,3.4026552367529,0.000667344320533347,0.00232451933037269
"ENSG00000255983.1",6.8166130931356,-1.26751978515507,0.410679459033134,-3.08639684132049,0.00202598232101006,0.00612659176555735
"ENSG00000256008.3",1.04948332737769,-1.86023799875365,0.362383618505438,-5.13333910187703,2.84646378679808e-07,2.34164291020105e-06
"ENSG00000256037.1",3.59734028822631,-1.05235092981714,0.188753501309707,-5.5752657434971,2.47152285705259e-08,2.58158916775119e-07
"ENSG00000256041.1",0.604895531083295,-1.19067996394719,0.461657117362781,-2.57914352268402,0.00990456260859325,0.0242092114289786
"ENSG00000256069.7",11.8499012718861,-1.18614752654011,0.199411043431418,-5.94825394887446,2.71017896940275e-09,3.49164470943327e-08
"ENSG00000256083.1",12.7883473698083,-1.29633663858465,0.213277025054973,-6.07818229952576,1.21552521907357e-09,1.68118666073663e-08
"ENSG00000256084.1",8.48215263990362,-1.67524911192995,0.293012114685758,-5.71733736581703,1.08206154577361e-08,1.23314071745113e-07
"ENSG00000256120.2",0.509198287471187,-1.53133713291841,0.459580834904198,-3.33203000781706,0.000862149593728612,0.00290542945062422
"ENSG00000256155.1",1.30874502585013,-2.0884722856667,0.30620257491441,-6.82055755491431,9.0687845168397e-12,1.90265937450223e-10
"ENSG00000256162.2",1.23087215892609,-1.49713019117449,0.267549148135547,-5.59572026899525,2.1970770413959e-08,2.32058236326547e-07
"ENSG00000256171.1",0.580328629869809,-1.08971367054054,0.27693564157603,-3.93489860799073,8.32318257801682e-05,0.000371048068548252
"ENSG00000256195.3",0.871646365551115,-1.05697974844227,0.260741954871215,-4.05373868184862,5.04055205847542e-05,0.000238035933023924
"ENSG00000256209.2",13.9393426022926,-1.73170240347661,0.333207173616236,-5.19707419466023,2.02449576444295e-07,1.72175348806584e-06
"ENSG00000256218.1",0.526045641965765,-1.15954055246717,0.44420055319604,-2.61039871320337,0.00904367485189507,0.0224000723596223
"ENSG00000256232.1",0.819879679352668,-1.63725747438119,0.351733737463488,-4.65482067824428,3.24262795520322e-06,2.07179251459118e-05
"ENSG00000256288.1",0.520941695413293,-1.64247672258264,0.393620436762466,-4.17274249297632,3.00955017627671e-05,0.000149794759474237
"ENSG00000256340.8",1.61075268323047,-2.20093267084606,0.330043288105119,-6.66861817879194,2.58223076337799e-11,4.97094372336804e-10
"ENSG00000256424.2",0.324403031484919,-1.38467753088538,0.568215254192412,-2.43688904982563,0.0148142239669441,0.0341813566043485
"ENSG00000256443.1",2.51907305513019,-1.2338884097961,0.236407530591864,-5.21932785604149,1.79573634096855e-07,1.54435167083196e-06
"ENSG00000256482.1",0.563516580662696,-1.14625471743351,0.402115746079556,-2.85055914524354,0.00436424328123161,0.0119411902076727
"ENSG00000256552.2",1.45907748799556,-1.046354357602,0.243057594065789,-4.30496467976549,1.67012379710991e-05,8.87189228725485e-05
"ENSG00000256564.1",0.53096094669237,-1.29832201804446,0.419298018739724,-3.0964182038036,0.00195873894207001,0.00595618290242272
"ENSG00000256568.2",0.803378951048822,-1.15158653333875,0.321209688688307,-3.58515503701453,0.000336878021112733,0.00127528229469782
"ENSG00000256574.8",2.66628210589181,-1.63900050216553,0.25243267674226,-6.49282225786874,8.42430601432359e-11,1.47113868305595e-09
"ENSG00000256577.2",1.86362442436369,1.56329550902446,0.361083832434907,4.32945307598693,1.49480115996933e-05,8.03400049277709e-05
"ENSG00000256582.1",1.5716368941017,-1.26582202612825,0.300275293057177,-4.21553839225533,2.49182993997332e-05,0.000126794118468623
"ENSG00000256597.3",2.63736539126226,-1.99664478834684,0.506361187136185,-3.94312368141645,8.04271507791302e-05,0.000360516958658565
"ENSG00000256654.4",1.41954603102549,-1.28073110646168,0.310788970145654,-4.12090270083091,3.77390794232685e-05,0.000183258747399215
"ENSG00000256670.1",0.773909242317606,1.06016562896102,0.243925520668048,4.34626777082407,1.3847351071468e-05,7.50161112138104e-05
"ENSG00000256686.1",1.18868048562242,-1.46133633264557,0.33940962772966,-4.30552410201378,1.66590850462274e-05,8.85402676075834e-05
"ENSG00000256706.1",0.799301234286903,-1.52868545828044,0.325846789995762,-4.69142402262218,2.71310023980815e-06,1.76604341686619e-05
"ENSG00000256751.6",63.3199297415736,-1.41346654656548,0.202869648463802,-6.96736331564989,3.22935942593377e-12,7.3868264425239e-11
"ENSG00000256797.1",0.475574964364102,-1.09914051840924,0.422184628748555,-2.60345934826506,0.00922882115369039,0.0227961645542422
"ENSG00000256802.2",32.4588098614685,-2.5179494331217,0.258733109333136,-9.73184081315109,2.20564796553322e-22,2.40606668618088e-20
"ENSG00000256812.2",20.7101524619798,1.401430935087,0.26151523123422,5.35888838471453,8.37355643820696e-08,7.77523091418732e-07
"ENSG00000256875.2",0.640690801837613,-1.46280863588748,0.407478649085639,-3.58990253641497,0.000330801625376901,0.00125525218240799
"ENSG00000256916.1",1.10766609810547,-1.02145911366916,0.389652311213664,-2.62146299219319,0.00875532675294474,0.0218041159150272
"ENSG00000256937.1",2.02566719284199,-1.44785778197692,0.268499379879076,-5.39240642801109,6.95203037628201e-08,6.56682469315984e-07
"ENSG00000256967.1",19.3684325080241,-1.32222506953017,0.159421079230313,-8.29391618670436,1.09579677205979e-16,5.08298051789611e-15
"ENSG00000256971.2",1.77668947805302,-2.1904671843038,0.68461852867966,-3.19954411477628,0.00137645120325618,0.00437872674395203
"ENSG00000256984.2",1.17865676343649,-1.94829658920896,0.3290601151135,-5.92079227996668,3.20394329329349e-09,4.06602415743096e-08
"ENSG00000256988.2",9.24958134815246,-2.4863562254991,0.306961276840341,-8.09990188694819,5.50035292017441e-16,2.30217188386998e-14
"ENSG00000257017.9",72.3801354100711,-2.63304458130211,0.3187563570093,-8.26036727865256,1.45224917136168e-16,6.62550823931221e-15
"ENSG00000257060.7",3.20755161925152,-1.22413410433794,0.271413301392548,-4.51022148898834,6.47599740480388e-06,3.81834876065341e-05
"ENSG00000257067.6",1.54199783329792,-1.64143279040072,0.294168232347532,-5.57991179843486,2.40640578997685e-08,2.51990520138619e-07
"ENSG00000257094.1",0.431051062460265,-1.33631175633396,0.333406273781064,-4.0080582203185,6.12200300875185e-05,0.000282400320809927
"ENSG00000257114.3",3.96675080752326,-1.6468625417719,0.289743694878055,-5.68385980742399,1.31688239976672e-08,1.46831837233912e-07
"ENSG00000257126.6",0.697175556147648,-1.76068199773588,0.506984968241806,-3.47284852219943,0.00051496591280323,0.00184731687104504
"ENSG00000257127.6",2.64129515650451,-1.34422487059647,0.213176095251034,-6.30570172051197,2.86891078114266e-10,4.52343208975157e-09
"ENSG00000257135.7",42.1215652346922,-1.12220825143563,0.132848237392361,-8.44729499964114,2.98129727013556e-17,1.5240919697586e-15
"ENSG00000257138.1",0.859592325922034,-2.42311497636831,0.562496514818278,-4.30778664851129,1.64896323795436e-05,8.78193363606601e-05
"ENSG00000257139.1",2.1001065109231,-2.67044330665128,0.461000597466271,-5.79271116204283,6.92591620908118e-09,8.2202712539732e-08
"ENSG00000257185.2",7.06811238563401,-1.57986861007133,0.452178785051865,-3.4939025498291,0.000476014740544197,0.00172365609396218
"ENSG00000257191.1",0.682893408582479,-1.50665597809812,0.54795397996244,-2.74960312944783,0.00596674834450043,0.0156709236051922
"ENSG00000257194.2",4.05972313925985,-1.22572871847652,0.235758456369202,-5.19908696957622,2.00269811486056e-07,1.70565858708678e-06
"ENSG00000257219.6",19.7866556453727,-1.24409217231486,0.233059925049725,-5.33807848796581,9.39367955107582e-08,8.60145647723757e-07
"ENSG00000257221.4",18.9393946640317,-1.1480500339805,0.194792366621928,-5.89371161657864,3.77615962767775e-09,4.71901117702694e-08
"ENSG00000257225.1",1.43535217555082,-1.23007504648944,0.24764006830265,-4.96718909391562,6.79303429017554e-07,5.10730989812366e-06
"ENSG00000257226.2",4.3415572634439,-1.63936900227682,0.25681165775898,-6.38354588955374,1.73033710722768e-10,2.8617696319378e-09
"ENSG00000257239.1",0.483445558448877,-1.26529453258375,0.402411305478333,-3.14428177180493,0.00166495040563922,0.00517324767924251
"ENSG00000257259.3",20.6805498786045,-1.87577295291533,0.331591285890978,-5.65688253198566,1.54147186161256e-08,1.68926049295453e-07
"ENSG00000257275.6",6.36220238003086,-1.17295494038575,0.40957896036124,-2.86380662559236,0.00418583463958287,0.0115251182040638
"ENSG00000257283.1",8.37100925334875,-1.04784015854831,0.175473281761059,-5.97150830047818,2.35070099196784e-09,3.06461212760876e-08
"ENSG00000257329.1",0.341548536267457,-1.41876563956453,0.618598476088989,-2.29351622159579,0.0218183025354818,0.0474522391407481
"ENSG00000257345.2",2.76112558797943,-1.07420872255852,0.318835532937805,-3.36916250413049,0.0007539696270026,0.00258487879546994
"ENSG00000257434.1",1.73835292604844,-2.65790323907729,0.585738418737707,-4.53769661345622,5.68719987819245e-06,3.40641881160736e-05
"ENSG00000257474.5",0.431509737115359,-1.01054484926282,0.396363827511647,-2.54953852778892,0.0107865591892856,0.0260655477506251
"ENSG00000257501.6",0.857633329453769,-1.19968482661332,0.384100265643511,-3.12336369932835,0.00178796657025912,0.00550047865233971
"ENSG00000257524.6",5.75866692689194,-1.22259618954432,0.177360077414393,-6.89329981903302,5.45128115862888e-12,1.19939728700335e-10
"ENSG00000257612.2",1.295619164107,-1.68012284363402,0.359119615783104,-4.67844910106151,2.89052901001938e-06,1.86807909678783e-05
"ENSG00000257662.1",0.600010034913304,-1.93451322285395,0.483766309127662,-3.99885892496794,6.36486023354921e-05,0.000292563947165198
"ENSG00000257671.1",1.12079356696084,-2.20900294202003,0.543965041626103,-4.06092813504439,4.88780164016185e-05,0.000231295470532172
"ENSG00000257680.1",0.77638976617751,1.36951554145221,0.505947970725993,2.70683078239659,0.00679288722657937,0.0175477642433397
"ENSG00000257726.1",1.45532710682485,-1.0487231198866,0.435828356033925,-2.40627555634533,0.0161161035051469,0.036708362683231
"ENSG00000257743.8",88.1237269822592,-2.85742087829733,0.350616667729612,-8.14970063117737,3.64826288054768e-16,1.56157674398891e-14
"ENSG00000257761.3",9.06476980331045,-1.06126772973629,0.299461700399623,-3.54391806471432,0.000394227740541951,0.00146280629875945
"ENSG00000257826.1",16.1781859823748,1.98465325085705,0.376848691677433,5.26644590969107,1.39090203159162e-07,1.22709977153494e-06
"ENSG00000257829.1",1.67955308341037,-1.6759131942903,0.389193343793723,-4.30611987850068,1.66143043009279e-05,8.83700685123067e-05
"ENSG00000257842.6",15.4834692248513,-1.00773246859846,0.441563983369363,-2.28218900669602,0.0224781838544813,0.0486531755733752
"ENSG00000257845.1",0.443357443934035,-1.12174622764532,0.488265147338773,-2.29741203884663,0.0215952756521269,0.0470533602439685
"ENSG00000257869.1",5.00480191269107,-1.82407062574719,0.465504563925812,-3.91848064896286,8.91088816834778e-05,0.000393240957796634
"ENSG00000257893.3",0.50032324142601,-1.46118509521451,0.472028164637552,-3.09554642006688,0.00196450620188776,0.00596629936155347
"ENSG00000257894.2",5.88661860307262,-1.12000997301132,0.240547224651779,-4.65609185320124,3.22268201324705e-06,2.05999861326629e-05
"ENSG00000257906.3",5.84739311447765,-1.02953211577183,0.244010352776883,-4.21921489828428,2.45154516784458e-05,0.000124989107293862
"ENSG00000257925.1",1.06637030206109,-1.03920775366566,0.41955425548562,-2.47693293555756,0.0132516799454582,0.0310465795881134
"ENSG00000257958.1",2.27346247394452,-1.87326699688677,0.537291559954181,-3.48649994994621,0.000489385475340681,0.00176484504348021
"ENSG00000258018.2",2.25031799498081,-1.32038312193257,0.276788353360472,-4.77037095637106,1.83886958609717e-06,1.24534948244046e-05
"ENSG00000258035.2",5.0850731663337,1.06139086467141,0.196858714721039,5.39163768378488,6.98184330611503e-08,6.59348719583624e-07
"ENSG00000258053.1",3.15322832445695,-1.84557371384354,0.582720375697219,-3.16716866410469,0.00153931011714711,0.00483172019400863
"ENSG00000258065.1",2.51176191532084,-1.32348834452748,0.533546022704689,-2.48055142050981,0.0131179341757457,0.0307835571233889
"ENSG00000258068.2",0.371655025184865,-1.01435033704033,0.400767306225698,-2.5310206728018,0.0113731145254329,0.0272537699438446
"ENSG00000258081.4",12.3400347873222,-1.13354357390044,0.338462914899336,-3.34909239388184,0.000810767538905954,0.0027554308538856
"ENSG00000258083.2",0.684979987193348,-1.31774862480225,0.370082821033661,-3.56068574359035,0.000369887553285583,0.00138294126327609
"ENSG00000258086.1",1.442823286063,-1.77507439551756,0.231702144768684,-7.66101840485626,1.84464417919611e-14,5.98961729498036e-13
"ENSG00000258116.1",10.5893589503261,-1.06249607361964,0.281850883201476,-3.76970993154607,0.000163437386659722,0.000672153637873677
"ENSG00000258123.1",0.974783679855351,-1.49306729802616,0.395593398383543,-3.77424725520464,0.000160491525011197,0.000661216173921031
"ENSG00000258137.5",1.32680772294493,-1.52214634729266,0.249693674312235,-6.09605490201268,1.08718087960795e-09,1.51883736868119e-08
"ENSG00000258170.1",0.521653219575737,-1.58084926063933,0.407625725231866,-3.8781881583654,0.000105237312012042,0.000455516888340395
"ENSG00000258175.1",0.78159250759288,-2.00087606170902,0.521094460400779,-3.83975692270864,0.00012315618709667,0.000523804487117456
"ENSG00000258181.1",5.79443596211588,-1.3497284749923,0.225043929914864,-5.99762222203866,2.002276558891e-09,2.63934723566849e-08
"ENSG00000258231.5",0.624639906263838,-1.1422691355252,0.367366884651234,-3.1093415962346,0.00187504796551685,0.00573484020478412
"ENSG00000258240.6",4.66471675850925,-2.84708217050847,0.420070867444904,-6.77762347059664,1.2216873526461e-11,2.50126944584617e-10
"ENSG00000258294.5",1.48149961814397,-1.70290081587644,0.466035242491958,-3.65401725150823,0.000258168909799258,0.0010085143393704
"ENSG00000258312.1",0.58834120157368,-1.25099319602387,0.514514865610701,-2.43140340471797,0.0150404581958371,0.0346226266150862
"ENSG00000258331.1",0.587756623134556,-1.61634086310034,0.379563679498649,-4.25841815327354,2.0587857104935e-05,0.000106745573477459
"ENSG00000258343.2",0.770367464343664,-1.44449962807644,0.33070510016155,-4.36793876892374,1.25424643516034e-05,6.86811466905587e-05
"ENSG00000258386.1",0.494954312628269,-1.52591512409206,0.387604373260641,-3.93678510708128,8.258049438471e-05,0.000368737699572122
"ENSG00000258412.1",0.303548147872193,-1.4051152935541,0.600492699488058,-2.33993734603603,0.0192869751494484,0.0427842261507993
"ENSG00000258416.1",0.750179340385211,-1.20880444744832,0.426031231747467,-2.83736110728345,0.00454881330959158,0.0123852484128021
"ENSG00000258422.5",0.802253762233161,-2.53292221313685,0.531828841142654,-4.76266425809999,1.91053568095204e-06,1.289838787066e-05
"ENSG00000258446.1",1.31971369769117,-1.04646776668283,0.283482221402119,-3.6914758234465,0.0002229565926119,0.000884885590349102
"ENSG00000258472.9",2.58184799543443,-1.12243471446588,0.408195196484274,-2.74974993369166,0.0059640760214144,0.0156667252940226
"ENSG00000258474.1",1.80055245075296,-2.0400323148566,0.310074736708309,-6.57916325758486,4.7310308289866e-11,8.64692626712143e-10
"ENSG00000258489.4",0.852891171331038,-2.09034250320448,0.358974549732496,-5.82309387883397,5.77680835371741e-09,6.95946263411645e-08
"ENSG00000258498.8",17.3515463128552,-1.59750255251344,0.232157990680139,-6.88110087373404,5.93917744313084e-12,1.29237744969322e-10
"ENSG00000258511.1",1.50847796470593,-1.35650234267129,0.502376208661899,-2.70017233953891,0.00693035656344814,0.0178463122360614
"ENSG00000258525.2",1.21655012172508,-2.31992711400405,0.321781351727972,-7.20963816438087,5.61007493741694e-13,1.46002463712538e-11
"ENSG00000258535.1",2.28570465757231,-1.44596327753156,0.296424080615696,-4.87802230685234,1.07154808918524e-06,7.66798927044026e-06
"ENSG00000258536.1",0.58515955693047,-1.64736922437481,0.455564648688591,-3.61610416681146,0.000299070067898132,0.0011491125230639
"ENSG00000258546.1",0.472801936686154,-1.48399859775618,0.420346899499275,-3.53041404498034,0.000414909806403392,0.00152930838717078
"ENSG00000258556.1",1.34672477244675,1.11532601328189,0.262003408861462,4.25691412996703,2.0726791807172e-05,0.000107425729029764
"ENSG00000258569.1",3.01780190732444,-1.4027245642356,0.194791205607215,-7.20116988784449,5.96981093148913e-13,1.54493948900717e-11
"ENSG00000258584.2",0.809954672737206,-1.49124153222954,0.396348247545091,-3.76245269523966,0.000168255140009893,0.000689714974759952
"ENSG00000258590.5",24.2763777194884,-2.51013343503129,0.23824992264649,-10.535715634862,5.91317929685655e-26,9.63778658572361e-24
"ENSG00000258592.1",5.52599707426163,-1.12357588269733,0.401931306822382,-2.79544256350713,0.00518287104489482,0.0138795416474174
"ENSG00000258602.1",1.3829233598333,-1.63821863397586,0.307121305659575,-5.33410936912245,9.60146422761794e-08,8.7704627742474e-07
"ENSG00000258604.1",0.897213366682351,-1.11018767572671,0.279233412522541,-3.97584109185747,7.01309453828488e-05,0.000319078527860094
"ENSG00000258628.1",3.71823815058915,-1.66371940698727,0.307404225027179,-5.41215530411195,6.22706444135244e-08,5.94007923597636e-07
"ENSG00000258636.2",27.3806113855059,-2.18030093576967,0.333714500435092,-6.53343181949547,6.42794633234963e-11,1.14863398780638e-09
"ENSG00000258642.1",3.43971570276365,1.08788363168269,0.204469558422076,5.32051636477361,1.03473140407663e-07,9.39600319340898e-07
"ENSG00000258654.1",5.16829500595452,-2.02558337962257,0.322963548760629,-6.2718637672757,3.56751666450316e-10,5.54499355310697e-09
"ENSG00000258657.5",123.850864359351,1.08490530068369,0.214784419263281,5.05113594554466,4.39190344432992e-07,3.45712672259925e-06
"ENSG00000258670.1",25.1152825033079,1.35394523683511,0.29023033070264,4.66507147463617,3.08509785042562e-06,1.98180582472009e-05
"ENSG00000258675.2",0.974049174409762,-1.6871247743491,0.372687026196226,-4.52692113156844,5.98492636791635e-06,3.56522158095656e-05
"ENSG00000258689.1",1.70700478480279,-1.00611974484349,0.320267609682182,-3.1414970306923,0.00168086513112692,0.00521772474269155
"ENSG00000258705.2",0.366120634933747,-1.07423854497677,0.428539124333471,-2.50674555479057,0.0121848389922938,0.0289122104474603
"ENSG00000258710.8",1.80159041476029,-2.16093977833655,0.529509159451816,-4.08102435956671,4.48376551053502e-05,0.000214028094807461
"ENSG00000258713.3",0.460585614244951,-1.37180355473849,0.425529270571447,-3.22375838657652,0.0012652009946032,0.00406527125919583
"ENSG00000258717.1",0.325417392632045,-1.89731439276948,0.685299316501126,-2.76859227360161,0.00562990409161727,0.0149218846920348
"ENSG00000258732.1",14.5865172009482,-1.32246032039885,0.302546891555876,-4.37109207633226,1.23626641829794e-05,6.78127291504541e-05
"ENSG00000258740.1",0.492335650883606,1.22670576711321,0.382741122102689,3.20505348464774,0.00135037385419983,0.00430532664377518
"ENSG00000258743.6",4.65074597651467,-2.11541204979626,0.419434667335241,-5.04348403825543,4.57130917043759e-07,3.58341666808237e-06
"ENSG00000258760.1",2.00598771446794,-1.69354752916662,0.298506961600098,-5.67339374629201,1.39995946830157e-08,1.55243104112994e-07
"ENSG00000258763.5",3.34222251473856,-1.60487468297477,0.459274900459584,-3.49436618759008,0.000475188752670028,0.00172131893111029
"ENSG00000258766.1",0.768772885381504,-1.99662620161083,0.534973011853856,-3.73219986311435,0.000189814798515618,0.000767719215249719
"ENSG00000258773.2",0.844118083861456,-1.63832384983226,0.493869339225381,-3.31732245699221,0.000908846575570544,0.00304312264977951
"ENSG00000258788.3",3.14769138734609,-2.34890403169623,0.275689844263485,-8.5200963349644,1.59420661315897e-17,8.46212199950358e-16
"ENSG00000258791.9",1687.26637083045,1.10474744864093,0.293207030937237,3.76780681250925,0.000164688070187496,0.000676895329621511
"ENSG00000258792.4",0.488801062602071,-1.09951174167048,0.341505009638941,-3.2196064790761,0.00128366678184003,0.00411823688049676
"ENSG00000258793.1",0.510631720878979,-1.99202721035368,0.430081665999307,-4.63174175473198,3.62602265870779e-06,2.28513652374849e-05
"ENSG00000258794.3",4.01307385815533,-1.11314981641451,0.242716929823703,-4.58620590340792,4.51373466938857e-06,2.77719970879538e-05
"ENSG00000258806.2",2.21765150884002,-1.2972963717834,0.226940391008976,-5.71646310300087,1.08764072688664e-08,1.23881950920423e-07
"ENSG00000258808.1",0.842682659520929,-2.23721663210446,0.409665698806572,-5.46107872497469,4.73250115499945e-08,4.641831479715e-07
"ENSG00000258826.6",0.715253343911192,-1.46384537375034,0.321491752115767,-4.55329060268775,5.28132380569583e-06,3.18858773986534e-05
"ENSG00000258854.1",3.08872240695531,-2.47689410666363,0.447202543174257,-5.53864047615328,3.04828687105506e-08,3.11821065554493e-07
"ENSG00000258867.6",14.863732140666,-1.14111433119173,0.205074525847796,-5.56438848986368,2.63073286316703e-08,2.7320969330072e-07
"ENSG00000258876.1",0.311262262150472,-1.07651224012444,0.386552363999012,-2.78490662684755,0.00535431392069966,0.0142806901862362
"ENSG00000258878.1",0.593960920735522,-1.56099387714233,0.452696370149642,-3.44821381409868,0.000564307130439111,0.00200355530779606
"ENSG00000258902.1",3.50501473418214,-1.38275044236682,0.350907038215332,-3.94050358579102,8.13107351806204e-05,0.000363810612076321
"ENSG00000258932.5",8.00305640301836,-1.34273373512681,0.40987110139197,-3.27599025783161,0.00105292192821337,0.00346132572810282
"ENSG00000258943.1",10.0887239029372,-1.10688003208005,0.209360559274049,-5.28695584267697,1.24368646116579e-07,1.10970581148503e-06
"ENSG00000258952.2",4.28093018888278,-1.5732630706702,0.239901290760153,-6.55796000798974,5.45488323657398e-11,9.85721117732556e-10
"ENSG00000258976.1",1.95184296226023,-2.75026566082718,0.326218043687312,-8.43075885607167,3.4343080259994e-17,1.74922438941896e-15
"ENSG00000258986.7",28.9584194039475,-1.18730150832584,0.335308787571215,-3.54091975019794,0.000398734834980325,0.00147623527627403
"ENSG00000258988.1",1.45875723566048,-1.74329752701931,0.340876150688516,-5.11416690049485,3.15128639626652e-07,2.56058191987545e-06
"ENSG00000259026.1",0.557378383575606,-1.06712967310808,0.453203079688489,-2.35463905903193,0.0185407050455781,0.0414183704974103
"ENSG00000259033.2",2.85838560158956,-1.14620210118274,0.225625426990582,-5.08011050204276,3.77215385806061e-07,3.01903059211853e-06
"ENSG00000259041.1",3.55240895688983,2.07756321451795,0.650438725227102,3.19409520672768,0.0014026984891945,0.00445336143976028
"ENSG00000259054.1",1.23060819921067,1.15921157408955,0.269845387814683,4.29583615816936,1.74036090133316e-05,9.20968675594713e-05
"ENSG00000259058.1",0.550053514166258,-1.82065159848276,0.419963998020808,-4.33525637212491,1.45590341125176e-05,7.84217957211584e-05
"ENSG00000259078.2",4.55214346914141,-1.37228579861909,0.193505904402627,-7.09169987786928,1.32474566015134e-12,3.21794734817126e-11
"ENSG00000259081.1",10.6420008116841,-1.12958805476168,0.143113603785868,-7.89294675614353,2.95133550558016e-15,1.08840644439151e-13
"ENSG00000259098.1",5.19134251818091,-1.4669867273388,0.507416462042257,-2.89109013419558,0.00383907996296355,0.0106972272338892
"ENSG00000259124.1",3.29836807676618,-1.10434171244937,0.193472239387417,-5.70801121621377,1.14303889650318e-08,1.2976504402203e-07
"ENSG00000259129.6",74.5257005796271,-1.33581111873568,0.365850894266246,-3.65124464548541,0.000260972495308158,0.00101778538519261
"ENSG00000259156.7",2.23731376492123,-3.15493620903709,0.54451562684774,-5.79402326302617,6.87199334151217e-09,8.16505967009517e-08
"ENSG00000259162.1",9.86002776757042,-2.30734435045147,0.255862229303836,-9.0179170123289,1.91699460472966e-19,1.39534377866505e-17
"ENSG00000259170.1",0.508065851338215,-2.16530356095136,0.638329740543538,-3.39213955330924,0.000693491093371821,0.00240642308637888
"ENSG00000259218.6",0.786187395171096,-1.6934659742286,0.394857219346855,-4.28880590566335,1.79636263772105e-05,9.46506388805303e-05
"ENSG00000259225.7",25.0745312336836,-1.34284975564269,0.177019873233652,-7.58587005578884,3.30263289700611e-14,1.02819496977804e-12
"ENSG00000259230.1",10.9602603118931,-1.53191517873652,0.214083863328723,-7.15567794282694,8.3260408083985e-13,2.09725398835551e-11
"ENSG00000259240.1",1.3367014957527,-1.40846205265148,0.434677151524867,-3.24024864824511,0.00119425509679409,0.00386389773726887
"ENSG00000259278.2",2.01331190981183,-1.56111634646686,0.255789732575972,-6.10312357241781,1.04015360104822e-09,1.46099574068152e-08
"ENSG00000259300.2",0.518921576830448,-1.39938858902197,0.414542615187395,-3.37574120911398,0.000736171294290845,0.00253368262117556
"ENSG00000259303.5",1.13149927447112,-1.25929587235682,0.446229447195486,-2.82208151046819,0.00477130486419845,0.0129210957769053
"ENSG00000259306.2",0.923862904898011,-1.5079383064095,0.6222779900874,-2.42325508925313,0.015382121252641,0.0352859986478786
"ENSG00000259320.2",0.703506545256104,1.85146986452972,0.570949564887975,3.24279056923879,0.00118365183265946,0.00383377006460354
"ENSG00000259337.4",18.3847240289518,-1.51182207377257,0.315365204399151,-4.79387723402448,1.63588405397459e-06,1.11937130476279e-05
"ENSG00000259351.1",0.972799537420153,-1.3186821216955,0.287501945745392,-4.58668938144617,4.50329911126805e-06,2.77159955075556e-05
"ENSG00000259370.2",4.80754178487618,-1.04949732476931,0.179687570652471,-5.84067846740002,5.19886581084045e-09,6.33094816378995e-08
"ENSG00000259374.2",1.87422778699721,-1.87760612795967,0.301558239517836,-6.22634662863728,4.77437146296911e-10,7.23941724713325e-09
"ENSG00000259397.3",4.02329918340739,-1.00804549452281,0.215977809861307,-4.66735677693064,3.05099281967481e-06,1.96171663940786e-05
"ENSG00000259404.5",3.82961337615811,-1.62950134158136,0.278123203352601,-5.85891907593017,4.6588964019281e-09,5.72032650685187e-08
"ENSG00000259416.2",1.4938969527356,-1.11126173441361,0.214293829636618,-5.18569170329357,2.15214577829049e-07,1.81979793403027e-06
"ENSG00000259420.5",130.535576686025,1.17793141746131,0.258178313004065,4.56247236166101,5.0554750262341e-06,3.07141723491217e-05
"ENSG00000259421.1",1.07972291450633,-1.14274359615797,0.380703976733078,-3.00165920504471,0.00268512592096552,0.00784583826822053
"ENSG00000259424.1",6.55213239741602,-1.24736514594684,0.180239076320584,-6.92061439400745,4.49689015893908e-12,1.00483735906358e-10
"ENSG00000259430.2",2.68334121985688,-2.33643980295522,0.432750632464516,-5.39904422472867,6.69968588234966e-08,6.35300809131226e-07
"ENSG00000259433.2",1.00680894063333,-1.20419014920321,0.356999222047946,-3.37308900085357,0.000743299224642443,0.00255440734038277
"ENSG00000259434.2",3.08475183762727,-1.47967666282733,0.426992048516647,-3.46534945549376,0.000529542905724662,0.0018935612361463
"ENSG00000259436.1",23.7792876294034,-1.00068449401312,0.202103536080593,-4.95134579740394,7.37020075721999e-07,5.48469621972385e-06
"ENSG00000259439.2",1.62287726238268,-1.3200380672437,0.371948559514942,-3.54898018415547,0.000386726181667408,0.00143805256888797
"ENSG00000259444.1",1.55422069499595,-1.18037437561006,0.434199766903111,-2.71850531848272,0.00655776014821991,0.017025025128385
"ENSG00000259458.1",1.03003992816455,-1.04834798579571,0.384363858401891,-2.7274884536609,0.00638184910617711,0.0166202401498172
"ENSG00000259471.1",3.35343304716393,-1.56331757917762,0.334683717098576,-4.67102968955365,2.99693613833448e-06,1.93144146040406e-05
"ENSG00000259485.2",3.46783672958263,-2.41414627620338,0.508090079851519,-4.75141391642379,2.01999153743629e-06,1.35476663351504e-05
"ENSG00000259490.2",6.71025605739944,-1.24827378985014,0.334988052545761,-3.72632331321614,0.000194293155972127,0.000783848975782716
"ENSG00000259498.1",1.01385456135439,-1.18775109506345,0.302077338695575,-3.93194372074509,8.42617947301157e-05,0.000374955964943583
"ENSG00000259518.2",5.61768966107868,-1.83101384320654,0.297256662852733,-6.15970665092768,7.2879820359307e-10,1.06207261352508e-08
"ENSG00000259527.2",25.8615034052322,1.67429716159804,0.361339442003473,4.63358539636519,3.59386408912219e-06,2.26865399866489e-05
"ENSG00000259531.2",5.42184006896533,-1.04369622719056,0.180058116077568,-5.79644089323324,6.77370427381059e-09,8.05518446432376e-08
"ENSG00000259555.1",0.52107697288194,-1.14398356440362,0.432963782133728,-2.64221538061648,0.00823656596740542,0.0206919822737732
"ENSG00000259570.1",12.071136709368,-1.29623582230791,0.208481144874819,-6.21752064478649,5.05071726027716e-10,7.62506032588592e-09
"ENSG00000259571.2",0.655565653969365,-2.58539453120365,0.470281511504625,-5.49754661400978,3.8511153391174e-08,3.86431810054074e-07
"ENSG00000259594.6",3.23303255378052,-1.39950479058861,0.291613086542356,-4.79918376497597,1.5931356899459e-06,1.09336039540178e-05
"ENSG00000259611.2",1.40476873919109,2.46492000113735,0.580114302200681,4.24902470390162,2.14703243098181e-05,0.000110795830514609
"ENSG00000259617.1",0.776451023744808,-1.08396533223815,0.25240014403032,-4.29463040285721,1.74984604630839e-05,9.25375394124618e-05
"ENSG00000259674.1",3.2819815073188,-1.19263929296956,0.248967876755763,-4.79033403228778,1.6650389616737e-06,1.13800936235952e-05
"ENSG00000259676.1",2.62420198296137,-2.70347315165123,0.370676666545554,-7.29334591477176,3.02350472950931e-13,8.16523090109591e-12
"ENSG00000259683.1",92.5762448671095,-1.3821328614026,0.219045588764337,-6.30979545947205,2.79404482611951e-10,4.42048310099654e-09
"ENSG00000259702.3",2.65717517000458,-1.29591458203173,0.313270018162509,-4.13673351070408,3.52284837496903e-05,0.000172498379076888
"ENSG00000259704.2",4.21668062380767,-1.01560972130609,0.203116268072522,-5.00013972757452,5.72887817434418e-07,4.39224561302514e-06
"ENSG00000259708.1",0.839050524177025,1.55974018560462,0.349934010603713,4.45724090354557,8.30212878511476e-06,4.76329481732385e-05
"ENSG00000259717.1",1.29556973590439,-1.07409701127105,0.252356159911347,-4.25627419456841,2.07861763825521e-05,0.000107679803416631
"ENSG00000259720.2",93.4029132601454,1.46647328827868,0.28984514665217,5.05950610254146,4.2034382595432e-07,3.32514847626826e-06
"ENSG00000259723.1",1.39380412870949,-2.44719783210226,0.441519857363801,-5.54266765421114,2.97897947523461e-08,3.05784996171155e-07
"ENSG00000259727.1",1.43711144771716,-1.10050229757476,0.345391299732458,-3.18624788298725,0.00144131047647472,0.00455888478106866
"ENSG00000259744.1",2.91824163474463,-1.13714503576254,0.206221538102511,-5.51419141873179,3.50387085754362e-08,3.5355154304741e-07
"ENSG00000259754.2",11.8121675964741,1.30967816470667,0.250672598244081,5.22465628026657,1.7447891132382e-07,1.50450052125324e-06
"ENSG00000259772.6",62.7521898465281,-1.46883952445419,0.217013600199138,-6.76842153259676,1.30194966673247e-11,2.64993300924266e-10
"ENSG00000259786.7",32.4694945110559,-1.08697730724929,0.448941533162131,-2.42120014958993,0.0154693573276079,0.0354604934473037
"ENSG00000259793.1",1.88675244243955,-1.59836768556229,0.24249272070664,-6.59140480961467,4.35684132885276e-11,8.02175123390473e-10
"ENSG00000259798.1",0.777370388111921,-2.38567445645467,0.405713956264735,-5.88018829428184,4.09800036312533e-09,5.0796627227025e-08
"ENSG00000259807.2",73.3046871100827,-1.38933216634811,0.185044101876732,-7.50811375373432,5.9985371957732e-14,1.79748524102903e-12
"ENSG00000259814.1",0.604880259409195,-1.88932614179102,0.478672099133605,-3.94701538947161,7.9131472342812e-05,0.000355552676055346
"ENSG00000259831.1",1.80019559499256,-1.04479230987033,0.242026793349942,-4.31684564923226,1.58274752347357e-05,8.45963896226963e-05
"ENSG00000259834.1",144.523575212003,-1.49894637627608,0.217810275033564,-6.88189010387636,5.90635726303277e-12,1.28658291701346e-10
"ENSG00000259842.2",1.22311375611253,-1.3037730642498,0.440018475619065,-2.96299618422957,0.0030466034575243,0.00876161915901376
"ENSG00000259846.1",0.631574887836166,-1.21296298530822,0.49257315144309,-2.46250324800408,0.0137970923208234,0.0321486096898617
"ENSG00000259847.2",3.26985335992225,-1.5205188534266,0.263109665009968,-5.7790307831109,7.51321803773057e-09,8.84351084916902e-08
"ENSG00000259848.9",2.34434856115795,-2.11302875586847,0.349044751456837,-6.05374739785988,1.41514461881517e-09,1.93729382895903e-08
"ENSG00000259849.2",2.87640861428907,-2.68287842167273,0.654797019048836,-4.09726731128053,4.180560502928e-05,0.000200867617666457
"ENSG00000259863.1",32.1981200493365,-1.40901892807048,0.167474344237336,-8.41334196283635,3.98491045938163e-17,2.00025179363309e-15
"ENSG00000259869.2",5.1018943262047,-1.23811120516316,0.218768436330282,-5.65945995652656,1.51850074282815e-08,1.66786278735263e-07
"ENSG00000259881.1",6.40859435197757,-1.20759242886958,0.221335929556159,-5.45592589188363,4.87183101292874e-08,4.76206586451891e-07
"ENSG00000259887.1",2.96769863650288,-2.54051584218126,0.278289007878463,-9.12905565889537,6.90993919418473e-20,5.3881968628275e-18
"ENSG00000259905.7",1.41511720982617,-1.19175982663885,0.320179270727502,-3.72216422359565,0.000197522482429028,0.000795718659951076
"ENSG00000259916.1",1.08856501067121,-2.25155845758784,0.348279401323543,-6.46480512206978,1.01429438767021e-10,1.75285252974426e-09
"ENSG00000259920.1",1.91614749146283,-1.53174998411594,0.386872752379585,-3.95931213737442,7.51659442201628e-05,0.000339570323225914
"ENSG00000259928.1",0.432243026547872,-1.20379799335864,0.412082967099453,-2.92125151843055,0.00348628250101352,0.00985961304485056
"ENSG00000259929.5",4.85228420819837,-1.57096820260354,0.481579357252338,-3.26211698849955,0.00110583496392247,0.00361256547365271
"ENSG00000259946.1",2.6349824664205,-2.42857653913682,0.431510378417224,-5.62808372777688,1.82222638608555e-08,1.95951806102167e-07
"ENSG00000259954.1",3.6489400963171,-1.16459937021022,0.216158875405072,-5.38770091224713,7.136468009671e-08,6.72880860748516e-07
"ENSG00000259964.7",0.319416784121688,-1.16843006362475,0.465318693476586,-2.51103185839136,0.0120378832544479,0.028619065542922
"ENSG00000259974.3",2.43424508146806,-3.96180781758775,0.536598560760981,-7.3831875582545,1.54544073220742e-13,4.36059794378851e-12
"ENSG00000259977.1",9.32011635230816,-3.42252723113804,0.439703211254608,-7.78372125455377,7.04218267699739e-15,2.44721736138266e-13
"ENSG00000259982.1",3.47564053183647,-1.17429387792116,0.231903515706264,-5.0637174444934,4.11158916357233e-07,3.26180318412661e-06
"ENSG00000259993.1",14.8274695513419,1.65604024941746,0.341125359526488,4.85463834092017,1.20606649821912e-06,8.51333828107727e-06
"ENSG00000259996.1",1.46185791414287,-2.50119902103125,0.82211315294884,-3.04240238957338,0.00234697921908941,0.0069779777025391
"ENSG00000259997.2",0.458635650006472,-1.30029124499921,0.534575705447093,-2.43237998238567,0.0149999617374923,0.034543766452769
"ENSG00000260003.1",0.744282492362426,-1.21587424892552,0.523934281572781,-2.32066175413379,0.0203051064227035,0.0446968292537684
"ENSG00000260015.1",0.484587603044812,-1.39790606408496,0.580700567963065,-2.4072751796824,0.0160720544652692,0.0366220793687236
"ENSG00000260025.1",19.1628544870607,-1.33196752909693,0.171036538160201,-7.78761978828957,6.82832931008796e-15,2.37687623773765e-13
"ENSG00000260030.1",0.547895700630851,-1.80357178264003,0.508723700376589,-3.54528751325113,0.000392185048645533,0.00145652711927492
"ENSG00000260048.2",2.15601519091931,-1.14981429661379,0.417090925901756,-2.75674733063989,0.00583794432745027,0.0153840123089962
"ENSG00000260057.6",2.04818055799408,-3.53807705520874,0.68562453895096,-5.1603710984764,2.46460809770533e-07,2.05525765964745e-06
"ENSG00000260066.1",0.417711903053392,-1.05861292178752,0.421782683246675,-2.50985392202174,0.0120781113863145,0.0286997771080751
"ENSG00000260073.2",44.8746326886106,1.52450769356273,0.579409045803013,2.63114237619451,0.00850983770942346,0.0212973971746286
"ENSG00000260084.1",1.77276038728215,-1.04998366109984,0.246910053774287,-4.25249456249232,2.11402351234303e-05,0.000109260417891459
"ENSG00000260101.1",54.3507479655687,-1.34777389833739,0.147658953115756,-9.12761380124922,7.00256821393029e-20,5.44001383378263e-18
"ENSG00000260115.1",0.833763201948461,-2.37112965467425,0.562552867291982,-4.21494546119443,2.4983855748479e-05,0.000127065468993916
"ENSG00000260123.2",11.6445647220752,-1.74498534050344,0.25538295301916,-6.83281840026545,8.32623326078638e-12,1.75840907919108e-10
"ENSG00000260126.2",4.01672548317308,-1.15326956460044,0.429987990049011,-2.6820971545484,0.00731622087680046,0.0186905631619387
"ENSG00000260135.7",34.653362582179,-1.40230503051286,0.239247486014701,-5.86131563541988,4.59214142101332e-09,5.6433643329437e-08
"ENSG00000260157.3",0.655607481683899,-2.19019642842645,0.756229892186636,-2.89620451539346,0.0037770615728282,0.0105484634518133
"ENSG00000260163.1",1.09146203556937,-1.68181978142847,0.322423404674884,-5.21618392785207,1.82646819965479e-07,1.56842296103414e-06
"ENSG00000260177.1",0.615978494493911,-1.13994664829919,0.383971076786611,-2.96883467848467,0.00298931376291881,0.0086111629203238
"ENSG00000260187.2",1.73953695083119,-3.74602005936594,0.457825382850903,-8.18220264686783,2.78701839493278e-16,1.21292207885022e-14
"ENSG00000260211.2",14.8388044505019,1.24335696339731,0.305126581124266,4.07488904708352,4.60362908306001e-05,0.000219012860034165
"ENSG00000260228.6",15.778948223018,-1.38583530557455,0.180957899033853,-7.65832999263152,1.88366376302223e-14,6.10677326979172e-13
"ENSG00000260230.5",15.0112132817764,-3.87591485295225,0.314134658726244,-12.3383865653931,5.62722201472834e-35,2.27066603277805e-32
"ENSG00000260232.3",0.648649951913891,-1.2489974656552,0.405609288148173,-3.07931179623019,0.00207479414482992,0.00625553821163737
"ENSG00000260266.1",7.24001795248801,-1.86291017214134,0.228145314424537,-8.1654544466112,3.20227366226824e-16,1.3806317214854e-14
"ENSG00000260268.6",8.46894750297199,1.23200283109824,0.338002690995963,3.64494977086722,0.000267444030623482,0.00104009626656435
"ENSG00000260284.1",0.590479640957219,-1.47418974349479,0.425946290324808,-3.46097566050086,0.000538221471564566,0.00192095842002289
"ENSG00000260289.2",25.4475797525217,-1.34977229209229,0.364256919129318,-3.70555017957833,0.000210932362532082,0.000843688851078663
"ENSG00000260296.1",39.0917766520744,-1.24771602431664,0.140281042825048,-8.89440225984586,5.87345779045159e-19,3.9887688347508e-17
"ENSG00000260303.1",3.69667957493975,-1.56460414255745,0.445306740835677,-3.51354246203698,0.000442173734023033,0.00161689466245515
"ENSG00000260306.1",15.0768050762723,-1.1153604614322,0.170710747548042,-6.53362765644448,6.41954267962377e-11,1.14805952173203e-09
"ENSG00000260328.1",1.05855423102213,-2.19813897669164,0.396464130058634,-5.54435776161277,2.95035052543563e-08,3.03220743170514e-07
"ENSG00000260350.1",0.581516741084568,-1.12998988323063,0.271703639113315,-4.15890595693996,3.19775511359882e-05,0.000158144636227961
"ENSG00000260351.1",1.55982335276009,-1.06657901161198,0.231561637100931,-4.60602639092196,4.10436323585845e-06,2.55329359091077e-05
"ENSG00000260386.6",0.362770322409895,-1.06951904536103,0.362780439398326,-2.94811662705639,0.00319716421678974,0.00912703751481663
"ENSG00000260398.1",11.1422225248211,-1.66485120693194,0.247747202494582,-6.71995966117257,1.81774876930314e-11,3.61306907459479e-10
"ENSG00000260428.3",58.8814072050697,-1.83999467128022,0.180603724640423,-10.1880217306902,2.24281598755421e-24,3.06631309456343e-22
"ENSG00000260466.1",2.01092261936248,1.07494322375398,0.225649298972567,4.76377825523252,1.90001296310656e-06,1.28341197420177e-05
"ENSG00000260473.2",2.51759709718287,-1.04059184261361,0.218155162255671,-4.76996203919334,1.84260639684236e-06,1.24747364498391e-05
"ENSG00000260487.1",4.47664856957003,-2.68956262947172,0.320685194824395,-8.3869248499124,4.99023776165834e-17,2.46616244768185e-15
"ENSG00000260492.3",2.251915017382,-2.09338910511033,0.350337874575939,-5.97534339569834,2.29606013927709e-09,2.99807890382138e-08
"ENSG00000260496.3",3.40980308602715,-1.16447633104032,0.341559245419172,-3.40929530281413,0.000651309357240262,0.00227476634501006
"ENSG00000260498.6",1.78994148472661,-1.1100475060198,0.229903699307416,-4.82831511351847,1.37693089471515e-06,9.57470333715093e-06
"ENSG00000260517.3",15.8583882521511,-1.40765940544046,0.151115895189849,-9.31509821433407,1.2183976321977e-20,1.05498004977918e-18
"ENSG00000260530.1",1.2107592129343,1.66411793089199,0.487409357779286,3.41421005635587,0.000639672375943561,0.00223958076732931
"ENSG00000260542.1",1.46253175312991,-1.04787038675554,0.443593504035345,-2.3622311355399,0.0181653126122049,0.0407066761626388
"ENSG00000260578.1",6.16038716035597,-1.74668497550586,0.235757398054799,-7.40882360391453,1.27424657347992e-13,3.63488236698508e-12
"ENSG00000260593.1",0.592839889682445,-1.62759493906025,0.384876307883563,-4.22887796863986,2.34859686551331e-05,0.000120260437138468
"ENSG00000260604.2",71.4230221260276,-2.77258496387919,0.291437919545476,-9.51346677262617,1.84412149208431e-21,1.76602252198175e-19
"ENSG00000260634.1",0.665848086531827,-1.87975331055257,0.397124050475946,-4.73341593967859,2.2077241944932e-06,1.4671799323877e-05
"ENSG00000260641.1",15.115632177736,-1.74424076241701,0.258363413948645,-6.75111361844644,1.46714646713602e-11,2.96007482850034e-10
"ENSG00000260653.6",16.209752799338,-1.66920675089916,0.360067261523865,-4.63581927397343,3.55526496793137e-06,2.24599365552765e-05
"ENSG00000260661.1",1.03736291328287,-1.45196261074727,0.287376741505081,-5.05247085461021,4.36130924286849e-07,3.43694984361206e-06
"ENSG00000260664.2",1.06184916957736,-1.18535121062101,0.302957074203512,-3.91260449599125,9.13060074094088e-05,0.00040182764506034
"ENSG00000260677.1",0.488426898627259,-1.53418929837209,0.476722616465197,-3.21820120418828,0.00128997294011,0.00413679403442982
"ENSG00000260695.1",0.898619777712657,-1.05749400757891,0.375995798363498,-2.81251549134751,0.0049155655670265,0.0132576726863566
"ENSG00000260711.2",37.9477892116413,-1.81480514746034,0.203133668997457,-8.93404405294852,4.10713690479334e-19,2.86410778585605e-17
"ENSG00000260719.1",10.1269537974231,-1.39349233465903,0.243655258242825,-5.71911455844833,1.07080584842301e-08,1.22098306370802e-07
"ENSG00000260734.6",0.728673931190715,-1.50965339137522,0.506782142945496,-2.97890012974979,0.00289285049789264,0.00836808549508728
"ENSG00000260737.6",0.476882908167568,-1.06370032093117,0.335840519393829,-3.16727809631512,0.00153873093487359,0.00483063185400832
"ENSG00000260761.1",8.02109452830864,-2.56066139801131,0.588244094805069,-4.35305924976579,1.34250848182957e-05,7.28900555477471e-05
"ENSG00000260763.1",1.04963388880297,-2.6168639126458,0.553334485032059,-4.72926228788032,2.25337118011896e-06,1.49297964272444e-05
"ENSG00000260776.6",4.2643868514937,-1.04145410699486,0.255884419564203,-4.07001766175746,4.70095737507998e-05,0.000223190758993688
"ENSG00000260802.1",11.5782607881475,1.51205307878615,0.355911218461705,4.24839960179238,2.15303097420297e-05,0.000111050227537632
"ENSG00000260815.3",1.81357082648126,-1.07766096403316,0.23777077991274,-4.53235239598681,5.83304335793807e-06,3.48323201210664e-05
"ENSG00000260844.2",0.784476414667169,-1.19071728605202,0.294770015223762,-4.03947899907032,5.35700640520052e-05,0.000251125535994748
"ENSG00000260850.2",1.28507224160863,-2.46865092143639,0.454655368662638,-5.42971906105034,5.64428326644271e-08,5.44413323555099e-07
"ENSG00000260862.1",0.77043865909103,-2.57723643917065,0.447541729011816,-5.75865058407237,8.47890085016371e-09,9.86562365998052e-08
"ENSG00000260868.1",4.0886259488927,-1.40613641165796,0.198140114607892,-7.09667708853717,1.27792169312137e-12,3.12245628509762e-11
"ENSG00000260886.2",1.27161569603271,-1.02432892401187,0.230047878247377,-4.45267712015315,8.48062325742964e-06,4.85364450324002e-05
"ENSG00000260895.1",4.35762677856224,1.51372629497924,0.293535425065564,5.1568777248645,2.51101658374278e-07,2.09102126334437e-06
"ENSG00000260911.2",8.22934049606464,-1.03713281390323,0.16747892755845,-6.1926167609431,5.91734842144744e-10,8.80824312470034e-09
"ENSG00000260918.1",10.0315585725394,-2.23503009225541,0.259242358018041,-8.62139238873869,6.61448280217633e-18,3.79711511359189e-16
"ENSG00000260922.2",1.44364433520485,-2.74412618253713,0.399741036870995,-6.86475975550821,6.66032453040718e-12,1.43726068604768e-10
"ENSG00000260930.2",6.85897794506926,-2.46845941051334,0.400879756847502,-6.15760553719445,7.38530271358449e-10,1.07324458525174e-08
"ENSG00000260943.1",1.66372529312299,-1.02373969190528,0.314888028095363,-3.2511229407402,0.00114950138969433,0.00373972959559062
"ENSG00000260947.1",25.612505561968,-1.41694469780588,0.300820165965068,-4.71027164438977,2.47386842414732e-06,1.62098249163505e-05
"ENSG00000260971.4",2.90785767168824,-2.19990743484001,0.249218558994815,-8.8272215508869,1.07308104854859e-18,6.93614223013631e-17
"ENSG00000260975.1",2.56006131997557,2.13561995233829,0.38423058075739,5.55817277252786,2.7261346756881e-08,2.82271074715866e-07
"ENSG00000260990.1",0.420751682649324,-1.11540532936511,0.43483631450268,-2.56511540587586,0.0103141493244123,0.0250746767794352
"ENSG00000261030.1",0.584783792948025,-1.58210532475349,0.511330762076397,-3.09409376883354,0.00197415081271354,0.00599165007141814
"ENSG00000261044.1",0.571957638418771,-1.52958245734618,0.446512605206328,-3.42561988062886,0.000613398174875702,0.00215740500500837
"ENSG00000261055.1",2.21488720586966,-1.27879439218878,0.282418010227846,-4.52801997704428,5.95389540724463e-06,3.54877098689089e-05
"ENSG00000261060.1",0.829282369733696,-1.62818317786437,0.374653637676327,-4.34583576436805,1.38746356489386e-05,7.51541257449743e-05
"ENSG00000261072.2",0.851807803106718,-1.63184361194312,0.341410736602622,-4.77970794996549,1.75550014561373e-06,1.19531613781124e-05
"ENSG00000261089.1",3.93064431459905,-1.39395981356689,0.20208125149122,-6.89801653186738,5.27336112486064e-12,1.16209668648705e-10
"ENSG00000261115.6",1372.84241674421,-1.1305214002135,0.211795979875889,-5.33778498003586,9.40889454326576e-08,8.61349063892537e-07
"ENSG00000261121.2",22.5625998975144,-1.35210333340542,0.284211586533209,-4.75738287062211,1.9611898253997e-06,1.31873437183728e-05
"ENSG00000261143.1",17.0788004402368,-1.29560131717798,0.211160743398004,-6.13561638555128,8.48296338738941e-10,1.21533583008162e-08
"ENSG00000261156.6",1.95494778281291,-1.66570950920057,0.368049519417989,-4.52577553106067,6.01744244424304e-06,3.58028160358369e-05
"ENSG00000261168.1",11.7105231917595,-1.3992500599434,0.167216607265058,-8.36788930734265,5.86594575762858e-17,2.87161881717973e-15
"ENSG00000261175.6",11.7978317258306,-1.07484108444069,0.269856605020798,-3.98300825120753,6.80483920345067e-05,0.000310723777596179
"ENSG00000261189.1",29.1257450617142,-1.16515388686254,0.307821799776276,-3.78515715166816,0.000153611476156196,0.000636720870849091
"ENSG00000261190.5",0.958024432112451,1.55650579225242,0.432218229876312,3.60120347699782,0.000316747546779699,0.00120943146892585
"ENSG00000261208.1",1.32585433384163,-1.12218545323629,0.23074110958206,-4.86339627675751,1.15388504644867e-06,8.18950995568644e-06
"ENSG00000261218.5",12.8337050786774,-1.3876510678847,0.231563817228,-5.99252113087428,2.06612579605376e-09,2.71661880213813e-08
"ENSG00000261238.1",0.966072182916012,-3.26533674283786,0.65335423445199,-4.99780451499899,5.79867241820804e-07,4.43756993271152e-06
"ENSG00000261241.7",2.32836720584468,-2.11754689567112,0.335136307952284,-6.31846459313688,2.6417480404743e-10,4.20514485094572e-09
"ENSG00000261245.2",1.74277611359085,-1.23784280647545,0.254357226240794,-4.86655254411217,1.13561741501038e-06,8.0750266899335e-06
"ENSG00000261265.1",0.359656548760635,-1.54822100326725,0.605491581244313,-2.55696536702556,0.0105589729546987,0.0255890398800693
"ENSG00000261292.2",0.936746372095411,-1.9718826994111,0.496908064042315,-3.96830488797055,7.23856874166468e-05,0.000328224343391941
"ENSG00000261296.1",3.21106177262597,-1.39252633178596,0.503540354489465,-2.76547116704844,0.00568406297226553,0.0150376209581986
"ENSG00000261308.3",20.9380456719094,-2.19598223603538,0.211388553476965,-10.3883687168268,2.80102677657344e-25,4.26433241347785e-23
"ENSG00000261319.1",3.77733550786598,-1.82261807657173,0.499328856221959,-3.65013568485124,0.00026210181840968,0.00102151873375311
"ENSG00000261327.5",29.2919097190228,-2.01240531544541,0.192635454287609,-10.4467026741653,1.51708253495292e-25,2.37041294427494e-23
"ENSG00000261332.1",2.65005914785395,-2.28682185974848,0.422927461839512,-5.40712549098138,6.40442725020282e-08,6.09667442448304e-07
"ENSG00000261334.1",0.835741452699096,-1.066511764182,0.284484085983861,-3.74893295171,0.000177588550993198,0.000723692063572828
"ENSG00000261340.1",1.72499657316342,-3.3898037909546,0.531900577982549,-6.37300264611823,1.85362685638212e-10,3.03428276506315e-09
"ENSG00000261357.1",3.61008471428711,-2.85096685153786,0.272791003091238,-10.4511029294625,1.44831024331214e-25,2.27149699368073e-23
"ENSG00000261379.1",1.98662418191952,-1.68773128443734,0.312023639203383,-5.40898532158084,6.33828238713739e-08,6.03924100353518e-07
"ENSG00000261402.1",3.07576798609838,-1.68134240442215,0.32369974160386,-5.19414194182385,2.05666186194282e-07,1.74625087448555e-06
"ENSG00000261416.1",4.16166863371601,-1.42194436348331,0.249608442220063,-5.69669980244368,1.22148725172426e-08,1.37357827803473e-07
"ENSG00000261426.1",0.637856713185118,-1.59850584706949,0.559614482870605,-2.8564411679801,0.00428419392826938,0.0117523376705651
"ENSG00000261437.1",1.70251826224605,-1.32793662828794,0.326095021683264,-4.07223827408738,4.65635090896088e-05,0.000221275161763357
"ENSG00000261448.1",2.29656352618259,-1.63574791279792,0.311725350137414,-5.24740099602694,1.54259897926651e-07,1.34381678424386e-06
"ENSG00000261462.1",0.356378344834716,-1.02750674308995,0.452586628727306,-2.27029849728293,0.0231894781787903,0.0499767224302246
"ENSG00000261465.7",0.864314807816999,-1.25262900142786,0.318668339724522,-3.93082350920308,8.46554001524688e-05,0.000376425349431573
"ENSG00000261471.1",3.81747654643071,-1.95887032514997,0.267500989217161,-7.32285264021857,2.42754329481013e-13,6.67727031230301e-12
"ENSG00000261478.1",1.14450265480527,-2.12220686162063,0.432771249997477,-4.90376119400955,9.40187817382981e-07,6.81599268551744e-06
"ENSG00000261488.1",24.5007069891389,-2.3060110906549,0.215593702948129,-10.696096681496,1.06156321874133e-26,1.84605399570406e-24
"ENSG00000261504.1",27.2642760194181,-1.18075340533066,0.149594984569097,-7.89300128431296,2.95004578219253e-15,1.08840644439151e-13
"ENSG00000261514.1",3.02938385592779,-2.67818495801095,0.335088366084682,-7.99247371463242,1.32257716782287e-15,5.18575021217492e-14
"ENSG00000261520.5",2.73168409466452,-1.006363020003,0.298900811246875,-3.36687952034966,0.00076023893929488,0.0026040094606044
"ENSG00000261522.5",1.36720220514953,-1.68889104626257,0.373769376183605,-4.51853777724407,6.22681645293434e-06,3.68817080542763e-05
"ENSG00000261538.1",4.34403100824311,1.87960693568544,0.404185201318779,4.65036060091425,3.3135515092056e-06,2.11029463416493e-05
"ENSG00000261543.1",1.79553118982101,-1.10728208489762,0.31205997519525,-3.54829895825254,0.000387727864523693,0.00144151941187349
"ENSG00000261548.1",4.39366345733906,1.08780199467209,0.270163439194942,4.02645893875807,5.66231219012488e-05,0.000263682934729378
"ENSG00000261553.5",1.47410875037185,-1.10778077588931,0.225500296290664,-4.91254687515536,8.99008805532358e-07,6.55289441871902e-06
"ENSG00000261555.1",3.9115249307059,-1.85103984617838,0.592530272630954,-3.12395827129539,0.0017843576033223,0.00549140841979129
"ENSG00000261559.1",5.29212510778885,-1.31123029900661,0.199028104042207,-6.5881665572644,4.45290962112465e-11,8.17455078061761e-10
"ENSG00000261570.2",4.81149747606975,-1.27658674824928,0.231863786032379,-5.50576168057139,3.67575510010872e-08,3.69996932600433e-07
"ENSG00000261587.2",5.50622718882247,-1.33481015374902,0.195296910223359,-6.83477353647024,8.21346744579767e-12,1.73921870296643e-10
"ENSG00000261600.1",5.54625612179595,-1.13304216212666,0.289200593094502,-3.91784176513227,8.93453213787887e-05,0.000394158820416645
"ENSG00000261606.5",0.824204284943913,-1.05226241414891,0.314465460008372,-3.34619393214407,0.000819290725520606,0.00277924919475085
"ENSG00000261617.2",1.42028550606894,-2.2984624306468,0.391603529423975,-5.86936086614873,4.37478301608461e-09,5.3985965473429e-08
"ENSG00000261633.1",2.20107192291521,1.00316917888547,0.216715566615319,4.62896687373709,3.67494543627987e-06,2.31106191893878e-05
"ENSG00000261644.2",27.1016443452808,-1.17672048796712,0.190707971540482,-6.17027425996891,6.81716400075179e-10,1.001537540471e-08
"ENSG00000261655.1",12.7475870297593,-1.25545560155267,0.181416963337269,-6.92027679472658,4.50762023588027e-12,1.00669377884823e-10
"ENSG00000261671.1",4.86154458503996,-1.3103603173611,0.217645191742863,-6.02062607893137,1.73743709608741e-09,2.33165516911802e-08
"ENSG00000261673.1",0.460656267970323,-1.02098620916346,0.341313867055446,-2.99134113117534,0.0027775502082648,0.00808180773984191
"ENSG00000261701.7",2.8883759220663,-2.27412754272304,0.342937932679639,-6.63130941786908,3.32721937426699e-11,6.23190138049953e-10
"ENSG00000261711.6",696.678738937548,1.50272127801898,0.382952110153852,3.92404490842277,8.70744927663925e-05,0.000385408952966646
"ENSG00000261713.6",0.648679489343352,-1.72849738004026,0.35655206221694,-4.84781203982653,1.24830587956233e-06,8.76638328226003e-06
"ENSG00000261728.1",2.08540082854606,-1.01677272848456,0.303499187835723,-3.35016622527147,0.000807630782882154,0.0027464204384019
"ENSG00000261729.2",2.6940404429418,1.3258924182244,0.261961247290502,5.06140672308696,4.16174335679974e-07,3.29655760235012e-06
"ENSG00000261736.1",0.652007582186387,-1.00835377363497,0.294289823242602,-3.42639702088412,0.000611645640757541,0.00215196953535638
"ENSG00000261739.2",2.13667914334202,-1.57502220030127,0.251869754028639,-6.25332011926364,4.01817320477383e-10,6.15793933395316e-09
"ENSG00000261754.2",16.5964133778863,-1.38476178683452,0.221036298073104,-6.26486146803154,3.73156997071297e-10,5.76334117884698e-09
"ENSG00000261760.8",0.511600503844769,-1.53755498257333,0.47303633821661,-3.25039507190938,0.00115244787386924,0.0037464246017797
"ENSG00000261780.3",0.877121729063897,-1.32275530782177,0.487649405834606,-2.71251290782953,0.0066775180678426,0.0172927288887578
"ENSG00000261787.2",4.02579752816424,-2.53299354670312,0.344861694128209,-7.34495477413455,2.05828684279011e-13,5.72600520482212e-12
"ENSG00000261797.1",0.46087016816179,-1.12359042168005,0.35093757678365,-3.20168171210897,0.00136627871718148,0.00435102873676322
"ENSG00000261804.2",2.57728928859346,-1.16336503675174,0.286436294398337,-4.06151405915722,4.87554814842513e-05,0.000230794455745837
"ENSG00000261812.6",53.189230709265,1.55396580769024,0.23870314782516,6.51003483552073,7.51333793226194e-11,1.32205483124755e-09
"ENSG00000261834.2",2.78070175013034,-1.40594853212562,0.359923702399432,-3.9062404691685,9.37432255481055e-05,0.000411464351064564
"ENSG00000261838.5",2.33731243485662,-1.04884321858148,0.248472322465755,-4.22116720354654,2.43040570884155e-05,0.000124063525019495
"ENSG00000261863.1",0.643268611479683,-1.47413224934467,0.368932308374236,-3.99567133559186,6.45111809010632e-05,0.000296233974213898
"ENSG00000262003.1",6.59157397687455,-1.08511798277421,0.246890356484796,-4.395141220678,1.10700762113005e-05,6.15017387373442e-05
"ENSG00000262061.6",10.1420037073998,-1.39344389045179,0.198778941681283,-7.01001765411352,2.38288055566348e-12,5.58151711876535e-11
"ENSG00000262096.2",7.44266262610626,-1.25176970931265,0.246205806755823,-5.08424121188216,3.69098631139807e-07,2.9586262888009e-06
"ENSG00000262097.2",9.74362557752916,-1.29657831856034,0.144419048818066,-8.97788989175327,2.76009101696685e-19,1.97104644067313e-17
"ENSG00000262119.1",0.665505653068915,-1.99326879849527,0.337253963486934,-5.91029020945071,3.4150553399132e-09,4.30894140975934e-08
"ENSG00000262151.1",1.10932539626987,-1.69888376617097,0.375861688553354,-4.51997055807888,6.18482320061091e-06,3.66904969831274e-05
"ENSG00000262154.1",1.61611946475041,-2.20068098537669,0.446437900958396,-4.92942239145097,8.24730894120058e-07,6.05930094067842e-06
"ENSG00000262179.3",6.3980462167726,-1.23887291969078,0.21953761319945,-5.64310097771385,1.67014324349897e-08,1.81523257024854e-07
"ENSG00000262198.1",1.02148528123959,-2.71154597297975,0.591433900041472,-4.58469826093772,4.54642511512093e-06,2.79359137543844e-05
"ENSG00000262267.6",5.71349882105462,-3.43287526307311,0.503056066977787,-6.82404107298978,8.85145568713636e-12,1.85893987503164e-10
"ENSG00000262312.2",9.23893132312152,-1.32472049946439,0.211249779750264,-6.27087280768031,3.59029818106346e-10,5.5741491595577e-09
"ENSG00000262370.6",31.9278962921874,-1.23287519960148,0.14042158253539,-8.7798127420389,1.63747056399882e-18,1.01881065240897e-16
"ENSG00000262406.3",295.415598694613,-1.87893927188658,0.277775336731438,-6.76424082136279,1.34010020510159e-11,2.71826474985028e-10
"ENSG00000262445.3",2.14878478718624,1.02200430456414,0.300965476198376,3.39575262077735,0.000684401849224267,0.00237775722289216
"ENSG00000262619.2",1.94460139838331,-1.84238897693728,0.27776290796163,-6.63295538795188,3.29031281311822e-11,6.1683347378809e-10
"ENSG00000262655.4",1131.78500282375,-1.48672514940874,0.218265212265105,-6.81155340321924,9.65504426399473e-12,2.01751105932704e-10
"ENSG00000262714.1",3.36515887604262,-1.48099890886186,0.312879520667397,-4.73344789618307,2.20737647152701e-06,1.4671799323877e-05
"ENSG00000262768.2",2.61850320450218,-1.73565073817799,0.292958248310391,-5.92456689029303,3.13121538940372e-09,3.97980348667883e-08
"ENSG00000262769.1",1.06712638220567,-1.6108593064446,0.299040578383489,-5.3867582625487,7.17398179874799e-08,6.75651555675423e-07
"ENSG00000262786.1",0.423072041476132,-1.40819555488588,0.476685926922769,-2.95413704360111,0.00313544735253961,0.00897427607370367
"ENSG00000262801.6",1.11538919165158,-1.96712000737281,0.455862081427485,-4.3151647998732,1.59483880762288e-05,8.51550494892369e-05
"ENSG00000262874.2",16.3859000138866,-1.09246501458579,0.203594032181758,-5.36589900439958,8.05470054376215e-08,7.50772514016242e-07
"ENSG00000262884.1",0.547186272304522,-1.61925569831146,0.422401924130572,-3.83344773261714,0.000126359659302633,0.000535565996322257
"ENSG00000262898.3",2.79457410107039,-1.15002020464005,0.198225336640488,-5.80158028297758,6.56928301912877e-09,7.83900490499655e-08
"ENSG00000262943.7",16.2840555953786,-1.34273931597678,0.216710425807774,-6.19600700322474,5.79135508555831e-10,8.63653749788211e-09
"ENSG00000263033.2",3.7079442647059,-1.08954296404834,0.216237214368145,-5.03864687321298,4.68834574018778e-07,3.66272604612189e-06
"ENSG00000263045.1",7.7202500565447,1.04347519328824,0.358224229417621,2.91291070675106,0.00358076977137475,0.0100843355959034
"ENSG00000263155.6",19.7983103783447,-1.45905894284539,0.189224890991759,-7.71071361277166,1.25116143754696e-14,4.1567363443107e-13
"ENSG00000263177.1",1.17040476344529,-1.09858956962638,0.291923555702476,-3.76327825612693,0.000167700428029571,0.000687644553054956
"ENSG00000263207.2",6.14456421366816,1.03044067856857,0.259405124829614,3.97232197800796,7.11754249580941e-05,0.000323441177794479
"ENSG00000263237.1",0.626487361231858,1.36307125228008,0.409729942715576,3.32675528482497,0.000878634976331444,0.00295379979667455
"ENSG00000263293.2",164.523470656138,-1.20406272863041,0.211818381937399,-5.6844109449682,1.31264300114092e-08,1.46419936697313e-07
"ENSG00000263301.1",12.8828363013946,-1.45582793059838,0.212094223003429,-6.86406216059379,6.69294842886772e-12,1.44280250311515e-10
"ENSG00000263316.1",0.756124915503557,-1.09920699115349,0.310449039465779,-3.54070024840473,0.000399066676208434,0.00147720067657418
"ENSG00000263317.1",2.4611761888268,-1.09082216631554,0.39963192405406,-2.72956713580265,0.00634175348099879,0.0165251384437161
"ENSG00000263325.1",0.562850428062954,-1.73166102966464,0.450808349373338,-3.84123548747888,0.000122416603903894,0.000521192265053642
"ENSG00000263366.2",3.98643411973496,-1.10602215519115,0.189565815357188,-5.83450213904409,5.39514160094007e-09,6.54694526184733e-08
"ENSG00000263372.1",0.330521622917806,-1.10485009701544,0.459897986546097,-2.40238080908557,0.0162887418185025,0.037044969230048
"ENSG00000263413.2",3.03514498946296,-1.33588466323558,0.361963201101363,-3.69066429728441,0.000223669165212904,0.000887459460102978
"ENSG00000263427.1",0.651278087283163,1.29821638506325,0.44431741657409,2.92182196023994,0.00347990401061523,0.0098449234558022
"ENSG00000263450.1",2.20002448214307,-2.58605768002587,0.608407846270162,-4.25053308546179,2.13262329189028e-05,0.000110147992118235
"ENSG00000263503.1",7.98589526854729,-1.07266766925811,0.394947752239849,-2.71597360201378,0.00660811867766403,0.0171386351626254
"ENSG00000263551.6",4.33007702047095,-2.10248880180253,0.409609698214663,-5.13290776797155,2.8529973576357e-07,2.34618670712416e-06
"ENSG00000263612.1",2.61845743462128,-1.71553673223917,0.315139479334168,-5.44373791523607,5.21739681563987e-08,5.06529891267518e-07
"ENSG00000263655.1",3.72625490830782,-1.00038945763273,0.286747595675673,-3.48874575661386,0.00048529249062557,0.00175282232513948
"ENSG00000263684.2",0.897445358799205,-1.48831534063469,0.4114461862037,-3.61727825057018,0.000297717202264527,0.0011442317699758
"ENSG00000263711.6",33.4263994678794,-3.7965625329749,0.405353629803584,-9.36605041581728,7.52975370552108e-21,6.67274250551956e-19
"ENSG00000263717.1",2.06466961542142,1.33175923682818,0.212686121392051,6.26161795660048,3.81003452660229e-10,5.87361479950462e-09
"ENSG00000263745.7",11.3468279755115,-1.64172930251765,0.302267354483854,-5.43138145143407,5.59194586825982e-08,5.39796486493447e-07
"ENSG00000263787.1",1.78258104048747,-1.12567388311346,0.290213271447278,-3.87878155089113,0.000104980973762229,0.00045450200328185
"ENSG00000263821.1",9.45387662509874,1.39561757358085,0.313104856510064,4.45734885474698,8.29795048537934e-06,4.76221234566882e-05
"ENSG00000263874.2",39.0380799867413,-1.12727735981073,0.15704769062335,-7.17793019009938,7.07746798716385e-13,1.80795159485251e-11
"ENSG00000263946.1",0.501727352570668,-1.26169055758919,0.515900412017337,-2.44560874191896,0.0144607833518939,0.0334739839121117
"ENSG00000263952.5",0.348090694972597,-1.12915256651353,0.405192072721304,-2.7867094213617,0.00532462008009782,0.0142124372082092
"ENSG00000263958.2",0.964435603923629,-2.77021147359372,0.571262831860385,-4.84927658355121,1.2391254500725e-06,8.71118605478915e-06
"ENSG00000263961.8",9.41265359683708,-1.13962827327405,0.23567551860876,-4.8355819051614,1.32756696170053e-06,9.26088252134904e-06
"ENSG00000264006.8",0.454909599344286,-1.34026682694513,0.424083538695414,-3.16038399195621,0.00157561335199272,0.0049318703593971
"ENSG00000264012.1",0.564318754674629,-1.02381783716558,0.356299041703317,-2.87347906486397,0.00405977983760585,0.0112301211055291
"ENSG00000264015.2",0.889870777231146,-2.82764569886251,0.652093091631382,-4.33626078109249,1.44926990892104e-05,7.80969230975339e-05
"ENSG00000264024.2",0.791763870665625,-1.42086008911159,0.457806982411738,-3.10362258265801,0.00191167023706726,0.00583225709410479
"ENSG00000264026.2",3.7466205158546,-1.5431086083123,0.238720095689681,-6.46409178018355,1.01909008479629e-10,1.75894610067704e-09
"ENSG00000264090.1",1.03920949273639,-2.18817110569452,0.519092590816392,-4.21537726487893,2.49360979463323e-05,0.000126869152019276
"ENSG00000264116.6",1.28666328510718,-1.44022362694487,0.311937712820898,-4.61702310349304,3.89283945299969e-06,2.43409347593762e-05
"ENSG00000264215.1",1.42697065423448,1.02540070810114,0.218960885869943,4.68303141918327,2.82663166460712e-06,1.83134006616369e-05
"ENSG00000264232.2",0.551249500429558,-2.42564847602863,0.971824390926232,-2.49597406555806,0.0125611784868332,0.0296831760444485
"ENSG00000264272.1",2.10163806499628,1.0397736700094,0.199530303104397,5.21110655289974,1.87717593459501e-07,1.60864301430181e-06
"ENSG00000264301.1",36.4289756510053,1.39147509169844,0.278331818702174,4.99933891204647,5.75272100679553e-07,4.40646130638474e-06
"ENSG00000264340.1",1.62457281379188,2.18291284806739,0.487185278295511,4.48066258427314,7.44116704322967e-06,4.32605657645421e-05
"ENSG00000264345.2",3.66532737158929,-2.78004807478603,0.3337164117171,-8.3305704399781,8.04537480409971e-17,3.83026194281778e-15
"ENSG00000264391.2",0.876011151155964,-1.71291688343396,0.344477518091502,-4.97250703884531,6.60925707070614e-07,4.98718123407205e-06
"ENSG00000264449.6",2.71524570071733,-2.08822136174368,0.308363355187361,-6.77195044941341,1.27057660144933e-11,2.59369865959908e-10
"ENSG00000264451.1",0.485133891976315,-1.20700552503702,0.390524386780837,-3.09073022298705,0.00199664951689541,0.00605197981484882
"ENSG00000264472.4",0.872622423518437,-1.0892212869124,0.303634851881858,-3.58727359577355,0.000334153655468888,0.0012661221832982
"ENSG00000264589.4",1.42666086041718,-1.28093048869283,0.296669352176518,-4.31770413524441,1.57660571944782e-05,8.42789542272544e-05
"ENSG00000264647.1",0.582056853705991,-1.11072890403491,0.303552025172523,-3.65910556321814,0.000253097074741942,0.000991257125935223
"ENSG00000264659.2",0.63621924044297,-1.0380667211964,0.306147509036506,-3.39074038022834,0.000697040972890459,0.00241661802763374
"ENSG00000264660.2",3.94240935237041,1.69596812391175,0.389084041969929,4.35887351052764,1.3073364389835e-05,7.12129974797278e-05
"ENSG00000264705.1",2.47345654236975,-1.99563934208676,0.241058695182561,-8.27864491913644,1.24584817963433e-16,5.73421285071563e-15
"ENSG00000264773.1",0.644615260034508,-1.56011183202044,0.356181072489185,-4.38010874951196,1.18620094909696e-05,6.53511185662352e-05
"ENSG00000264781.1",3.19785680896504,-1.5148839652419,0.385091162890219,-3.93383206685986,8.36022042639057e-05,0.000372419594171109
"ENSG00000264845.2",1.39883408894755,-1.49585368617115,0.396059971568551,-3.77683632164845,0.00015883303576611,0.000655162627283749
"ENSG00000264859.6",3.48721043316257,-1.01973803002613,0.296358520275898,-3.44089324334862,0.000579797243868516,0.00205190165613618
"ENSG00000264880.1",1.5040324295776,-1.39191067625527,0.440643238461136,-3.15881546512833,0.00158411760572634,0.00495477844139058
"ENSG00000264924.1",1.91431070413618,-1.53038603355116,0.196340662725658,-7.79454450395499,6.46412288486849e-15,2.25766281799079e-13
"ENSG00000264970.2",0.694459173031443,-1.21183944435425,0.490413806014996,-2.47105491218,0.0134715131011912,0.0314906089714122
"ENSG00000265018.6",11.4115623341119,-1.38141554096644,0.236312436051176,-5.84571664551452,5.04392003432523e-09,6.15488562732311e-08
"ENSG00000265043.1",1.24659666726241,-1.91676387133631,0.469857260101227,-4.07945994262887,4.51404470705353e-05,0.000215231591670194
"ENSG00000265095.1",5.53925344540155,1.39082724769149,0.246612389005957,5.63972983392124,1.70317178853182e-08,1.84630218766196e-07
"ENSG00000265115.1",0.422805820788278,-1.0753828417782,0.468182610414356,-2.29693033841315,0.02162274397286,0.0470934593617359
"ENSG00000265125.5",0.558570894472144,-1.12916348440597,0.341950394736795,-3.30212657094638,0.000959547607048944,0.00319045741153346
"ENSG00000265190.7",22.8210063798195,1.3858601829187,0.462628047230143,2.99562508416028,0.00273882945819404,0.00798255469435209
"ENSG00000265203.2",0.40194967111347,-1.50704060134458,0.496321028743934,-3.03642302877741,0.00239403223960928,0.00710060429191757
"ENSG00000265206.5",108.521065995756,-1.34002878556232,0.222460528577073,-6.02366988037639,1.70505964704549e-09,2.29338799516196e-08
"ENSG00000265222.1",22.3474288247413,1.40051384994101,0.160611327123617,8.71989463646659,2.78460790951379e-18,1.68954560489361e-16
"ENSG00000265243.1",0.968783857296917,-2.44699405774738,0.556584622008439,-4.39644568137256,1.10037881263494e-05,6.11907201106951e-05
"ENSG00000265262.1",1.34282869087688,-1.68348491830485,0.292395816395926,-5.75755473883144,8.53411001330118e-09,9.91598211833446e-08
"ENSG00000265282.1",1.53231783476062,-1.23802666178061,0.1913223544391,-6.47089392878387,9.74248097813982e-11,1.68785741731324e-09
"ENSG00000265374.1",2.24783145576364,1.28780550037022,0.394690154159245,3.26282651543073,0.00110307022464323,0.0036042299274074
"ENSG00000265380.1",0.573324208083569,-1.41783466420983,0.423338639517725,-3.34917376269989,0.000810529458163516,0.00275515051445097
"ENSG00000265452.1",9.15180493141928,-1.29879489442319,0.146944092890213,-8.83870095678881,9.68379326434004e-19,6.36831986791932e-17
"ENSG00000265465.1",1.33486783455336,-1.62907331808093,0.367699185841149,-4.43045125148772,9.40361038579157e-06,5.3196250830852e-05
"ENSG00000265485.7",4.19408077976954,-1.68905831282436,0.224831389388015,-7.51255559742763,5.79841031620109e-14,1.74128272804877e-12
"ENSG00000265612.1",6.20113329253651,-1.4538653780029,0.34793583002317,-4.17854458365523,2.93380490617595e-05,0.000146328805290539
"ENSG00000265643.1",0.354592281296627,-1.26500398753332,0.520084843841093,-2.43230311845009,0.0150031456243349,0.0345482153270877
"ENSG00000265702.2",29.3413735419982,-2.45742633412141,0.26566950520981,-9.24993755749528,2.24623857074784e-20,1.85602718642986e-18
"ENSG00000265724.1",0.584354297996396,-1.20945948192835,0.317318869484208,-3.81149562235076,0.000138128502320469,0.000580298879353413
"ENSG00000265728.1",2.67974105585087,-1.01564372552423,0.281067190710995,-3.61352644168475,0.000302060535313568,0.00115899556579602
"ENSG00000265752.3",2.12866269609184,-1.53292226852929,0.27659489238587,-5.54212066356868,2.98830261700584e-08,3.06590553858298e-07
"ENSG00000265763.4",20.3948317486763,-2.28167377251784,0.255789049892689,-8.92013858089342,4.65705100417e-19,3.22835118723742e-17
"ENSG00000265843.3",2.27232975975809,-3.6195050572481,0.758795559166581,-4.77006621022342,1.84165375795617e-06,1.24703182613513e-05
"ENSG00000265855.1",0.867530582715375,1.27735084688199,0.275863884082624,4.63036635306494,3.65019322929888e-06,2.29758187181766e-05
"ENSG00000265888.2",0.636635553350424,-1.29284609814893,0.361454488022521,-3.57678806319974,0.000347841964996852,0.00131141216883157
"ENSG00000265971.1",1.43728252391546,-1.7296622224367,0.262738469212724,-6.58320887542468,4.6040161344661e-11,8.43332386869458e-10
"ENSG00000265980.1",0.500941810570863,-2.09638704868695,0.680673262138942,-3.07987277493357,0.00207089035677137,0.00624512734059873
"ENSG00000265994.2",1.0074245982322,-2.8024198716124,0.823206716755015,-3.40427235902449,0.000663405700715787,0.00231254447145429
"ENSG00000266010.2",14.646604361388,-1.32077547270232,0.214928552815644,-6.14518385481903,7.98709453927573e-10,1.15063994191119e-08
"ENSG00000266017.1",9.53007509549454,-1.74176090209386,0.181229507850835,-9.61080192044366,7.19861329530574e-22,7.29728697023164e-20
"ENSG00000266049.1",0.673843067861105,-1.6703967762728,0.389442609976128,-4.28919880229643,1.79318812258981e-05,9.45193211808212e-05
"ENSG00000266079.5",0.262415457966678,-1.04408839886683,0.455384207371456,-2.29276374095944,0.0218616105852589,0.0475190763633978
"ENSG00000266110.1",0.747580913714281,2.28497366450496,0.434744858129374,5.25589577835785,1.47305697450324e-07,1.28999565896131e-06
"ENSG00000266256.3",13.0200279336397,-1.94689943890346,0.243654973631146,-7.99039481890793,1.34507282763373e-15,5.25412752463468e-14
"ENSG00000266278.1",3.50905286184945,-1.3603369661108,0.262896924136158,-5.17441187484666,2.28629986149719e-07,1.92121299724113e-06
"ENSG00000266369.1",0.849021411064396,-2.09526931684154,0.463991030632325,-4.51575392305777,6.30918951946376e-06,3.73270512182139e-05
"ENSG00000266378.1",4.06267402718859,-1.57061178830001,0.25266192098616,-6.21625839845507,5.09149341025262e-10,7.6754678678607e-09
"ENSG00000266401.2",5.57324732397751,-2.31620346273411,0.295764620323957,-7.83123911236281,4.83084910980606e-15,1.72788081498933e-13
"ENSG00000266479.1",0.366133527956668,-1.04316923731944,0.426473306699417,-2.44603641290655,0.0144436412279201,0.0334414025243617
"ENSG00000266524.3",37.9357475338615,-1.36681668621774,0.213893948219789,-6.39016062676657,1.65711591272437e-10,2.74832607999403e-09
"ENSG00000266554.2",1918.85685769206,2.05845070498508,0.313503815459911,6.56595104581209,5.17018008976751e-11,9.37126144312765e-10
"ENSG00000266560.5",4.14173412982269,-1.83713357579057,0.471829329838054,-3.89364005078091,9.87511469000571e-05,0.000430400080480303
"ENSG00000266573.6",3.76460692631663,-3.29362655177242,0.368068013834806,-8.9484183030657,3.6061219763255e-19,2.53171691858176e-17
"ENSG00000266594.1",0.384828914312845,-1.19783006946311,0.340078246790141,-3.52221902097221,0.000427950424043041,0.00157263267233217
"ENSG00000266604.1",0.937199676360728,-2.05846694333879,0.59165468414407,-3.47916951983016,0.000502970310977321,0.00180887468535177
"ENSG00000266696.1",0.972378148980554,-1.07897914444877,0.328786761238986,-3.2816988749267,0.00103183732380022,0.00340223902037166
"ENSG00000266709.1",34.8947569964818,-1.43818002444137,0.205100853629591,-7.01206259745121,2.34830086922417e-12,5.50790523288345e-11
"ENSG00000266913.1",7.20243280790406,-1.12794185801967,0.162327809992302,-6.94854355561846,3.69076560411023e-12,8.34125068178518e-11
"ENSG00000266968.2",3.6883955768399,-1.05567527418162,0.2793201590887,-3.77944534195393,0.000157178089719956,0.000649496496812568
"ENSG00000266976.3",1.82041076035579,1.06550817779755,0.404138875306953,2.63649018419292,0.00837686237452751,0.0210000092894694
"ENSG00000266977.2",10.8896491347382,1.3993332102658,0.37207511645102,3.76088899363417,0.000169310558466635,0.000693630895119791
"ENSG00000266978.1",0.360939608302615,-1.06784319575196,0.342966399659762,-3.11355047261571,0.00184850889939856,0.0056665072029204
"ENSG00000267013.6",19.1532568276659,-1.58618115951207,0.205579400221402,-7.71566196712223,1.2035591055231e-14,4.01463270816622e-13
"ENSG00000267027.1",1.34716496167287,2.61197072482626,0.400643934775254,6.51943159027598,7.05743172269874e-11,1.24817437131406e-09
"ENSG00000267038.1",1.01834338201744,-2.7173056652533,0.780235522932872,-3.48267360993648,0.000496433214969283,0.0017874692264189
"ENSG00000267056.2",1.35543391543311,-1.25823010091804,0.377149725831524,-3.33615541717271,0.000849456611696972,0.00286800289970346
"ENSG00000267057.6",2.79320088711125,-2.84290527358988,0.453922323957344,-6.26297743808924,3.77695284630066e-10,5.82477603702961e-09
"ENSG00000267079.1",0.292229120204667,-1.05284724197146,0.406724448114027,-2.58860082508807,0.00963667311474596,0.0236503931499895
"ENSG00000267101.7",0.363579873437447,-1.56743624543945,0.537370101873106,-2.91686537821114,0.00353568339208535,0.00997759866525336
"ENSG00000267107.8",151.384898901779,-1.42795926206639,0.14500599466089,-9.84758778701396,7.02087557017667e-23,8.15088353205817e-21
"ENSG00000267121.6",109.563483842843,-1.34839607106498,0.184203737424007,-7.32013416188832,2.47723164632861e-13,6.80493732218834e-12
"ENSG00000267128.2",18.1935820802826,-1.12185131590974,0.17938116943776,-6.25400826310807,4.00049831395791e-10,6.13764159928825e-09
"ENSG00000267151.5",0.764811127115507,-1.75479921628843,0.468752880348428,-3.74354865826972,0.000181439446342887,0.000737432649022401
"ENSG00000267159.2",0.63464026252792,-1.00807618360178,0.271101353878405,-3.71844761813295,0.000200450846665328,0.000806343214199028
"ENSG00000267172.1",0.723511496641231,-2.62914169772225,0.590555828957466,-4.45197823610274,8.50827913517137e-06,4.86746176759797e-05
"ENSG00000267231.1",8.04055597631535,2.63173193358235,0.294061441876905,8.94959882120145,3.56776615449492e-19,2.50902702052653e-17
"ENSG00000267240.1",0.742866058315139,1.86702616301362,0.448610348540589,4.16179914058468,3.15750025777235e-05,0.000156433455374341
"ENSG00000267257.1",0.467258469868286,-1.61029598427571,0.46281767129032,-3.47933124460495,0.000502666845366096,0.00180803456746912
"ENSG00000267260.2",15.5759458589601,-1.46784224704512,0.237806738251704,-6.17241655066772,6.72540273291109e-10,9.89105408298835e-09
"ENSG00000267284.2",22.1788915469776,-1.6735419405767,0.48455246482649,-3.45378893320864,0.000552769816229749,0.00196629742401068
"ENSG00000267293.1",2.99196828797759,-1.03554215025484,0.188537240350694,-5.49250720085142,3.96267388920672e-08,3.96668237435476e-07
"ENSG00000267313.7",27.0834109104625,-1.82774692237565,0.379627647741361,-4.81457800360444,1.4751127654025e-06,1.01909303117784e-05
"ENSG00000267316.5",1.07926288416123,-1.23485604083949,0.326595692827538,-3.78099303805445,0.000156204042865261,0.000646049599917006
"ENSG00000267325.2",12.4423207544036,-2.49342008489405,0.21062434025708,-11.8382333297789,2.47613908269002e-32,7.35094946819732e-30
"ENSG00000267327.2",31.9835608477558,-3.26440152969086,0.365053490839384,-8.94225534505881,3.81307294016277e-19,2.67249473084393e-17
"ENSG00000267334.1",0.453189765741265,-1.46579193905932,0.411236017702896,-3.56435690445361,0.000364749371270511,0.0013670947216832
"ENSG00000267337.2",0.467015993888995,-1.07919733210687,0.41015244220087,-2.63121030394435,0.00850813689225946,0.0212957052403546
"ENSG00000267339.7",98.3661740723574,2.26871570519461,0.314500507830897,7.21371078489471,5.44473354248365e-13,1.4205525140785e-11
"ENSG00000267344.1",3.91286264786653,-1.17994767571173,0.196247696778169,-6.01254279710352,1.82635594273896e-09,2.43603997728231e-08
"ENSG00000267353.1",1.20652025721217,-1.76980910528245,0.299517487649296,-5.90886735586777,3.44467922819008e-09,4.34104784966756e-08
"ENSG00000267361.1",3.97285630546235,-1.85214145775031,0.327868055330791,-5.6490451803292,1.61341452180356e-08,1.76048134300865e-07
"ENSG00000267374.2",22.4786451678268,-1.11613820221471,0.290672295480647,-3.83985064819852,0.000123109180517917,0.000523658147649744
"ENSG00000267382.1",4.01441044016985,-1.92618104764341,0.501343718668882,-3.8420368619709,0.000122017505340103,0.000519688532161022
"ENSG00000267383.7",19.9782130427453,-1.12895872950888,0.14814953649743,-7.62040001069099,2.52890796415841e-14,7.97469444661243e-13
"ENSG00000267389.2",3.2832729263675,1.3583802393097,0.392023055192821,3.46505191803469,0.000530129126340969,0.00189549438652644
"ENSG00000267391.5",0.422584940803065,-1.09695505437201,0.372485982042235,-2.94495660845467,0.00322999957788807,0.00921570964894516
"ENSG00000267413.1",4.23869714654987,-1.78545465152695,0.491689476730531,-3.63126472301026,0.000282035704352197,0.00109153253974169
"ENSG00000267425.1",1.37131362255689,2.02232033825984,0.471080820214635,4.29293711711385,1.76324956920159e-05,9.31065666308684e-05
"ENSG00000267446.1",0.77159056810306,1.13385929361995,0.345781536584465,3.27912040885672,0.0010413119528203,0.00343102960069109
"ENSG00000267448.6",1.41809521461164,-2.9286419767146,0.735901008579505,-3.97966838280015,6.90114659052036e-05,0.000314674113653546
"ENSG00000267461.1",3.44529020165394,-1.52431831504667,0.228219839133698,-6.67916654762728,2.40304946719818e-11,4.6583741583811e-10
"ENSG00000267466.1",4.63584849307498,-2.49537266109584,0.302902484029415,-8.23820467861701,1.74813941367911e-16,7.85472111473852e-15
"ENSG00000267476.1",0.446693932161585,-1.10490598794938,0.296214828578396,-3.73008330896899,0.000191416468674052,0.000773444611222144
"ENSG00000267497.1",0.956296469273731,-1.16951477629554,0.236796990836067,-4.93889205334195,7.85676871241161e-07,5.8031459254532e-06
"ENSG00000267506.5",4.08992184125623,-2.71588132739614,0.30818039605735,-8.81263494414727,1.22238103580974e-18,7.79211665802523e-17
"ENSG00000267577.1",9.39001333900852,-2.62566834408158,0.302057143464861,-8.6926212502802,3.5417152909639e-18,2.10889356623269e-16
"ENSG00000267582.1",0.965018184488618,-1.12873632558799,0.240817382105831,-4.68710487473012,2.77096989289088e-06,1.79948516700517e-05
"ENSG00000267593.2",0.662448139942044,-1.31209840225615,0.331982240519763,-3.95231504011143,7.73987491707658e-05,0.000348747486235404
"ENSG00000267594.5",2.81073056905201,-2.25671105007626,0.370169795887092,-6.09642135892846,1.08469272654231e-09,1.51689095223928e-08
"ENSG00000267641.1",1.14055815076062,-1.09032011456401,0.253166004235199,-4.30673983206319,1.65678281297189e-05,8.81707601208654e-05
"ENSG00000267650.1",1.94039204074909,-1.00368058956761,0.287683183652177,-3.48883996911375,0.00048512148798839,0.00175235696886611
"ENSG00000267653.1",1.24756786085242,-1.16685970393736,0.412286785456033,-2.83021368886876,0.00465169241991048,0.0126334973151812
"ENSG00000267659.5",13.9558062383574,-1.8236580994293,0.221586460575609,-8.23000689975387,1.87202659860048e-16,8.37515279774307e-15
"ENSG00000267665.2",1.63645679418943,-1.3143753217846,0.285795613703157,-4.59900452898408,4.24514554725661e-06,2.62945960111892e-05
"ENSG00000267677.1",0.688984870127773,-1.53771283327037,0.318390116924468,-4.82965001591165,1.36773237350813e-06,9.52189160933754e-06
"ENSG00000267683.1",38.5516058017778,1.2504674237422,0.311813378449358,4.01030715859838,6.06398098841873e-05,0.00028004623059586
"ENSG00000267696.6",9.37434923624721,2.06903218975995,0.397713809274776,5.20231418047262,1.96822117706876e-07,1.6797373421218e-06
"ENSG00000267707.2",3.39379257988973,-1.02124275356531,0.216189539724165,-4.72383055567033,2.31443276792502e-06,1.52904871563344e-05
"ENSG00000267709.1",0.678649974845338,-1.19646290484366,0.350630127245734,-3.41232202218932,0.000644119729198423,0.00225268463353626
"ENSG00000267712.6",2.23652996397435,-1.735575697547,0.320960666244132,-5.40744047504832,6.39317799799219e-08,6.08735999891297e-07
"ENSG00000267714.2",0.696319823780909,-1.3021624211208,0.380745840224492,-3.42003059141245,0.000626140940427531,0.00219720278335436
"ENSG00000267731.1",10.7433619627581,-1.16664571417924,0.207370164095657,-5.62590920090644,1.8453339946376e-08,1.98231510687846e-07
"ENSG00000267734.1",1.19051168979288,-1.33027986808525,0.310566741377054,-4.28339448772519,1.84063404404176e-05,9.6664685542663e-05
"ENSG00000267750.6",14.2849131901599,-1.14181108979236,0.184419699322373,-6.19137268951097,5.96425003414319e-10,8.8657424863755e-09
"ENSG00000267767.3",9.29769362863331,-1.05991396045174,0.226831435922373,-4.67269431215196,2.97274049081511e-06,1.91763216326645e-05
"ENSG00000267790.1",0.475667696032965,-1.52342019932033,0.511360870598462,-2.97914894727362,0.00289050233127988,0.00836245704389909
"ENSG00000267799.1",1.08760606557338,-1.84153898075157,0.617998157153023,-2.97984542419208,0.00288393871495543,0.00834637287591239
"ENSG00000267895.1",0.658538783817776,-1.0879558027768,0.340963061234141,-3.19083187146099,0.00141863808062079,0.00449812602279228
"ENSG00000267919.1",1.6923562027765,-1.89880804477008,0.2998943522315,-6.33158987703883,2.42647757373882e-10,3.88329845667049e-09
"ENSG00000267924.1",3.06027890542886,1.73014411756486,0.411089087993464,4.20868412248484,2.56862175390091e-05,0.000130264987753645
"ENSG00000267943.1",1.79228405613399,-1.03539264740976,0.277441535432754,-3.73193093022192,0.000190017608556302,0.000768315190856799
"ENSG00000267986.1",1.36561826210239,-2.21246701217877,0.268146300261859,-8.25096975053612,1.57114320408661e-16,7.09010356658499e-15
"ENSG00000268027.5",75.3783943625468,-1.74897850198681,0.224642873101892,-7.78559532219623,6.93857072300652e-15,2.41322909112634e-13
"ENSG00000268041.2",19.7701233065357,-1.33901692250891,0.196491366050972,-6.8146349095133,9.45034533198948e-12,1.97772030557979e-10
"ENSG00000268070.1",0.901650706091024,-1.35476971897194,0.280572624243064,-4.82858840069259,1.37504290244676e-06,9.56637648334318e-06
"ENSG00000268079.1",1.075172913177,-1.38596366967978,0.445528510928361,-3.11083047590334,0.00186562008710526,0.00571188965453178
"ENSG00000268088.1",1.36049473867263,-1.24014653721055,0.381500017175927,-3.25071161566597,0.00115116561706935,0.00374430625893225
"ENSG00000268089.3",74.6360844174427,-1.31570868752163,0.241677820859559,-5.44406053829075,5.20795073914746e-08,5.05849143772953e-07
"ENSG00000268119.6",13.7320694808593,-1.30531126713908,0.208770484384474,-6.25237456811761,4.04258395813232e-10,6.19078387869917e-09
"ENSG00000268223.6",1.81995409717667,-2.38587093067586,0.311304012631614,-7.66411878377943,1.80063189985917e-14,5.85127936059007e-13
"ENSG00000268289.1",0.543947106813753,-1.08010067658047,0.246086632911985,-4.38910746105732,1.13816820776974e-05,6.30223115525258e-05
"ENSG00000268297.1",3.85058282260592,-1.31958030264042,0.305841253905259,-4.31459224611074,1.59897757239515e-05,8.53541046286763e-05
"ENSG00000268388.6",16.3713896577258,-1.69401187450132,0.292439077757068,-5.79270009840666,6.92637263158995e-09,8.2202712539732e-08
"ENSG00000268392.1",1.31889178821481,-1.07136352703747,0.240424810019506,-4.45612716487351,8.34535410441855e-06,4.78413251431509e-05
"ENSG00000268496.1",16.3108121680582,-2.10501564312475,0.259276559773701,-8.11880427973137,4.70799051224705e-16,1.99260185000012e-14
"ENSG00000268535.1",1.0773421723382,-1.0647305557467,0.410719172562793,-2.59235659514756,0.00953209119881369,0.0234283130931458
"ENSG00000268555.2",1.86440392345814,-1.41619133525458,0.259037176914855,-5.46713545955637,4.57366532595729e-08,4.50135873880631e-07
"ENSG00000268621.6",32.9461818856338,1.08199213143083,0.310305068116322,3.48686580595981,0.000488716514788273,0.00176335061963974
"ENSG00000268635.2",0.736500636241372,-1.06592697776755,0.337776441247229,-3.15571735504006,0.00160103926131696,0.00500130731145098
"ENSG00000268658.5",10.5566786802138,-1.45270648757515,0.22060022465944,-6.5852448238338,4.54136435148549e-11,8.32590141934010e-10
"ENSG00000268673.3",0.859657340391622,-1.64014050088987,0.622776358608881,-2.63359467362171,0.00844862782435685,0.0211594980196396
"ENSG00000268707.1",4.73730854586392,-1.63209162289499,0.204589463354939,-7.97739823024753,1.49450037388266e-15,5.77271603525197e-14
"ENSG00000268747.1",0.914445748728537,-2.17723045747517,0.337468760864385,-6.45165037468493,1.10638591696833e-10,1.88999636173603e-09
"ENSG00000268758.7",25.4199045103775,-1.539532672061,0.191502483967196,-8.03923082441434,9.04041430664721e-16,3.64440057626451e-14
"ENSG00000268812.3",12.3614454303925,-1.51894626623372,0.267033445163791,-5.68822480383323,1.28366768211889e-08,1.43418807000605e-07
"ENSG00000268866.1",0.472363464011906,-1.02627720426593,0.296721665240228,-3.45872015592474,0.00054274850196832,0.00193462377691315
"ENSG00000268869.6",8.38994659950997,-1.73287125040052,0.293485336282567,-5.90445598526298,3.53812313724146e-09,4.44801796219085e-08
"ENSG00000268894.7",24.3892721693351,1.93747814309312,0.272854206385963,7.10078165462649,1.24053237230658e-12,3.03576401679485e-11
"ENSG00000268903.1",24.1753640625742,-1.02124242007162,0.184901881478815,-5.52315861744557,3.32958889997178e-08,3.37687588727738e-07
"ENSG00000268926.3",1.86758864946023,-2.07372442267366,0.349113293687782,-5.93997553278,2.85064618910717e-09,3.65787455732239e-08
"ENSG00000268940.5",41.6022226786508,-6.60855746067402,0.714043857789596,-9.25511421823802,2.14001484084541e-20,1.78243079790014e-18
"ENSG00000268941.2",161.808730531062,-2.85591997592594,0.261931825631516,-10.9032950426712,1.111575048273e-27,2.17921142246803e-25
"ENSG00000268964.3",7.22539845356239,1.84373460691036,0.422517744831501,4.36368561903984,1.27889329557208e-05,6.98467321295225e-05
"ENSG00000269040.1",0.635205803577381,-1.07496870007341,0.270028889481053,-3.98093960294139,6.86433906381518e-05,0.00031309883688574
"ENSG00000269069.1",29.2430895716076,-1.07522745250991,0.150733407269325,-7.13330556237433,9.79866943316457e-13,2.44009765716708e-11
"ENSG00000269096.7",3.27620323471193,-3.95211288116121,0.849412772706501,-4.65275895083201,3.27523039826766e-06,2.08857182480087e-05
"ENSG00000269113.4",111.006442188774,-2.15747726940121,0.211251305287907,-10.2128470470791,1.73692121658675e-24,2.41437858206617e-22
"ENSG00000269124.1",0.729537617898528,-2.2019729190053,0.550701177295533,-3.99848957981003,6.37479869896806e-05,0.000292988370592182
"ENSG00000269125.1",0.656201694253115,-1.07453519417483,0.291241735431446,-3.68949591851255,0.000224698832950588,0.000891374715576247
"ENSG00000269220.1",28.3803029520181,-1.50070210412417,0.187038900162828,-8.0234758802459,1.02794178093998e-15,4.10012632432126e-14
"ENSG00000269226.7",3.40117016207876,-1.26397115242564,0.206187052176905,-6.13021593296352,8.7759879752302e-10,1.25385910012553e-08
"ENSG00000269235.2",20.8270873201136,-1.1208297333539,0.18969875581782,-5.90847171623153,3.45296082143554e-09,4.35016543378308e-08
"ENSG00000269296.1",1.08390505682792,-1.10527958889114,0.267251778544252,-4.13572397875782,3.53837300017019e-05,0.000173197336748408
"ENSG00000269345.1",1.30924415916329,-1.68297111935805,0.435347155617534,-3.86581397774559,0.000110719307385399,0.000476664165480833
"ENSG00000269373.1",0.859273754795617,-1.65170555753351,0.336524139233296,-4.9081339641685,9.19470426815151e-07,6.68094927959639e-06
"ENSG00000269374.1",0.463922453139209,-1.19457215210782,0.372279335196605,-3.2088059668339,0.00133287408349942,0.00425377506399468
"ENSG00000269416.6",3.73625078568881,-1.32571158724032,0.271346099903824,-4.88568506313598,1.03069840409658e-06,7.39732120032158e-06
"ENSG00000269446.2",1.49561834520121,1.05283278585515,0.394122590635712,2.67133326246777,0.00755505965116551,0.0192074497933534
"ENSG00000269586.7",31.9388598600141,-4.42814110159117,0.718983751292063,-6.15888897855271,7.32570587681326e-10,1.06682196093943e-08
"ENSG00000269652.1",1.2494692708553,-2.4957229400136,0.319941237028777,-7.80056663902041,6.16298121452599e-15,2.15974557536365e-13
"ENSG00000269842.5",2.66806924919244,-1.53235742771403,0.270657331439135,-5.661614335611,1.49955541103913e-08,1.64966971925909e-07
"ENSG00000269891.2",0.733335459735159,-1.86087188922987,0.314351091376832,-5.91972460181197,3.22481161789341e-09,4.08626891655139e-08
"ENSG00000269902.1",2.14365814289427,-1.16686307918888,0.253286278600167,-4.60689416591283,4.08727895374108e-06,2.54304622567944e-05
"ENSG00000269919.1",2.91951786617429,-1.27630785022367,0.230140041864919,-5.54578785977977,2.92633456137306e-08,3.01107096991477e-07
"ENSG00000269933.1",1.20036107745578,-1.41904235123492,0.328139849135203,-4.32450479566788,1.52874878660298e-05,8.19631799133038e-05
"ENSG00000269954.2",19.8973557344532,-1.18954254146997,0.281126158948512,-4.23134775475601,2.32295202122643e-05,0.000119105023323727
"ENSG00000269967.1",2.57408251980949,-1.01480563584277,0.154383752599735,-6.57326706181204,4.92230547089352e-11,8.95713047203487e-10
"ENSG00000269978.1",4.76437599888571,-1.27955526889065,0.27053460157836,-4.7297286980129,2.2482006993772e-06,1.49050434626759e-05
"ENSG00000269981.1",8.73280519098075,-1.13668872415333,0.193730259161271,-5.86737832837508,4.4273967308749e-09,5.45704219835772e-08
"ENSG00000269985.1",3.12903598766208,-1.35113965489399,0.386262269443636,-3.49798507848086,0.000468787359706316,0.00170000351139638
"ENSG00000269993.1",0.571390450422462,-2.20768862763657,0.685476100508401,-3.22066462419213,0.00127893715946708,0.00410401376017379
"ENSG00000270011.7",7.68263737649949,-1.1347355160766,0.179597246221796,-6.31822335780831,2.64587417913494e-10,4.2101004070906e-09
"ENSG00000270025.2",0.670186263928631,-1.22222153040448,0.426510528860168,-2.8656303835472,0.00416179851108493,0.0114665342868884
"ENSG00000270035.1",2.98173157792729,-1.40261889719501,0.30520147346738,-4.59571469711439,4.3126846709234e-06,2.66771543820388e-05
"ENSG00000270036.1",1.35789339667085,-1.02738781743326,0.384140450247438,-2.67451088988801,0.00748383456266984,0.0190590154469169
"ENSG00000270052.1",1.11819822475424,-1.10132594331108,0.236901376368515,-4.64887946281029,3.33743168502473e-06,2.12355076076237e-05
"ENSG00000270059.1",1.24587394340762,-1.77023920195035,0.254579211438141,-6.95358899082964,3.56108134760982e-12,8.07891173413533e-11
"ENSG00000270071.3",1.13485493101749,-1.33449890422409,0.323564345309411,-4.1243694602629,3.71751757946345e-05,0.000181028079247405
"ENSG00000270111.3",0.451486534997252,-1.00008225759341,0.386145064100359,-2.58991335270181,0.00960000920249428,0.0235687626247308
"ENSG00000270112.4",20.1969336338045,-2.77168986072842,0.22213326894772,-12.4775990280896,9.89248417023636e-36,4.37395135195068e-33
"ENSG00000270120.1",2.31562998935471,-1.13361785155889,0.256221472752538,-4.42436708906812,9.67254303834684e-06,5.45320447313851e-05
"ENSG00000270171.1",1.87226402355883,-1.88741221441864,0.312917703050881,-6.03165687341041,1.62287078029453e-09,2.18992712242211e-08
"ENSG00000270182.1",1.54699222157511,-1.06467452121255,0.27080208523312,-3.93155953838399,8.43965884913187e-05,0.000375515577655089
"ENSG00000270194.1",355.524810126938,1.15945113507512,0.118151208922068,9.81328202777753,9.87048976645606e-23,1.13013029111142e-20
"ENSG00000270321.2",0.316058033004736,-1.69361034226007,0.683314314020732,-2.47852314448763,0.0131927551629496,0.0309224729349487
"ENSG00000270325.1",1.00186776039055,-1.71021257200657,0.339425141474618,-5.03855596723516,4.69057266728842e-07,3.66377713207745e-06
"ENSG00000270332.2",7.86832687424811,-1.08707874022135,0.139964485139084,-7.76681841212155,8.04820950219947e-15,2.76903711366237e-13
"ENSG00000270343.1",0.87930783931043,-1.9024998979961,0.369330195192134,-5.15121677773022,2.58801833114222e-07,2.14911524233632e-06
"ENSG00000270372.1",1.26051881760639,-2.44222591301703,0.834993424445321,-2.92484448561901,0.00344628401717936,0.00975844504169563
"ENSG00000270379.6",5.87771750148837,-1.10123664300811,0.230737726478567,-4.77267701218509,1.81793208027555e-06,1.23338056024179e-05
"ENSG00000270423.1",0.642973938895957,1.13999004705236,0.333541226355864,3.41783850682397,0.000631205475285322,0.00221291960892523
"ENSG00000270445.1",0.343005096279134,-1.15441557792627,0.373230463927578,-3.0930368485416,0.00198119533588651,0.00601083586758997
"ENSG00000270457.1",1.87948258826414,-1.03844391282872,0.253781742066887,-4.09187794350875,4.2789386574972e-05,0.000205240909962953
"ENSG00000270460.1",3.37389270180091,-2.85004658528805,0.519438372140965,-5.48678483944311,4.09315180498873e-08,4.07765041512324e-07
"ENSG00000270472.2",14.2915263580524,-1.52807273999624,0.341798586078543,-4.47068186421666,7.79706089062943e-06,4.50962210877178e-05
"ENSG00000270490.1",2.8584444945688,1.30834932104304,0.223636381415405,5.85034202736798,4.90563189847514e-09,6.00618925400183e-08
"ENSG00000270495.1",2.08731660360545,-1.36747411863768,0.509684459187897,-2.68298178213347,0.00729689651443922,0.0186515137105242
"ENSG00000270497.1",0.694594148105574,-1.15835119252349,0.319931252795172,-3.62062531372981,0.000293891864129284,0.00113141289893862
"ENSG00000270513.1",0.82290451755178,-1.87479747218206,0.425183724031751,-4.40938202997172,1.03666010718989e-05,5.79887851615425e-05
"ENSG00000270533.2",5.66187831840647,-1.43718295032595,0.232442472668881,-6.18296189084705,6.2909905609345e-10,9.31810939748966e-09
"ENSG00000270540.1",0.873022351607165,-1.56870652576571,0.431993704238973,-3.63131802702829,0.000281977448933318,0.00109140871042714
"ENSG00000270547.6",91.2367664468822,-1.23713420563287,0.176039899594494,-7.02757845512636,2.1014865159942e-12,4.96825839463885e-11
"ENSG00000270562.1",5.10869590136154,-1.64281937198934,0.223980406689127,-7.33465661694905,2.22290681539129e-13,6.13876764526862e-12
"ENSG00000270571.2",12.2714833685301,-1.02984298251286,0.151187110096667,-6.81171153978926,9.64443460199834e-12,2.01630780144998e-10
"ENSG00000270640.1",3.26040876042808,-1.18224831322565,0.235967108180722,-5.01022503661907,5.43664246371911e-07,4.19034078146817e-06
"ENSG00000270641.1",3.46400772358757,-1.14680139303062,0.202430899725657,-5.66514990836287,1.46896054080544e-08,1.62116139131588e-07
"ENSG00000270659.1",8.99868722376184,-1.08490876392031,0.191586471510805,-5.66276290473424,1.48954907956151e-08,1.6399639429069e-07
"ENSG00000270661.1",7.09742320601547,-2.20909129869178,0.237243912128606,-9.3114772845858,1.26066535845106e-20,1.08704924539301e-18
"ENSG00000270712.1",0.909034673485548,-2.78502004722748,0.474408057797023,-5.87051590177471,4.34441107423305e-09,5.36270903080707e-08
"ENSG00000270716.1",0.387314243647325,-1.36381427327171,0.421953012303909,-3.23214726167054,0.00122863720981994,0.00396249086013318
"ENSG00000270722.1",0.516242222924989,-1.13804704565013,0.339246072886445,-3.35463587232464,0.000794695153141395,0.00270811686624067
"ENSG00000270773.1",0.799242143543968,-1.62400618589224,0.350570072662687,-4.63247240004664,3.61324517509065e-06,2.27896175850206e-05
"ENSG00000270806.2",1.0041196321928,-1.31982021712662,0.312872197951925,-4.21840043879329,2.4604157011361e-05,0.000125395214433622
"ENSG00000270835.2",1.24778812135589,-1.9442607152496,0.42560338824549,-4.568245387483,4.918240369741e-06,2.99504624537986e-05
"ENSG00000270864.1",5.80226297924214,-1.14760920200996,0.372467474004308,-3.08109910825846,0.00206237989400114,0.0062221713962308
"ENSG00000270885.2",241.383460476352,-1.01976661881093,0.207976876024534,-4.90326923984873,9.4254653705618e-07,6.82951868429724e-06
"ENSG00000270930.1",0.597861191540944,-1.09268513503704,0.334314036333436,-3.26843930042838,0.0010814237090634,0.00354352981678437
"ENSG00000270951.1",2.49360055491932,-1.3975837056903,0.321043044319923,-4.35325957193951,1.34128180668562e-05,7.28520052920381e-05
"ENSG00000270999.1",1.72005389531944,-1.75352888316443,0.484171155457013,-3.62171282489816,0.00029265889700253,0.00112758931602278
"ENSG00000271035.1",1.22011697110853,-1.40404719809126,0.520363423387624,-2.69820501400877,0.00697144925173211,0.0179410138576155
"ENSG00000271046.1",3.28780432369368,-1.19042518385397,0.367016770490943,-3.24351713482082,0.00118063709096545,0.0038251979088483
"ENSG00000271086.7",6.71156157349518,-1.11028347522768,0.26180354944328,-4.24090306486934,2.22622272044488e-05,0.000114498538184792
"ENSG00000271095.1",1.10108778220068,-1.30871568289965,0.335894152517988,-3.89621454582946,9.77078436022235e-05,0.000426523831088711
"ENSG00000271134.1",0.965482600910038,-1.05080673193128,0.371446634593229,-2.82895747078721,0.00466999043877184,0.0126784337720449
"ENSG00000271178.1",12.306491390066,-1.04908560086158,0.335953876746811,-3.12270723297002,0.00179195901991586,0.00551155835680139
"ENSG00000271208.1",0.664364077502176,-1.66123394607581,0.307674623943235,-5.39932063549803,6.68937255682612e-08,6.34467599741687e-07
"ENSG00000271283.1",0.607689287041215,-1.21890378188165,0.287278487112482,-4.24293442273803,2.20615918140095e-05,0.000113579075805012
"ENSG00000271306.1",0.351971353349092,-1.25909898485616,0.392269788400451,-3.20977812232332,0.00132837466997639,0.00424136959618643
"ENSG00000271321.1",0.50168364201915,-1.25181757603413,0.364262720914212,-3.43657888705263,0.000589110768394943,0.00208202565952641
"ENSG00000271351.1",1.18170612498657,-1.36913681149081,0.493272617285415,-2.77561892453196,0.00550967450372199,0.0146368227372127
"ENSG00000271375.1",9.44536090923573,-1.11928891904364,0.362862877954082,-3.08460574791912,0.0020382213778407,0.00615867371180045
"ENSG00000271377.1",1.27334922325219,-1.11479134270717,0.245241201117852,-4.54569353610141,5.47546578178822e-06,3.29240898180964e-05
"ENSG00000271382.1",2.55987530303214,-1.23954022193343,0.187911919785563,-6.59638953903477,4.21291122385587e-11,7.76827933832731e-10
"ENSG00000271392.1",0.598151928151047,-1.3147781275311,0.342456456714817,-3.83925635435161,0.000123407526096058,0.000524589427924797
"ENSG00000271402.1",0.430916425026058,-1.38271799409732,0.518560928183588,-2.66645232786954,0.0076656477353992,0.0194422195141674
"ENSG00000271447.6",155.571841093291,-1.19880665917,0.19832366966545,-6.04469784767623,1.49690263130016e-09,2.0358071715346e-08
"ENSG00000271474.1",15.703918451346,-1.41203161875557,0.232229391258284,-6.08033122381618,1.19934535674856e-09,1.65991314409536e-08
"ENSG00000271524.1",3.80176205947446,-1.36847321160751,0.229149519753871,-5.97196630862407,2.34410947667222e-09,3.05793716476619e-08
"ENSG00000271547.1",1.44390489525539,-1.364544175017,0.264238084249457,-5.16407079960807,2.41636231571655e-07,2.01826468178881e-06
"ENSG00000271569.1",8.04499347787267,-1.39848822009785,0.356847745782701,-3.91900533666099,8.89151461510613e-05,0.000392627447436407
"ENSG00000271614.1",123.922233429489,-1.04418040814198,0.130362076653859,-8.00984791700209,1.14850380919294e-15,4.55913231305414e-14
"ENSG00000271680.1",4.24847222022979,-1.5677700775882,0.313055019435352,-5.00796978248726,5.50071678234687e-07,4.23418089020114e-06
"ENSG00000271709.1",3.25958542384299,-1.74787279146361,0.269244671194518,-6.491763731884,8.483723573143e-11,1.48027086123833e-09
"ENSG00000271711.1",0.65233455275759,-1.03240892170064,0.248025781920862,-4.16250646890431,3.14773221485064e-05,0.000156005302067282
"ENSG00000271736.2",0.396816335109877,-1.16056631154212,0.458624604451846,-2.53053652219388,0.0113888227522636,0.0272843745187186
"ENSG00000271743.1",5.56408399848029,-1.00189942970881,0.179502119752992,-5.58154650812758,2.3838928773929e-08,2.49947920711916e-07
"ENSG00000271761.1",0.910928998516062,-1.25203489384882,0.301079943255725,-4.15847990507091,3.20372409687015e-05,0.000158402546888076
"ENSG00000271766.1",5.84347246530858,-1.1147642044561,0.361585382843032,-3.08299023508931,0.00204931879367486,0.00618860624156903
"ENSG00000271778.1",6.14293686609067,-1.05342948109395,0.155003082364689,-6.79618408242654,1.07426499434621e-11,2.22686292743228e-10
"ENSG00000271779.1",0.489600954629416,-1.06083053885033,0.300489548986416,-3.53034088016914,0.00041502457248673,0.00152959575079307
"ENSG00000271811.1",32.3183043043176,-1.65101609525798,0.231227945756266,-7.14021002028141,9.3188425264987e-13,2.32662301478916e-11
"ENSG00000271821.1",0.860016059519905,-1.26155517297459,0.249007315918184,-5.06633778338101,4.05542029617107e-07,3.22216360828641e-06
"ENSG00000271824.2",1.11801766660676,-2.81928626108013,0.453559384890742,-6.2159142881792,5.10266531302935e-10,7.68673344473092e-09
"ENSG00000271830.1",3.08679069526938,-1.4497166999039,0.410312038252327,-3.53320537725089,0.00041055340333896,0.00151472885482236
"ENSG00000271856.1",39.0802974984096,-1.19548392468638,0.280252825268767,-4.26573371219324,1.99246314461967e-05,0.000103745397407908
"ENSG00000271857.1",23.6879661617354,-1.23781396099256,0.182540590910233,-6.78103404190951,1.19318755219705e-11,2.44774240100759e-10
"ENSG00000271858.5",2.16643066194779,-1.34189413090805,0.213971863469363,-6.27135787458421,3.57912911843612e-10,5.56096315590438e-09
"ENSG00000271893.1",0.541772994840392,-2.00267638276889,0.623742779807557,-3.21074078546733,0.00132393300332434,0.00423019016006043
"ENSG00000271897.1",0.417651830032104,-1.33262517890022,0.461079818124571,-2.89022665169045,0.00384964161322158,0.0107230617739237
"ENSG00000271930.1",2.78743275478978,-1.10247066332249,0.26894897550601,-4.09918149436436,4.14613816061414e-05,0.000199354227477377
"ENSG00000271952.2",5.36021418637896,-2.40915827191546,0.327843126758627,-7.34850931826669,2.00429496157978e-13,5.5832779620093e-12
"ENSG00000271959.1",5.43081722801013,-1.47898063928105,0.186969169699119,-7.91029152913875,2.56786846819259e-15,9.55467764324264e-14
"ENSG00000272057.1",1.60880424658892,-1.10345280171507,0.237512300159862,-4.64587644922967,3.38635638218658e-06,2.15105829063791e-05
"ENSG00000272071.1",3.29995205401976,-1.85626278579967,0.347193086386492,-5.3464854531501,8.96784848208509e-08,8.26250761721172e-07
"ENSG00000272088.1",1.15572294662078,-1.69049903684665,0.289477327205615,-5.83983226999294,5.2253402969638e-09,6.35759933906351e-08
"ENSG00000272103.2",6.01101296778077,-1.32640529830453,0.171362734499735,-7.7403369068354,9.9153718613171e-15,3.36960494930549e-13
"ENSG00000272108.1",17.1237481410025,-1.39815549380337,0.257187479378365,-5.43632799381517,5.43897940165819e-08,5.25953610729916e-07
"ENSG00000272141.1",2.26850673425302,-1.00038410054426,0.42424522177256,-2.35803268770948,0.0183720751254497,0.0410858319270347
"ENSG00000272154.5",1.00061986596181,-1.324914435801,0.339769351725858,-3.89945246406451,9.6410462477016e-05,0.000421524473119055
"ENSG00000272161.1",0.823420518325022,-1.00356254591298,0.281416917233274,-3.56610596043557,0.000362324922859495,0.00135935624154959
"ENSG00000272163.1",32.4635302428637,-1.76155459859134,0.369113334028516,-4.77239491558236,1.82048098516143e-06,1.2347067673838e-05
"ENSG00000272211.1",5.12956919296234,-1.29392442638026,0.193758850427595,-6.67801457081717,2.42200963949909e-11,4.69294007631053e-10
"ENSG00000272218.1",1.16270711618456,-1.38654900214889,0.41694211643466,-3.32551917279428,0.000882540301810883,0.00296501010620515
"ENSG00000272235.1",2.09234319841118,-1.75975315511664,0.281400480222507,-6.25355420049454,4.01215231877293e-10,6.1532499879277e-09
"ENSG00000272243.6",0.586835920398798,-1.17546047405766,0.405758428876919,-2.89694653370766,0.00376813968238481,0.0105263759563972
"ENSG00000272311.1",1.07957398139339,-2.08404673989413,0.504002275856668,-4.13499470087077,3.54962826049952e-05,0.000173686896353757
"ENSG00000272321.1",1.13615193718323,-1.01723861574572,0.331455095883366,-3.06900882918893,0.00214770243875644,0.00644962491037536
"ENSG00000272328.1",0.926704808667793,-1.57225348669322,0.622084734599549,-2.52739441951637,0.011491236933113,0.0274813734630326
"ENSG00000272330.1",1.15591537999524,-1.06844949013334,0.292352347113997,-3.65466362996813,0.000257519380921613,0.00100658520736049
"ENSG00000272341.1",97.5520560567933,-1.2443345138642,0.130245435316325,-9.55376678531654,1.25064479535135e-21,1.22304232904454e-19
"ENSG00000272382.1",8.53887823156892,-1.08343837200562,0.150203112010612,-7.21315529021176,5.4670006630684e-13,1.42536470890342e-11
"ENSG00000272398.6",752.375614042312,-1.51728143133859,0.278065622417042,-5.45655884445499,4.85450446833646e-08,4.74847998853848e-07
"ENSG00000272405.1",479.73975127833,-1.09630942669358,0.219091055880164,-5.00389859498979,5.61823191198208e-07,4.31652582783065e-06
"ENSG00000272428.1",3.2866676306039,-2.11273351371005,0.331336755326826,-6.37639344185065,1.81306794120158e-10,2.98080418402769e-09
"ENSG00000272438.1",3.39727007156877,-1.7289265886657,0.295332760104691,-5.8541645974284,4.79413650252428e-09,5.87769620406826e-08
"ENSG00000272461.1",1.18262082560785,-1.43645386312927,0.390823685348916,-3.67545242772799,0.000237428281861378,0.000936064717389734
"ENSG00000272482.1",18.7660308398116,-1.0884308895442,0.203699370729276,-5.34331984260653,9.12595274168085e-08,8.3877233049478e-07
"ENSG00000272502.1",33.2527624325742,-1.19489990980959,0.176605042832044,-6.76594445236746,1.32442354874392e-11,2.6904052557622e-10
"ENSG00000272551.1",20.6269466338509,-1.01922443681391,0.190245510396395,-5.35741650192038,8.44203601030894e-08,7.83362135879572e-07
"ENSG00000272563.1",0.650932870520109,-2.03237185899523,0.364414094205651,-5.57709455070718,2.44568953980168e-08,2.55653291381381e-07
"ENSG00000272568.6",20.6033789761409,-2.1938011687427,0.233819384105591,-9.38246064215101,6.44507234537765e-21,5.76064724341045e-19
"ENSG00000272610.1",1.75905305171902,-1.62154385688499,0.270405641798567,-5.9967086710895,2.01356820163961e-09,2.65170854234935e-08
"ENSG00000272619.1",3.01163442224303,-4.53321223443064,0.532156719806238,-8.5185661774246,1.61540723221959e-17,8.55550967307051e-16
"ENSG00000272622.2",23.6513884159566,-1.37880566888567,0.208112930722516,-6.62527630598829,3.46599238692117e-11,6.46560034044962e-10
"ENSG00000272632.1",2.13716627028494,-1.13178521440091,0.277435452170281,-4.07945417770998,4.51415664450479e-05,0.000215231591670194
"ENSG00000272666.1",4.42058961640434,-1.34375520653442,0.212756627116753,-6.31592644019976,2.68547772054516e-10,4.26169625892699e-09
"ENSG00000272701.3",2.79673003307727,-1.15094502835764,0.352277639189557,-3.26715323460632,0.00108634861994032,0.00355826474442113
"ENSG00000272710.2",18.9321046972167,1.16160004015638,0.277760118366732,4.18202601218182,2.88922904193565e-05,0.000144485786837841
"ENSG00000272727.2",0.841908968178158,-1.69988572595637,0.36029219571279,-4.71807534602123,2.38086322700354e-06,1.56663036282047e-05
"ENSG00000272763.1",23.7195791370064,-2.19921045433133,0.294757585538676,-7.46108179137181,8.58149566276078e-14,2.51703685769699e-12
"ENSG00000272769.1",4.31384012673108,-1.37012330068412,0.203538937298424,-6.73150463920954,1.67917478228781e-11,3.35366950030975e-10
"ENSG00000272832.1",1.09292371280442,-1.379321542294,0.281341963895022,-4.90265129025924,9.4551742683358e-07,6.84507843477744e-06
"ENSG00000272839.1",10.0694116817623,-1.08253811772963,0.187620474751336,-5.76982932787254,7.93518583473088e-09,9.29282033426557e-08
"ENSG00000272841.1",78.8378705130638,-2.34353635951066,0.177295956630287,-13.2182166139164,6.8877707562485e-40,4.40414658724923e-37
"ENSG00000272865.2",1.48422878584706,-1.8093316830231,0.32188260365429,-5.62109185921202,1.89754337385118e-08,2.03157387181872e-07
"ENSG00000272912.1",0.608961392109267,-1.03690058468209,0.306356089765067,-3.38462534065262,0.000712754688061599,0.00246492846939725
"ENSG00000272922.1",4.26463113260294,-1.4821698625722,0.206844245209541,-7.16563258054731,7.74281811820489e-13,1.96703549284127e-11
"ENSG00000272927.1",16.9923562075027,-1.22905307896388,0.206149567185008,-5.9619483841112,2.49247888046214e-09,3.23120421802144e-08
"ENSG00000272954.1",2.66754224513804,-1.04112824954864,0.199669163442518,-5.21426659779824,1.84545899984748e-07,1.58276861229181e-06
"ENSG00000272988.1",0.418829148531346,-1.43152392544192,0.398031298605889,-3.59651095392713,0.000322514008482088,0.00122907823404846
"ENSG00000273012.1",0.271854772424609,-1.15132388501405,0.436481767572225,-2.63773648878366,0.00834614084235943,0.0209368846988256
"ENSG00000273056.1",2.58068421536253,-1.74816230349859,0.238866239435352,-7.31858259932847,2.50603751397284e-13,6.8749789541742e-12
"ENSG00000273079.6",42.3114456018483,-1.57910531649303,0.290355654840771,-5.43852096615442,5.37246885817806e-08,5.20612148947532e-07
"ENSG00000273096.1",6.89941547174232,-1.16466466462071,0.132253492132396,-8.80630557153673,1.29338148445157e-18,8.23208595050173e-17
"ENSG00000273102.1",3.93087261159323,-1.57538427155681,0.246472524959424,-6.39172366906276,1.64026125609843e-10,2.72254546030204e-09
"ENSG00000273107.1",2.33520070560066,-1.69847990570892,0.244344354001415,-6.95117312061601,3.62260979712934e-12,8.19613001569349e-11
"ENSG00000273112.1",0.532980499687519,-1.35770906470084,0.30947574289372,-4.38712595696749,1.14858281300582e-05,6.35481880646271e-05
"ENSG00000273113.1",2.21328225412038,-1.02949937907209,0.204235883655575,-5.04073701763518,4.63742377063549e-07,3.62908316240166e-06
"ENSG00000273129.1",5.67099475763693,-1.18139961572855,0.256504682926558,-4.60576236756973,4.10957474785068e-06,2.55577054721188e-05
"ENSG00000273132.1",1.31744816544093,-1.19702292021926,0.430325785904135,-2.7816667265343,0.00540805442980569,0.0144018426482722
"ENSG00000273143.2",32.8541923841149,-1.17926448279349,0.236878817571622,-4.97834502418914,6.4130262355992e-07,4.85055862427614e-06
"ENSG00000273238.3",2.17328589911255,-2.73645152292778,0.433162827253853,-6.31737386210221,2.66045429563451e-10,4.23006126377818e-09
"ENSG00000273259.3",41.7843532338606,-1.46505572596279,0.327582886207598,-4.47232070919096,7.73752667724256e-06,4.48080094412088e-05
"ENSG00000273272.2",2.30691057468186,-1.10870986819913,0.20978913900448,-5.2848773461788,1.2578900805897e-07,1.120454940623e-06
"ENSG00000273291.5",2.97073657062947,-1.57866226005425,0.269891944243941,-5.84923816261586,4.93829583224559e-09,6.03663092293503e-08
"ENSG00000273312.2",2.89002053287394,-1.50871252057395,0.287353446732283,-5.25037210352159,1.5179226652978e-07,1.32509770668152e-06
"ENSG00000273348.1",1.05580064960917,-1.10535984757701,0.337170147054465,-3.27834435294312,0.00104417930910599,0.0034385690868444
"ENSG00000273399.2",2.10568874307424,-1.10561148550893,0.227733216973131,-4.85485385137899,1.20475562488525e-06,8.50552968939713e-06
"ENSG00000273415.3",5.54424010237402,-2.46130082098777,0.287217738681844,-8.56945964508895,1.0397174770982e-17,5.75402633597277e-16
"ENSG00000273428.3",2.30923332372434,-1.54755651727102,0.198055626167619,-7.81374681051115,5.55125524417213e-15,1.96525784036016e-13
"ENSG00000273445.1",9.78174352662065,-1.14594113950334,0.267007916205731,-4.29178713420761,1.77240819221811e-05,9.35307634395241e-05
"ENSG00000273464.1",7.18692222665032,-1.11625757068986,0.178034535485972,-6.26989346557321,3.61295213756131e-10,5.59886341317387e-09
"ENSG00000273489.1",4.83838329086794,-1.21480184026575,0.167127850806569,-7.26869779275596,3.62969396946891e-13,9.70767958552554e-12
"ENSG00000273552.2",0.564666734331079,1.05649975995835,0.273508408648406,3.86276884567918,0.000112109079133921,0.000481897029146264
"ENSG00000273584.1",2.08040163698473,-1.70218305148669,0.276982423024882,-6.14545512634851,7.97345532749456e-10,1.14907333675912e-08
"ENSG00000273650.1",8.83452149534039,-1.21502166817781,0.204724975849533,-5.93489711324138,2.94029826418114e-09,3.76361799987363e-08
"ENSG00000273812.3",37.7840978448018,-2.89233533760488,0.248766603234823,-11.626702700421,3.01520798098063e-31,8.08503703906561e-29
"ENSG00000273824.1",4.19718054534998,-1.55794756391894,0.253302603182478,-6.15053909570998,7.72200202545003e-10,1.11943441988753e-08
"ENSG00000273923.1",0.665837575656455,-1.33027949401824,0.311532856485179,-4.27010976956625,1.95376784904849e-05,0.000101936353680835
"ENSG00000274002.1",1.40330695533005,-1.22523339856254,0.335841851212738,-3.64824513126693,0.000264037656068427,0.00102819573330047
"ENSG00000274008.1",2.07732596764738,-1.36550863997838,0.249541915563419,-5.4720612242449,4.44831089870689e-08,4.3925088517951e-07
"ENSG00000274010.1",0.836354380048788,-1.12848186656844,0.237130518961235,-4.75890607211515,1.94644980519707e-06,1.31030688052479e-05
"ENSG00000274099.1",0.481553758808197,-1.76447144007206,0.401330865895905,-4.39655055220626,1.09984754510728e-05,6.11693612602016e-05
"ENSG00000274114.2",16.1632208762684,-1.35668956562507,0.190252658562679,-7.13098873821046,9.96504736119877e-13,2.47559652376655e-11
"ENSG00000274134.1",0.822229798513874,-1.42211501906844,0.379245490282831,-3.74985347355842,0.000176937927976106,0.000721535926466144
"ENSG00000274150.1",0.885025518268346,-1.38989251783934,0.480187139219053,-2.89448093112151,0.00379785976564775,0.0105999741618951
"ENSG00000274204.1",2.46999792600551,-1.82583441475537,0.265701793201147,-6.8717429143323,6.34221786700683e-12,1.37289197389864e-10
"ENSG00000274238.1",1.12703707386239,-1.11997942106082,0.317742206939429,-3.52480531890532,0.000423794122670403,0.00155887523908552
"ENSG00000274248.1",8.74992076070602,-1.19060790486588,0.240076468918227,-4.95928614008152,7.07526887102014e-07,5.29460433592616e-06
"ENSG00000274258.1",0.630355573699709,-1.10092637692738,0.272176730172318,-4.04489530104346,5.23465128058329e-05,0.000246130577557263
"ENSG00000274281.1",0.390108994536622,-1.04961171525393,0.427050945667714,-2.45781381800435,0.0139785621830914,0.0325185828643034
"ENSG00000274330.1",1.64432965343091,-3.01020621720183,0.548140578695029,-5.49166825847541,3.98154747136292e-08,3.98269737676981e-07
"ENSG00000274353.1",2.46066148379117,-2.1202350438125,0.543067603534801,-3.90418251799959,9.45444124254718e-05,0.000414543186963547
"ENSG00000274354.1",0.304103450414002,-1.09768569423096,0.452054444994947,-2.42821568592966,0.0151733166539737,0.0348801651975915
"ENSG00000274355.1",0.37447808497125,-1.64005099247154,0.678572919623891,-2.41691194128489,0.0156528033685603,0.0358002318734373
"ENSG00000274373.1",1.48661370615437,-1.39571909786944,0.335679510622687,-4.15789183939281,3.21198028365948e-05,0.000158772983526945
"ENSG00000274376.4",7.27822149443584,-1.2945078009323,0.169636509960296,-7.6310683427482,2.32816208509328e-14,7.40344855245959e-13
"ENSG00000274391.5",0.982562715506894,-1.42885233780613,0.434741725637506,-3.28666942587775,0.00101379767723669,0.00334904045247273
"ENSG00000274428.1",0.593651347770329,-1.21634772576652,0.359493998898234,-3.38349938940384,0.000715683666381931,0.00247423428232955
"ENSG00000274441.1",0.420341405550248,-1.0299365734268,0.372449147809357,-2.76530790709177,0.0056869088250339,0.0150422773872627
"ENSG00000274455.1",0.390426818305307,-1.45373302958502,0.485461779629067,-2.99453652292832,0.0027486214673775,0.00800604144839469
"ENSG00000274508.1",2.51336272413244,-1.29609190114086,0.283921044216332,-4.5649730005688,4.99558629993808e-06,3.03858565488111e-05
"ENSG00000274525.1",4.48584922342729,-1.34523606605314,0.272109621773728,-4.94372840359087,7.66424600866268e-07,5.68215113471349e-06
"ENSG00000274536.7",36.4827235244147,-1.22410300028098,0.188652589723195,-6.4886625838377,8.6601669672964e-11,1.51042324588658e-09
"ENSG00000274565.1",22.8897254326084,-2.08918784367638,0.179415066015216,-11.6444392886114,2.4492720694038e-31,6.65337553912161e-29
"ENSG00000274578.1",1.29383211552146,-1.04234224107672,0.292762824602164,-3.56036406771646,0.000370340982699704,0.00138443172539711
"ENSG00000274588.2",2.02784569041535,-1.1095889385487,0.300089816235238,-3.69752280323603,0.000217713667608111,0.000866725618115739
"ENSG00000274654.1",1.7366318896132,-1.04488073902361,0.239357408339137,-4.36535783986745,1.26914820300628e-05,6.94057073859827e-05
"ENSG00000274718.1",1.84606590267024,-3.17301074198224,0.380657452916985,-8.33560650833814,7.71019353652761e-17,3.68334556051909e-15
"ENSG00000274719.1",1.30565488171935,-1.33087139699548,0.3115292385344,-4.27205935229904,1.93676007483613e-05,0.000101125153555703
"ENSG00000274723.1",3.5141503515647,-1.96175552858724,0.262762926019101,-7.46587640162233,8.2746991641546e-14,2.43392106624624e-12
"ENSG00000274749.1",0.621400118118819,1.25691634020237,0.465953264223536,2.69751590279531,0.00698589479461454,0.0179748504583526
"ENSG00000274766.2",0.558285943639977,-1.8433824517643,0.566295428560262,-3.25516039649283,0.00113328342099555,0.00369278914491706
"ENSG00000274775.2",5.22956667683436,-1.16523048836627,0.221976006183682,-5.249353335072,1.52634065171376e-07,1.33104847181131e-06
"ENSG00000274813.1",2.02907645146749,-1.32927069030946,0.532848810692739,-2.49464888282535,0.0126081821243912,0.0297671702711853
"ENSG00000274817.1",0.918971935473356,-2.05195373112847,0.352534541864782,-5.82057497195696,5.86455294042586e-09,7.05681960943774e-08
"ENSG00000274827.4",3.10674554903331,-1.09229065720635,0.430125117964583,-2.53947191546319,0.0111019958387099,0.026710341594701
"ENSG00000274835.1",1.46293677339869,-1.93311519717372,0.351699848433097,-5.4964914138752,3.87421948731214e-08,3.88375085218686e-07
"ENSG00000274879.1",5.24779968972286,-1.79086359781422,0.422703187164323,-4.23669291407076,2.26836033975936e-05,0.00011652155783102
"ENSG00000274976.1",0.334562169493761,-1.41431301939955,0.521324424281232,-2.71292299674912,0.0066692602252934,0.0172767260959639
"ENSG00000274979.1",4.66887308683281,-2.02507584147828,0.270710752865203,-7.48058885746085,7.39903198692778e-14,2.19030318689952e-12
"ENSG00000274993.1",0.569663135082577,-1.20741981888919,0.348122851074072,-3.46837277462225,0.000523620395375476,0.00187528745132232
"ENSG00000274996.1",0.40213662235303,-1.01935710907305,0.447449709391491,-2.27814900239699,0.0227177015246394,0.0490770367881419
"ENSG00000275005.1",1.43154172612027,-1.63903453947089,0.328704110524105,-4.98635242759064,6.15298633819413e-07,4.67899351834851e-06
"ENSG00000275016.5",18.8368747409247,-3.14271626802926,0.343736204198215,-9.14281425594907,6.08478443636451e-20,4.78063914450249e-18
"ENSG00000275024.1",6.74534952828806,-1.58038423619148,0.247832615337671,-6.37682104124275,1.80801519750758e-10,2.97398135664777e-09
"ENSG00000275038.2",1.27876793504182,-1.12773484167894,0.448496719578996,-2.51447734720902,0.0119208960582974,0.0283782737828601
"ENSG00000275070.1",3.34130842341692,-1.20271854638772,0.172825382323455,-6.95915455367979,3.42320807741017e-12,7.79164151770654e-11
"ENSG00000275152.5",2.79203315668535,-1.20953015710713,0.225858340976589,-5.35526007973511,8.54334399863404e-08,7.91349372122193e-07
"ENSG00000275155.1",3.46477305200748,-1.51272471851957,0.300989133804069,-5.02584495128083,5.01220733228422e-07,3.89378245129713e-06
"ENSG00000275158.1",3.13441522067912,-1.37582310003112,0.321401919028582,-4.28069348244549,1.86311824912615e-05,9.77220099320811e-05
"ENSG00000275178.1",17.904308826317,1.9192791971045,0.306191978395593,6.26822167961839,3.65194642277151e-10,5.65507441219185e-09
"ENSG00000275212.3",0.893520760085568,-1.61024476816103,0.357742175023317,-4.50113204588214,6.75924962047938e-06,3.96790865432717e-05
"ENSG00000275228.1",0.685144658445956,-1.23484212420752,0.282984015913448,-4.36364619472077,1.27912390532512e-05,6.98501481449517e-05
"ENSG00000275232.1",1.6492450550088,-1.80693292025397,0.464840979716215,-3.8872065912887,0.000101404446273869,0.000440624317410825
"ENSG00000275243.1",0.910847760287725,-1.2818985285407,0.432401083820416,-2.96460526235197,0.00303071538260718,0.00872015179867911
"ENSG00000275291.1",0.484687944739455,-1.49187498862453,0.492356991987318,-3.03006763974818,0.0024449897531442,0.00723213039073228
"ENSG00000275294.4",6.59759770157738,-1.00430150166163,0.182243490657338,-5.51076747948138,3.57272432756675e-08,3.60236701849416e-07
"ENSG00000275305.1",0.480129315099932,-1.01033645079377,0.350703352129264,-2.88088620955461,0.00396558780165917,0.0110025207084485
"ENSG00000275312.1",1.30280268209395,-2.10209761624725,0.458276825009815,-4.58696032949566,4.49746098463452e-06,2.76841637208797e-05
"ENSG00000275361.1",1.33779835127635,-1.5581501668438,0.441123903207491,-3.53222791944443,0.000412074027331159,0.0015197995140596
"ENSG00000275410.5",3.36185038404446,-1.26304770705833,0.24297863158829,-5.19818429629843,2.01244555158347e-07,1.71220597778736e-06
"ENSG00000275418.1",6.22928457123114,-1.47984628384949,0.338235680626523,-4.37519270914389,1.21325245979367e-05,6.66647259835331e-05
"ENSG00000275516.1",4.73506972782558,1.87912772523821,0.242012962155981,7.76457470913101,8.19196351120954e-15,2.81383791283381e-13
"ENSG00000275567.1",0.325809658469908,-1.23064834296902,0.501798229136329,-2.45247645669685,0.0141876663355733,0.0329570639525541
"ENSG00000275613.2",2.93323504237564,-1.23113594262618,0.305547672651747,-4.02927612552751,5.59488694490691e-05,0.000260864585151695
"ENSG00000275630.1",2.63659268638807,-1.62978414991348,0.223218227906506,-7.30130404312731,2.84991916414182e-13,7.73161490209283e-12
"ENSG00000275678.1",0.375041272866853,-1.12072165443341,0.427425734530937,-2.62202662098319,0.0087408603102453,0.0217746322997704
"ENSG00000275695.1",1.15389780461317,-1.27121110519233,0.257691081758404,-4.93308148857146,8.09423656034291e-07,5.95315271493491e-06
"ENSG00000275772.1",1.68371238997904,-1.18742489109527,0.309760459618206,-3.83336495742169,0.000126402205491042,0.000535691696198499
"ENSG00000275774.3",1.66578934219775,-1.40024086689117,0.342433952394485,-4.08908303951733,4.33081805068561e-05,0.000207359177089297
"ENSG00000275896.6",3.62855739222939,-2.13284533594631,0.368185336494611,-5.79285790208955,6.91986531799162e-09,8.21724120989622e-08
"ENSG00000275927.1",0.896708672996596,-1.38179449454,0.369535182546661,-3.73927723205496,0.00018455011023695,0.000749123125468123
"ENSG00000276040.4",1.19597551320884,1.45716486139534,0.396930055092975,3.67108724244633,0.000241520875210901,0.000950572856068036
"ENSG00000276093.1",1.12188591129653,-1.79576134987049,0.375150341685607,-4.78677786031557,1.69480242008375e-06,1.15645014256314e-05
"ENSG00000276107.1",10.4974312962102,-1.86816351081349,0.221824203489673,-8.42181998818926,3.70680309242755e-17,1.87423540301063e-15
"ENSG00000276128.2",2.07531520203728,-1.0668738923813,0.261451925444237,-4.08057385910833,4.49246511338204e-05,0.000214394115331708
"ENSG00000276170.4",47.6402667091296,-1.10538307452684,0.236474355630759,-4.67443106707447,2.94769619467014e-06,1.9020672138314e-05
"ENSG00000276203.5",0.448658231171842,-1.3183665969391,0.377650600822248,-3.49096914997263,0.000481271821750297,0.00174011478517493
"ENSG00000276210.2",2.15981327579949,-2.99025814178016,0.73867506528603,-4.04813737772816,5.16268428064613e-05,0.00024322317396533
"ENSG00000276365.1",0.887493900957253,-1.13906700957716,0.274660532904004,-4.1471812405435,3.36593610591318e-05,0.000165556256134868
"ENSG00000276400.1",0.551659656780092,-1.35768575502134,0.582320647111995,-2.33150887188141,0.0197265428071106,0.0436335589222529
"ENSG00000276412.2",3.72298686398539,-1.33301798485343,0.203039467759162,-6.56531461378042,5.19231155809401e-11,9.4065102545884e-10
"ENSG00000276454.1",0.88416806581215,-1.51636565751762,0.324343796620927,-4.67518008149192,2.9369578702123e-06,1.89602117119856e-05
"ENSG00000276462.2",1.50506619231922,-1.32715440998372,0.260616004370289,-5.09237494140257,3.536059484175e-07,2.84762069911415e-06
"ENSG00000276476.3",8.6941726720633,-1.34576197130823,0.237763773621767,-5.66007996428027,1.51302477741684e-08,1.66228749138247e-07
"ENSG00000276542.1",1.34191087032763,-1.41490278697309,0.336987750464704,-4.1986772071743,2.68478709010704e-05,0.000135435272531896
"ENSG00000276627.3",3.8096917405025,-2.08357926542434,0.416562062190933,-5.00184595415537,5.67839567301577e-07,4.35675615584053e-06
"ENSG00000276633.1",2.61206813023617,-1.23853772167381,0.319684448495229,-3.87425077292209,0.000106953235174567,0.000462029971970207
"ENSG00000276674.1",0.759546335986834,-1.39541642959463,0.431658343400572,-3.23268726512187,0.0012263173109117,0.00395592984136233
"ENSG00000276740.1",1.29433746326973,-3.02730957271027,0.439867309728063,-6.88232452323367,5.88836782805543e-12,1.28362167637937e-10
"ENSG00000276747.1",2.05000997734131,1.24734061697075,0.321120737716994,3.88433529967175,0.000102610221641359,0.000445212029633382
"ENSG00000276763.1",1.87707210974194,-1.02992570156389,0.189745676078306,-5.42792712250716,5.70123084320037e-08,5.4926879069331e-07
"ENSG00000276768.1",1.42475759454269,-1.00373886806822,0.220267184201467,-4.55691514697058,5.19103825069789e-06,3.14226247167262e-05
"ENSG00000276790.1",1.69815165756281,-1.4415563075963,0.244101283122674,-5.90556628443384,3.51437444477399e-09,4.42217471007256e-08
"ENSG00000276830.1",0.43128337880662,-1.01832832773346,0.313478969524904,-3.24847414573551,0.0011602575243451,0.00376875492863815
"ENSG00000276842.1",4.88418167579503,-1.83523813798548,0.265993387046499,-6.89956302434189,5.21627428286971e-12,1.1519595735634e-10
"ENSG00000276868.1",0.635959602350444,-1.23441653200292,0.267330466836614,-4.61756771164196,3.88264012046548e-06,2.42881229209492e-05
"ENSG00000277022.1",7.62818726169697,1.41411866590401,0.272184830197628,5.19543526682676,2.04241398069223e-07,1.73592658211719e-06
"ENSG00000277117.5",47.9429322497838,-1.0524339197068,0.198635161507402,-5.29832639760296,1.16868917651881e-07,1.04886762156067e-06
"ENSG00000277129.1",0.729290019327548,-1.81489264181604,0.391738917151487,-4.63291381671485,3.60554663563731e-06,2.27499209458567e-05
"ENSG00000277215.2",5.95086796373053,-1.89076414053945,0.284552946161876,-6.64468305825882,3.03870232810459e-11,5.74327176719795e-10
"ENSG00000277299.1",2.57230576564828,-1.02610934163671,0.178409088752081,-5.75144096533446,8.84859801047491e-09,1.02527301508603e-07
"ENSG00000277301.1",4.19590155007871,-1.51648854073557,0.244315966053971,-6.20707915748972,5.39784135766146e-10,8.09617764370717e-09
"ENSG00000277351.1",3.51608150599832,-1.51246254277322,0.195835581017399,-7.72312434193892,1.13512343035709e-14,3.804677420363e-13
"ENSG00000277352.1",2.18524058273077,-1.16235344295864,0.451575953925224,-2.57399321831719,0.0100532243729703,0.0245177861395019
"ENSG00000277387.1",0.303294088168161,-1.69469786958207,0.598900218430908,-2.82968317163434,0.00465941197796259,0.0126513673893043
"ENSG00000277463.1",1.61957384072623,-1.29470490309458,0.205128234286155,-6.31168550541148,2.76012689645471e-10,4.37014834554098e-09
"ENSG00000277478.1",0.904148425302852,-2.6495606788969,0.395819579547933,-6.69385956582283,2.17360023151332e-11,4.23928544449351e-10
"ENSG00000277481.1",7.33666840204138,-1.07060784868622,0.143741935823632,-7.44812460296786,9.46763833856371e-14,2.75363180285084e-12
"ENSG00000277527.2",0.496998428918491,-1.05593912788412,0.352715787612203,-2.99373933623035,0.00275581273018265,0.00802473822545024
"ENSG00000277531.2",17.2210024140104,-3.42092387385504,0.286658978932795,-11.9337754100389,7.89116484075435e-33,2.50550869773397e-30
"ENSG00000277572.1",1.66800492833741,-1.56757743667199,0.274082484702196,-5.71936378340718,1.06923652939517e-08,1.21952822817569e-07
"ENSG00000277586.4",480.655808332102,-2.28793698545399,0.356673711712452,-6.41464988958453,1.41146858468468e-10,2.36832690014795e-09
"ENSG00000277631.5",1.57621073803343,-1.19763784905342,0.293341555851575,-4.08274185897958,4.45074527466652e-05,0.000212598408350408
"ENSG00000277672.1",0.728799733733876,-1.81372375433241,0.351747660635924,-5.15632073018875,2.51849370032913e-07,2.09640767420547e-06
"ENSG00000277692.1",6.38163089219351,-1.06025542661518,0.145441802417408,-7.28989471384794,3.10197341281259e-13,8.34460964293312e-12
"ENSG00000277702.1",8.79724382784245,-1.87801900573004,0.240215256678414,-7.81806714402084,5.36405788897971e-15,1.90710841729491e-13
"ENSG00000277737.3",1.93229811578493,-2.60074161003847,0.371060438678274,-7.00894339289408,2.40124573897225e-12,5.61623947119666e-11
"ENSG00000277738.1",0.74334612002492,-1.65857804415151,0.55482179082899,-2.98938879396451,0.00279536182923099,0.00812453345080409
"ENSG00000277740.1",0.778749782589078,-1.24554565294119,0.417758352505673,-2.98149790535731,0.00286842008970273,0.00830666637181053
"ENSG00000277749.1",0.596257964421295,-1.67367311446698,0.375370563172938,-4.45872233645528,8.24496442263309e-06,4.73572707757707e-05
"ENSG00000277795.1",1.5091137924926,-1.35234185972325,0.241569793447862,-5.59814139185875,2.16662019335226e-08,2.29074201160282e-07
"ENSG00000277828.1",0.357268031071968,-1.3983138937232,0.548575105270436,-2.54899261794584,0.010803458706844,0.0260978407889479
"ENSG00000277840.1",8.18879033129675,-1.50754510225088,0.190950346822167,-7.89495870177637,2.90411384156541e-15,1.07289581762792e-13
"ENSG00000277855.1",0.75651362557844,-1.28083816358478,0.318282315514412,-4.02422032626812,5.71643815203488e-05,0.000265935306105746
"ENSG00000277863.1",0.436527413436954,-1.4830499563962,0.38004738632301,-3.90227642596054,9.5292242888066e-05,0.000417381831480008
"ENSG00000277883.1",2.40236450305404,-1.66109771537532,0.364899842738234,-4.55220178477012,5.30873808050228e-06,3.20188321146185e-05
"ENSG00000277893.2",9.91434621948585,-1.10844917460876,0.317500911183213,-3.49116848351068,0.000480912879075479,0.00173896825127328
"ENSG00000277901.1",1.70716765019282,-1.04100502266792,0.210000991101286,-4.95714337922257,7.15371852961268e-07,5.34743519039656e-06
"ENSG00000277932.2",0.475347801464808,-1.24304721536433,0.469108526394093,-2.64980733758836,0.00805376834059649,0.0202916294721067
"ENSG00000277945.1",7.2742007894617,-2.38046338992667,0.290352952907618,-8.19851620618465,2.43372260251591e-16,1.07378321449858e-14
"ENSG00000278171.1",0.835094280997312,-1.2061617898682,0.295147142904516,-4.08664565747943,4.37654761742915e-05,0.000209391127058352
"ENSG00000278177.1",0.724152786584568,-1.68571675068604,0.342101527015882,-4.92753354651874,8.32741293479031e-07,6.11167113536562e-06
"ENSG00000278192.1",2.26470018235439,-1.46484190255718,0.453719292887126,-3.2285202007524,0.00124432470244125,0.00400531469043241
"ENSG00000278195.2",27.5832666295581,-1.05593712508628,0.259150452560064,-4.07461038425753,4.60914472918244e-05,0.000219192311162115
"ENSG00000278196.3",724.990772423854,-1.53801120696819,0.326243359642657,-4.71430654911357,2.42535298823698e-06,1.59220535297908e-05
"ENSG00000278330.1",130.444576053454,1.11275447269982,0.198676149059627,5.60084578831783,2.13308440506566e-08,2.25873258709144e-07
"ENSG00000278456.1",6.81415748655338,-1.19765145758684,0.229272384739065,-5.22370567632856,1.7537746303296e-07,1.51193489288029e-06
"ENSG00000278462.1",1.39870960458058,-1.07603267443546,0.261106329077543,-4.1210516736111,3.77146814257922e-05,0.000183183076945048
"ENSG00000278473.1",8.16981088759974,-1.20922192132202,0.282540942237352,-4.27981131423494,1.87051826282167e-05,9.80732157678867e-05
"ENSG00000278518.1",0.87545754613069,-1.037430571938,0.327733843789438,-3.1654667090303,0.00154834378801132,0.00485824131944184
"ENSG00000278530.4",127.622354552294,-1.26107338781313,0.275937179291544,-4.57014669444283,4.8738293561619e-06,2.97104863157526e-05
"ENSG00000278531.1",1.11751003067597,-2.35831821868409,0.399908874244726,-5.89713899982351,3.69858283711914e-09,4.62874133924558e-08
"ENSG00000278598.1",1.34447881593159,1.04456003988984,0.243167391356715,4.29564192000367,1.74188556978701e-05,9.21658154697491e-05
"ENSG00000278626.1",9.03172793187802,-2.62726464351599,0.28047888970236,-9.36706732654284,7.45758141930651e-21,6.63708777193184e-19
"ENSG00000278630.1",26.4653180172201,-1.09234107483008,0.457070498796337,-2.38987437978755,0.0168541364543302,0.0381718499980857
"ENSG00000278631.1",0.477925526747227,-2.04325296961067,0.596204420760859,-3.42710134051527,0.000610061351053993,0.00214766812404761
"ENSG00000278678.1",0.512873948110446,-1.25028077849081,0.429957141552293,-2.90791955211365,0.00363841922914,0.0102148054580868
"ENSG00000278698.1",0.302035016588599,-1.12637472802875,0.470217460958549,-2.39543364836476,0.0166007185444265,0.0376759167882627
"ENSG00000278709.2",70.0746461601252,-1.5947126755496,0.198952384691734,-8.0155494392315,1.09645750478573e-15,4.36503513543147e-14
"ENSG00000278716.1",1.47885130958466,-1.869909631657,0.324757988106858,-5.75785569604444,8.5189129417782e-09,9.90109227310363e-08
"ENSG00000278740.1",4.25996062051976,-1.08304216820427,0.210276811830894,-5.15055444665605,2.59717519488619e-07,2.15585770820571e-06
"ENSG00000278857.1",24.1348996107423,-1.48840620658654,0.358887775308001,-4.14727474433805,3.36456223691279e-05,0.000165508268067901
"ENSG00000278875.1",3.44500301504591,-1.05977162905347,0.217014592009979,-4.88341184451199,1.04265776189752e-06,7.47669805037692e-06
"ENSG00000278886.1",0.38987200896874,-1.00839808735823,0.422417680006886,-2.38720615894152,0.0169769681282482,0.0384040031212241
"ENSG00000278893.1",0.721877140975798,-1.7218916703115,0.347613425812587,-4.95346710584142,7.29026870198816e-07,5.43396965193744e-06
"ENSG00000278923.2",2.11949229983368,-3.07508395373567,0.508281949704395,-6.04995702783479,1.44884475415014e-09,1.97756603192079e-08
"ENSG00000278926.1",0.305822369434945,-1.24574669103468,0.443833639791839,-2.80678745220606,0.00500382458858256,0.0134660034674092
"ENSG00000278971.1",4.1659120893354,-1.85870638686336,0.300938663527859,-6.17636286768214,6.55951317250089e-10,9.6779015433256e-09
"ENSG00000278973.1",1.36639433310814,-1.11066937194129,0.327548165414114,-3.39085816749146,0.000696741481935361,0.00241614583151627
"ENSG00000278994.1",1.04412732989676,-1.86505511728656,0.504246502844362,-3.69869717839613,0.000216708964452639,0.00086322196478633
"ENSG00000278996.1",0.736054743183398,-1.29654147383438,0.537560394750958,-2.41189917727299,0.015869669301538,0.0362185050524694
"ENSG00000279036.1",2.35386259170216,-1.57282003360009,0.275994482855968,-5.69873722592091,1.20698095650599e-08,1.35873625445022e-07
"ENSG00000279039.1",2.77482303548761,-1.65502632714796,0.262337538470455,-6.30876670108861,2.81267718950583e-10,4.44319609845082e-09
"ENSG00000279082.4",3.05407179702267,-1.11320194233537,0.247766284482583,-4.49295167282383,7.02427293936442e-06,4.10551022227344e-05
"ENSG00000279106.1",1.31171100217763,-1.00966648089533,0.244207727909463,-4.13445753555207,3.55794029906671e-05,0.000174073119140448
"ENSG00000279127.1",1.25106708626502,-3.44671869137797,0.586675936781777,-5.87499584572195,4.22853952450686e-09,5.23055237254625e-08
"ENSG00000279141.3",15.49490633025,-1.04986881172272,0.205426048582004,-5.1106898028252,3.20984646706405e-07,2.60460052448489e-06
"ENSG00000279154.1",0.982593914370865,-2.57126780418921,0.483192872285364,-5.32141087269738,1.02965553998302e-07,9.36218410692936e-07
"ENSG00000279161.1",7.47821526499578,-2.55390507410447,0.242999036488911,-10.5099390969026,7.77437378250509e-26,1.25727051808746e-23
"ENSG00000279164.1",2.66149583793904,-1.65452422453825,0.240640522158029,-6.87550130668235,6.17722407934317e-12,1.33926858208482e-10
"ENSG00000279220.4",2.745816210784,-2.19518593162336,0.374537874243533,-5.8610519324836,4.59944091373492e-09,5.65066400403934e-08
"ENSG00000279297.1",170.026725302336,2.94340417246389,0.192752042801031,15.2704175254954,1.20399708272167e-52,2.50202633760391e-49
"ENSG00000279330.1",6.21491297659704,-1.11128286056072,0.171601380377133,-6.47595525233204,9.42139678067955e-11,1.63632299623319e-09
"ENSG00000279332.1",18.8745458509806,-1.07690151752475,0.159422116557157,-6.75503211713194,1.4280361921475e-11,2.88445285186616e-10
"ENSG00000279370.1",1.13792259623565,-1.54216669430503,0.272270906496568,-5.66408917555235,1.47807528707473e-08,1.62930073500007e-07
"ENSG00000279377.1",0.989567734115346,-1.53729616229216,0.424838407486353,-3.61854327481337,0.000296265964423664,0.00113949713246126
"ENSG00000279393.1",5.55069989728908,-1.23305234075181,0.16712331405615,-7.37809890687978,1.60565673394749e-13,4.52129438863993e-12
"ENSG00000279416.1",0.905160967360073,-1.24813237954973,0.337761350555836,-3.69530847000625,0.000219619985483392,0.000873478070493852
"ENSG00000279439.1",0.404334236291749,-1.3417133965521,0.348529205571751,-3.84964409037418,0.000118289581023865,0.000505693434119921
"ENSG00000279444.1",1.72196594444898,-1.14362224388906,0.373864286180229,-3.05892348149496,0.00222133879107478,0.00664865928522612
"ENSG00000279447.1",2.00177110576684,-1.0404382023804,0.172033322361606,-6.0478876307082,1.46757252479616e-09,2.00106125651247e-08
"ENSG00000279463.1",1.16721276142685,-1.2277606921801,0.308771558338892,-3.97627520742237,7.00031084339484e-05,0.000318601532274613
"ENSG00000279484.2",1.75634631662195,-1.07668213336021,0.308249373646451,-3.4928931748459,0.00047781761335827,0.001729280359317
"ENSG00000279486.5",0.610942985604618,-1.20634316399654,0.307286613360422,-3.9257914648615,8.64450243055027e-05,0.000383234997353099
"ENSG00000279490.1",1.44814888263907,-1.32143806812413,0.294840451207725,-4.48187507077558,7.39900550312075e-06,4.30515843092125e-05
"ENSG00000279501.1",1.40932159770803,-3.15368252644023,0.545925958551076,-5.77675869235145,7.61533798713788e-09,8.95863791173011e-08
"ENSG00000279511.1",0.632226295217099,-1.29932643373547,0.453304010548192,-2.86634665368207,0.00415239276219576,0.0114466901891875
"ENSG00000279525.1",3.86852786147068,-1.46201516016317,0.495422521783125,-2.95104702729516,0.00316698693997599,0.00905457186484708
"ENSG00000279537.1",0.343528614559653,-1.40168088116543,0.561792905333832,-2.49501349671285,0.0125952339307043,0.0297451888583613
"ENSG00000279565.1",10.0318556219451,-1.55449662849491,0.420688355826576,-3.69512634938661,0.000219777468450044,0.00087402077731516
"ENSG00000279587.1",1.941829824555,-1.78395365013965,0.341169654567294,-5.22893412780876,1.70490092337653e-07,1.47316199952963e-06
"ENSG00000279588.2",23.663820949965,-1.98905007072554,0.354671917222926,-5.60814085958584,2.04511552951841e-08,2.17277841610031e-07
"ENSG00000279597.1",3.08495373534643,1.05544564773155,0.35106985366742,3.00636934987705,0.00264387641600801,0.00774327331422203
"ENSG00000279603.1",4.73439332124259,2.8261352923851,0.216434432044055,13.0576972697664,5.74390396847376e-39,3.36236812306629e-36
"ENSG00000279617.1",0.688670452249396,-1.2905843312898,0.370141657440249,-3.48673083763379,0.000488963202397238,0.00176393443434025
"ENSG00000279622.2",3.22668981112751,-1.83206718792961,0.244503353559104,-7.49301455894648,6.73094311591125e-14,2.00395027065547e-12
"ENSG00000279628.1",0.536766889930173,-1.64388805777758,0.429748134499513,-3.82523605295475,0.000130646843446096,0.000551599360758495
"ENSG00000279662.1",5.89246953348567,-1.15696300628422,0.208067129544268,-5.56052755097996,2.68960387212549e-08,2.78766374397206e-07
"ENSG00000279667.1",7.09048906031259,-1.10588918529012,0.177619475867315,-6.22617075008283,4.77973138505591e-10,7.24490137949285e-09
"ENSG00000279668.3",1.51413101345684,-1.02042422541544,0.247463313237721,-4.12353739253136,3.73097858745265e-05,0.000181577203807619
"ENSG00000279675.1",4.00256994772196,-1.9460563959403,0.279080066700188,-6.97311140473146,3.10006937875248e-12,7.11065582338358e-11
"ENSG00000279694.1",0.852816230635661,-2.41553787677668,0.445467489582665,-5.42247848218884,5.87782919115639e-08,5.64581319257781e-07
"ENSG00000279711.1",4.22082583518949,-1.898304803708,0.296804612732455,-6.39580627211869,1.59702381497071e-10,2.65927499189955e-09
"ENSG00000279713.1",3.50059142600269,-2.15766285099178,0.251976433423077,-8.56295496241506,1.10010915851973e-17,6.05599163528436e-16
"ENSG00000279725.1",2.27390469256336,-1.07273333113682,0.245061711439855,-4.37740079767661,1.20102996136474e-05,6.60717501710671e-05
"ENSG00000279726.2",1.89310708502709,-1.7036768946447,0.361459037271517,-4.71333323826939,2.43697172774991e-06,1.59856245504658e-05
"ENSG00000279727.1",2.53470677885239,-1.12014870072663,0.226809933694576,-4.93871093950864,7.86406813091288e-07,5.80673245034648e-06
"ENSG00000279733.1",0.697941024528766,1.22575331805,0.34582827155943,3.54439882119169,0.000393509506585125,0.0014609238153364
"ENSG00000279741.1",1.15863163252834,-1.26042764846076,0.461319168386756,-2.73222474771319,0.0062908211735584,0.0164119709757978
"ENSG00000279771.1",0.74637779023659,-2.1798607838611,0.397879786016326,-5.47869195790622,4.2848157156115e-08,4.24518500053028e-07
"ENSG00000279778.1",23.086250890042,-1.65942709488722,0.299696857731389,-5.53701866428818,3.07663776119221e-08,3.14411651415467e-07
"ENSG00000279781.1",10.3623169332153,1.29910228957595,0.164698256513755,7.8877719599142,3.07629229012692e-15,1.13147663860403e-13
"ENSG00000279805.1",12.5682132515368,-1.05362645997883,0.19090319528407,-5.51916618478281,3.40611964666917e-08,3.44608434164713e-07
"ENSG00000279821.1",23.9240520231017,-1.54116253976978,0.148457042513965,-10.3812019535874,3.01949389389757e-25,4.58015347511573e-23
"ENSG00000279822.1",10.4174076080015,-2.57318387175027,0.224455492905474,-11.4641162862248,1.99788520647568e-30,4.97222185338577e-28
"ENSG00000279846.1",1.22520487574934,-1.10483573450056,0.265197651371078,-4.16608415945062,3.09876345262517e-05,0.000153816799973734
"ENSG00000279862.1",2.15485692785809,-1.2050134779511,0.221727624171454,-5.434656518122,5.49020869820937e-08,5.30784028646145e-07
"ENSG00000279875.1",1.06233374784724,-1.21619958781177,0.337116567340183,-3.6076529771511,0.000308979366642878,0.00118259512260902
"ENSG00000279878.1",0.601619007455266,-1.57802553621026,0.348921225474163,-4.52258395592248,6.10892431885646e-06,3.62920401001018e-05
"ENSG00000279884.1",9.67544787292601,-1.45375061810806,0.233269385264158,-6.23206777203879,4.60318238901722e-10,6.99259745805313e-09
"ENSG00000279917.1",3.6711835663375,-1.03886510937847,0.183577553569711,-5.65899854953658,1.52258842054534e-08,1.67102772470836e-07
"ENSG00000279933.1",1.32421939170566,-1.28970420731063,0.268440066989793,-4.80444004418935,1.55185192936393e-06,1.06767207230962e-05
"ENSG00000279942.1",3.58718160451054,-1.70589420498374,0.33279025711201,-5.12603409663394,2.9590904001944e-07,2.42288643051378e-06
"ENSG00000279943.1",66.5530244570957,1.14932370334484,0.17264711073146,6.65706885261771,2.7934234802741e-11,5.32814440969031e-10
"ENSG00000279951.1",1.9538724488297,-1.0202585040106,0.199087572695727,-5.12467197322202,2.9805619587159e-07,2.43902571624632e-06
"ENSG00000279965.1",14.2136423230356,-1.256262411612,0.306063663226239,-4.10457876106445,4.05052258913699e-05,0.000195344418484233
"ENSG00000279970.1",21.8415390458784,-1.14914385910756,0.20511563073622,-5.60241974238115,2.11379919136099e-08,2.23945251061294e-07
"ENSG00000279972.1",0.622106510442408,-1.43953200550774,0.548687053227743,-2.62359389936295,0.00870074579292909,0.0217006634993276
"ENSG00000279981.1",0.879112080852628,-1.41903592930061,0.321029451149818,-4.42026712570484,9.85789674756066e-06,5.54491683072292e-05
"ENSG00000280003.1",7.10044964052204,-1.31234945111736,0.216329346545064,-6.06644208045061,1.30774856447622e-09,1.79737585439024e-08
"ENSG00000280014.1",0.806147025773318,-1.68422224646297,0.357231672260997,-4.71464983998523,2.42126771008409e-06,1.59002573181411e-05
"ENSG00000280025.1",0.39825561003185,-1.45541583430157,0.452629913361611,-3.21546541962378,0.00130233184465282,0.00417071321678691
"ENSG00000280027.1",3.0506390458363,-1.38968226139532,0.361704675127972,-3.84203566322068,0.000122018101421609,0.000519688532161022
"ENSG00000280029.4",0.502864462458751,-1.3568156558873,0.408608616871574,-3.32057523964,0.000898321417035427,0.00301145626188308
"ENSG00000280049.1",4.560410094325,-1.33646669701171,0.548463033069204,-2.4367489081859,0.0148199660319727,0.0341898302629583
"ENSG00000280061.1",34.7557704860023,-1.61608095774961,0.390568257437286,-4.13776830803795,3.50700236260639e-05,0.000171742703186811
"ENSG00000280073.1",2.96467893771522,-1.23751918368359,0.222683974754963,-5.55728891154081,2.7399703288748e-08,2.83491776969615e-07
"ENSG00000280079.1",30.5812623043003,-1.28209104821647,0.190560619112916,-6.7279958166843,1.72015866330297e-11,3.42728832043136e-10
"ENSG00000280097.1",0.806811081269032,-1.21873594996257,0.299854577182835,-4.06442336619545,4.8151355828302e-05,0.000228142573066107
"ENSG00000280108.2",1.33232250332228,-2.19189549272541,0.58294034718488,-3.76006825279886,0.000169867005477395,0.000695704816875392
"ENSG00000280114.1",1.57248877304753,-1.80581862358591,0.419380954737822,-4.30591471354446,1.66297122846766e-05,8.84180762409787e-05
"ENSG00000280117.1",0.67394667639991,-1.15064401211928,0.323645952249723,-3.55525537742999,0.000377612134130114,0.00140882545051309
"ENSG00000280119.1",11.1728826420334,-2.51695035229011,0.265499446544784,-9.48005875358976,2.54139938282444e-21,2.38972038798528e-19
"ENSG00000280122.1",1.29069770634807,-1.93706198100227,0.33359221679637,-5.80667618568775,6.37252111308866e-09,7.61514440776857e-08
"ENSG00000280135.1",136.048582724713,1.21104215138873,0.249095628772216,4.86175593428886,1.16349023662234e-06,8.24922913928655e-06
"ENSG00000280147.1",0.987075782892036,-1.03698179937188,0.377805280977888,-2.74475199681651,0.00605566418182378,0.0158702008149921
"ENSG00000280167.1",0.442058410377482,-1.42922752284988,0.294971190127726,-4.84531225653259,1.26412701573411e-06,8.86445875281611e-06
"ENSG00000280176.1",1.20427967309711,-1.27482827386574,0.230778267043785,-5.52403954755355,3.31292841169523e-08,3.36161940055853e-07
"ENSG00000280208.1",2.44182272145562,-1.1313070612536,0.315521091527238,-3.58551961067851,0.000336407721128183,0.00127396607795258
"ENSG00000280212.1",7.19725560013298,-1.07494469196236,0.190936606131719,-5.62985125660402,1.80365098283201e-08,1.94104977080435e-07
"ENSG00000280219.1",39.7887675377839,-2.15032391058008,0.173821090308703,-12.3709033625387,3.7557344871053e-35,1.54550333418882e-32
"ENSG00000280225.1",0.941153504688652,-1.50002582889028,0.496946196771132,-3.01848739086157,0.00254039973107497,0.00747460994547298
"ENSG00000280241.4",8.79897684910701,-1.59990476419772,0.240366792761895,-6.65609731616531,2.81194106311975e-11,5.36100433327445e-10
"ENSG00000280245.1",3.1843125775154,1.42899961744206,0.176567640025132,8.09321355395961,5.81108518558194e-16,2.41520322483156e-14
"ENSG00000280257.1",0.563181211602377,-1.65110149150681,0.565420255872359,-2.9201314851365,0.00349883730408666,0.00988771850360032
"ENSG00000280304.1",6.42105680881303,-1.08462103303121,0.1982259763423,-5.47163925255823,4.45891774882425e-08,4.40193680467063e-07
"ENSG00000280309.1",1.04916995412104,-2.50728083691169,0.457005255958994,-5.48632822974942,4.10374076579953e-08,4.08428337423755e-07
"ENSG00000280319.1",0.741659819412417,-1.7320677444469,0.728463941830992,-2.37769866836971,0.0174210556905722,0.0392824390522765
"ENSG00000280323.1",0.524588004456757,-1.56959448178597,0.510215481990227,-3.07633644448294,0.00209561236681496,0.00630869485655247
"ENSG00000280333.1",1.05272579464324,-1.07193031174581,0.217946665348399,-4.91831480895691,8.72924467644593e-07,6.3862852885486e-06
"ENSG00000280334.1",3.7952367137172,-1.16220888133587,0.22737543475905,-5.11140916593503,3.19764565641707e-07,2.59622091760121e-06
"ENSG00000280336.1",1.41805264280374,-1.13028810891517,0.40776142592883,-2.7719348546531,0.00557241873748709,0.0147864947690378
"ENSG00000280344.1",1.78251770062906,-1.95289881641516,0.531937781514506,-3.67129180193776,0.00024132762098805,0.000950086064554828
"ENSG00000280350.1",0.550307006204041,-1.37749738390373,0.323242997978365,-4.26149179570449,2.03066810282132e-05,0.000105511473546018
"ENSG00000280356.1",0.834777874462768,-1.76952991068001,0.391509998525054,-4.51975662779089,6.19107600908646e-06,3.67223492350009e-05
"ENSG00000280399.1",9.62222302704902,-1.03803556269123,0.172502622763745,-6.01750597214338,1.77124782218942e-09,2.37090505590456e-08
"ENSG00000280411.1",1096.69131770652,-1.37066526242784,0.325900984815157,-4.20577207891916,2.60192353754869e-05,0.000131702771973692
"ENSG00000280414.1",0.655044271479963,-1.78971934736302,0.442223545445279,-4.04709194206504,5.18578759986637e-05,0.000244173223321226
"ENSG00000280415.1",2.96562709281164,-1.78812378556895,0.396958006918146,-4.50456661512225,6.65085329967268e-06,3.91035174481533e-05
"ENSG00000280423.1",1.29428134830513,-1.0136617790352,0.276104905523241,-3.67129217466902,0.000241327268988752,0.000950086064554828
"ENSG00000280424.1",2.08494527364539,-1.92034683573279,0.249369157701655,-7.70081935325092,1.35196505698954e-14,4.47375570848722e-13
"ENSG00000280431.1",0.739519131924912,-1.11325476891028,0.365178514191774,-3.04852209439039,0.00229970001363124,0.00685506217934027
"ENSG00000280560.2",2.30214383716461,-1.0833026353958,0.223292594725897,-4.85149378431296,1.2253505088881e-06,8.62601928360556e-06
"ENSG00000280587.1",3.23361370864493,-1.1171395794742,0.271051147424375,-4.12150839459511,3.7639975294198e-05,0.000182905723509582
"ENSG00000280604.1",9.15279632833687,-1.18583511858007,0.211639040088179,-5.60310195172872,2.1054929540236e-08,2.23122126861624e-07
"ENSG00000280623.1",7.09084281542227,-1.69694015395851,0.405024670856116,-4.18972046905592,2.79298301843141e-05,0.000140161748625991
"ENSG00000280655.1",0.532346288937845,-1.52953215845114,0.502851312821522,-3.04171853478688,0.00235231741886287,0.00699034867458735
"ENSG00000280660.1",0.922006078669968,-1.65826868686326,0.339823591927494,-4.87979271085181,1.06197399707038e-06,7.60733596453622e-06
"ENSG00000280693.2",83.7464665359803,-1.99071454664805,0.269805073942803,-7.37834362251496,1.60270886635512e-13,4.5191170897864e-12
"ENSG00000280719.1",1.18801986848324,-2.38119415276017,0.349481738622795,-6.81350093468049,9.52517394852051e-12,1.99237684775244e-10
"ENSG00000280744.1",0.353486612954448,-1.3873574846487,0.532415046615819,-2.60578188664491,0.00916648125415936,0.0226718218213147
"ENSG00000280776.2",4.0967510876346,-1.13205341192061,0.483407707165872,-2.34181912108441,0.0191900126169315,0.0426077944540257
"ENSG00000280780.2",0.589625232150197,-1.09688333266533,0.289876636740194,-3.78396598291028,0.000154348928774134,0.000639395014224115
"ENSG00000280870.3",1.52760880636465,-2.32418691752937,0.387060819833402,-6.00470726675396,1.91677413226054e-09,2.54358130539631e-08
"ENSG00000280890.1",1.3254954336547,-1.70146274027491,0.359735710516809,-4.72975768191191,2.24787976895259e-06,1.49050434626759e-05
"ENSG00000280924.1",2.73559936116025,1.21134878556058,0.282181513398378,4.29279994628998,1.76433964340503e-05,9.31522919959346e-05
"ENSG00000280953.2",3.17093046926291,-1.46282299174656,0.340022055697665,-4.3021414853372,1.69155235222147e-05,8.97654479865025e-05
"ENSG00000281097.1",0.560953820879314,-1.15536877897158,0.411453412126786,-2.8080184655646,0.00498473684612303,0.0134189800374743
"ENSG00000281106.4",44.3669571996626,1.13700492629165,0.235770629788896,4.822504513432,1.4176682084385e-06,9.82611106433318e-06
"ENSG00000281128.2",6.62228285654141,-1.29191950679656,0.315159503991456,-4.09925606061238,4.14480270901716e-05,0.000199313074386407
"ENSG00000281186.1",0.527784749956082,-1.27699013475751,0.45527583429975,-2.80487132975469,0.00503366696108064,0.0135279189289643
"ENSG00000281327.2",5.82930838915127,-1.89892035683675,0.245840425956534,-7.72419893696608,1.12558935669742e-14,3.77576633115886e-13
"ENSG00000281392.2",14.2225936746231,-1.50667573002464,0.193997765407113,-7.76645920051092,8.07105610809437e-15,2.77460077720942e-13
"ENSG00000281550.1",1.04536319005085,-1.40173145663834,0.423674813187354,-3.30850787681466,0.000937945463480868,0.00312839173045436
"ENSG00000281566.3",6.34164814095935,-2.97448824346599,0.455701277039761,-6.52727651497553,6.69763329051946e-11,1.19112980239867e-09
"ENSG00000281641.3",0.772869011769224,-1.85819731768131,0.338706571275872,-5.4861566773909,4.10772599384196e-08,4.08727095417907e-07
"ENSG00000281655.1",0.588220179270996,-1.0019582842155,0.432194639614361,-2.31830335774068,0.0204328400643804,0.0449351658159574
"ENSG00000281692.2",5.53522503596365,-1.92636790967443,0.260804876663336,-7.38624190743608,1.51036896833225e-13,4.27033707903571e-12
"ENSG00000281721.1",1.13734203334493,-2.04974468021039,0.460284254238914,-4.45321485871741,8.45940265202228e-06,4.84416771870143e-05
"ENSG00000281741.2",5.28244772183006,-1.34924687042825,0.307724868688024,-4.38458833756505,1.16205320303643e-05,6.41994619494886e-05
"ENSG00000281880.2",0.719508294885434,-1.14174681010812,0.361358080342222,-3.15959950038155,0.00157986144760891,0.00494265672726868
"ENSG00000281958.1",4.41036549497247,-1.7866614149514,0.314014886845408,-5.68973475397996,1.27236857684441e-08,1.42313143634099e-07
"ENSG00000281990.1",102.133460819573,-1.60438947037337,0.426201315482958,-3.76439352036098,0.000166953789666462,0.000685123756528189
"ENSG00000282097.1",0.975521283318951,-2.13675871011717,0.315087149948471,-6.78148477482059,1.1894701498167e-11,2.44132140082379e-10
"ENSG00000282122.1",290.327268426576,-3.83920747674468,0.415581051067186,-9.23816778191844,2.50754084821836e-20,2.05558999474658e-18
"ENSG00000282133.1",3.18606175438409,-1.69519036177896,0.306976059923525,-5.52222333624736,3.34736623984558e-08,3.39159521356562e-07
"ENSG00000282173.1",6.30635286240895,-1.57736884208608,0.296181566730361,-5.32568201154157,1.00574947434953e-07,9.15884304402176e-07
"ENSG00000282317.1",2.1571907365839,-1.07811632915539,0.213920110377427,-5.03980821276333,4.6599859393839e-07,3.64399502563826e-06
"ENSG00000282320.1",2.13741228314343,-1.1156969520072,0.287138428720592,-3.88557169786864,0.000102089356724182,0.000443183397134994
"ENSG00000282381.1",2.12473832897163,-2.75005536665127,0.317240793996413,-8.66866877997529,4.37201737176828e-18,2.57379300290982e-16
"ENSG00000282390.1",0.762763117951123,-1.28629501552402,0.433005664718059,-2.97061937136909,0.00297199878314615,0.0085684110311543
"ENSG00000282420.1",2.2732815161099,-1.67737981225916,0.323176667283773,-5.19028748689427,2.09969640636062e-07,1.78024443168421e-06
"ENSG00000282431.1",6.88570254182172,-1.10524969500244,0.263710200580605,-4.19115260831409,2.77540892864217e-05,0.000139380794939857
"ENSG00000282499.1",9.77754260682491,-1.53500288581777,0.27725912744828,-5.53634753144101,3.08844451715685e-08,3.15385579906813e-07
"ENSG00000282780.1",6.78361980864627,-1.59281244630921,0.285101016746479,-5.58683537675905,2.312447394449e-08,2.43193164494153e-07
"ENSG00000282815.1",86.0898114331741,-1.33876364895555,0.441953365192294,-3.02919664017729,0.00245205024656238,0.00724940335379327
"ENSG00000282849.1",0.665616422911029,-1.22467943844089,0.322451970844162,-3.79802125331951,0.000145855819801194,0.000608474882694039
"ENSG00000282890.1",1.51739779972115,-2.02804426490654,0.33645747846169,-6.0276391363893,1.66372007465883e-09,2.24068482640863e-08
"ENSG00000282894.1",0.632886775741659,-2.40813484441474,0.844721136901553,-2.85080453088673,0.0043608768734988,0.0119335504751354
"ENSG00000282968.1",1.87706773175201,-1.55758863956582,0.40060767004716,-3.8880649473897,0.000101046591418733,0.000439298999220227
"ENSG00000282998.1",1.05351675225818,-1.43498546376005,0.396953623388096,-3.61499525186872,0.000300353126426152,0.00115350920721897
"ENSG00000283003.2",0.630339322836344,-1.98136052584777,0.535133711325164,-3.70255224800038,0.000213441385871003,0.000852192156250225
"ENSG00000283052.1",1.95427861967785,-1.43340256304062,0.346238117017066,-4.13993287449045,3.4740746299233e-05,0.000170270624727444
"ENSG00000283069.1",1.56067087973486,-2.06463587909704,0.341778085537698,-6.04086676841459,1.53288516865559e-09,2.08065883016536e-08
"ENSG00000283095.1",1.35534552586433,1.11975095354556,0.312959598835297,3.57794091541783,0.000346311708607046,0.00130611680881362
"ENSG00000283122.1",1.41784165492041,-2.3169847884508,0.312052324439264,-7.42498807728564,1.12790074562881e-13,3.24863553637037e-12
"ENSG00000283138.1",3.29197126813643,-1.23251497334945,0.283523379919865,-4.34713699342116,1.37926078837394e-05,7.47390311426304e-05
"ENSG00000283141.1",1.99669393649258,-1.34918790534137,0.234816154434054,-5.74572012983153,9.15305928132782e-09,1.05701430911516e-07
"ENSG00000283142.1",1.49550779747554,-1.08899463959933,0.469312277651793,-2.32040517893144,0.0203189689965944,0.0447224318079611
"ENSG00000283178.1",1.16845976425514,-1.78943781478318,0.300901123436021,-5.94692965698967,2.73218751378467e-09,3.5156401686662e-08
"ENSG00000283183.2",5.56040422363037,-2.36238402586244,0.360898565883068,-6.54583932768484,5.91621608016447e-11,1.06399728569362e-09
"ENSG00000283202.1",0.345351547795375,-1.25587000419428,0.537322677562404,-2.33727340504519,0.0194249724741014,0.043028338003976
"ENSG00000283283.2",0.922420505229976,-1.73262981851783,0.683301317615992,-2.53567463408807,0.0112230954589882,0.0269580011250341
"ENSG00000283303.1",0.554980215376917,-2.15287123615516,0.930238637127086,-2.31432145498063,0.0206500957671923,0.045307463457533
"ENSG00000283307.1",3.55042888088107,-1.50017089553398,0.423186851844953,-3.54493739347935,0.000392706349918118,0.00145820256546921
"ENSG00000283361.2",1.02078050590175,-1.37254150861561,0.3139690385967,-4.3715823533118,1.23349307103839e-05,6.76963409725306e-05
"ENSG00000283372.1",0.76373793751957,-1.11884820611621,0.404357496912256,-2.7669777725402,0.0056578612603646,0.0149816532685572
"ENSG00000283380.1",1.59126794224609,-1.26605589620567,0.316772185652699,-3.99673946624133,6.4220913904329e-05,0.00029496625303257
"ENSG00000283384.1",0.858414891723245,-1.10117115092829,0.262580118853521,-4.19365775191293,2.74492029619483e-05,0.000138033124440955
"ENSG00000283405.2",4.96575951321746,-4.1011252857412,0.441576404628338,-9.28746473488093,1.58007018355555e-20,1.34022197895788e-18
"ENSG00000283408.2",3.2428854578456,-1.77637330650025,0.313218495211397,-5.67135508808744,1.41672409099873e-08,1.56892850173433e-07
"ENSG00000283433.1",2.05331276713765,-1.00425488132804,0.221492960617761,-4.5340261763945,5.7869852543719e-06,3.45821252540913e-05
"ENSG00000283438.1",0.441650744962006,-1.4383845054279,0.390667741023554,-3.68186147558363,0.000231537212061678,0.000915096006818891
"ENSG00000283445.1",2.06035841474287,-1.28501579397189,0.222050762276033,-5.78703617497372,7.16391553989526e-09,8.46833497352466e-08
"ENSG00000283486.2",2.60685728806587,-1.40094723483185,0.371010276346157,-3.7760335067505,0.00015934556519219,0.000656690171593238
"ENSG00000283503.2",1.29115369777816,-2.01963813378255,0.295357025537752,-6.83795528515167,8.03314604440096e-12,1.7060481139366e-10
"ENSG00000283526.1",0.963084205690324,-1.09086643052777,0.299792861514813,-3.63873384114541,0.000273981780858561,0.00106363074687498
"ENSG00000283538.3",7.87411621249007,-1.63828489044088,0.20686970076912,-7.91940474777075,2.38650306833166e-15,8.91175566271343e-14
"ENSG00000283554.1",10.4724729210659,-2.36773552763486,0.251052505083979,-9.43123641344598,4.0528303810484e-21,3.710214455884e-19
"ENSG00000283571.1",0.673255087743114,-1.37626128304627,0.533047026809419,-2.58187592056176,0.00982649072067301,0.0240398739602873
"ENSG00000283599.2",24.8837559754005,-1.52618455604804,0.438248006874829,-3.4824677627888,0.000496815034683564,0.00178868905678433
"ENSG00000283602.1",5.22112667526661,-1.17912811399279,0.180401731310668,-6.53612415704716,6.31335119378989e-11,1.13004092298146e-09
"ENSG00000283633.1",25.5321781491124,-1.28769115893743,0.240723893958853,-5.34924530241079,8.83217621677326e-08,8.15196331160405e-07
"ENSG00000283647.1",2.12877607060659,-1.66445866677518,0.398592453802735,-4.17584088934842,2.96887289247392e-05,0.000147987880975055
"ENSG00000283662.1",1.29031054759775,-1.73557274699316,0.300181273235907,-5.78174890220153,7.39279977248741e-09,8.7165828125992e-08
"ENSG00000283757.1",4.95492173596116,-1.39527367487282,0.331902246658322,-4.2038693287581,2.62390453539171e-05,0.000132686117897494
"ENSG00000283766.1",0.468907236281635,-1.30886341800599,0.447584845129149,-2.92428001584443,0.00345254015733814,0.00977416211561118
"ENSG00000283787.2",85.5607210170129,-1.25859907893664,0.192213088929093,-6.54793638637655,5.83375571344452e-11,1.05007602842001e-09
"ENSG00000283913.1",0.703774607413753,-1.27664274598721,0.310490469759032,-4.11169704170953,3.92761468386879e-05,0.000190056492596291
"ENSG00000283982.1",0.595713086219016,-1.71836859910723,0.329536807720886,-5.21449670824834,1.84316975849191e-07,1.58113150675832e-06
"ENSG00000284128.1",2.63225745802072,-1.13828046111981,0.24493837571007,-4.64721160095867,3.36451994541227e-06,2.13980379450994e-05
"ENSG00000284188.2",0.544545719234604,-1.22804673366205,0.294660817172341,-4.16766214607962,3.07739598366516e-05,0.000152883973073262
"ENSG00000284196.3",8.45319458947915,-1.68774872744425,0.232886765528943,-7.24707874065303,4.25856419992777e-13,1.13240208110939e-11
"ENSG00000284543.1",7.53354087318813,-1.01422047693778,0.192534222002158,-5.26774132095028,1.38112538235705e-07,1.21925091634502e-06
"ENSG00000284631.1",0.545558407317156,-1.39667988550506,0.404361385598913,-3.45403872685914,0.000552258064931652,0.00196464518485743
"ENSG00000284633.1",3.51701800498116,-1.00170861339537,0.180510010676651,-5.54932443713461,2.86775565286039e-08,2.95609276895296e-07
"ENSG00000284636.1",1.59898302093411,-2.12299472027958,0.509036785434489,-4.17061159630633,3.03783245447061e-05,0.000151062924710107
"ENSG00000284649.1",5.08584978948575,-1.33571021188237,0.192300835127024,-6.94594077555657,3.75946472337776e-12,8.49189526266449e-11
"ENSG00000284650.1",8.47795880284325,-1.3880625340881,0.28267522625976,-4.91044989139784,9.08676745600031e-07,6.61872115328225e-06
"ENSG00000284651.1",1.46924016870884,-1.1098596861456,0.226064566615009,-4.90948096273622,9.13177637473838e-07,6.64568183657637e-06
"ENSG00000284669.1",9.27591882940709,-1.16961646776026,0.134779560513974,-8.67799585708691,4.02803710441622e-18,2.37802951894527e-16
"ENSG00000284686.1",2.33799798608018,-1.48896970004492,0.25582957146039,-5.82016258536966,5.8790411372606e-09,7.07015936767434e-08
"ENSG00000284696.2",0.618073203546163,1.18702296095025,0.40315973631783,2.94429937818607,0.00323686725698737,0.00923317035879248
"ENSG00000284700.1",1.02160438103686,-2.20875270643939,0.470993306675317,-4.68956283483241,2.73789352391939e-06,1.7802304543357e-05
"ENSG00000284703.1",5.95604991296936,-1.45082363451406,0.334466171018333,-4.33772907465293,1.43962457667564e-05,7.76153543336268e-05
"ENSG00000284747.1",25.1414680412257,-1.07808507656364,0.122296221174191,-8.8153588574751,1.19302309941036e-18,7.6283732396451e-17
"ENSG00000284825.1",1.866376053883,-1.30350972011878,0.385643070775138,-3.38009371592946,0.000724611178145118,0.00249948458677628
"ENSG00000284837.1",0.606021235137242,-1.4889092173335,0.440618440556763,-3.37913505265944,0.000727142779983872,0.00250676080140094
"ENSG00000284879.1",2.29328088430203,-1.06422144955226,0.196632237242826,-5.41224299979882,6.22401469931608e-08,5.93853303335572e-07
"ENSG00000284914.1",0.832798238960058,-1.82226771509755,0.445640153158476,-4.08910126742893,4.33047777680774e-05,0.000207359177089297
"ENSG00000284928.1",0.975046353259716,-1.25310316049502,0.393762859924984,-3.18238028018629,0.00146069890502473,0.00461270130835746
"ENSG00000284930.1",9.08439656805221,-3.39287094732934,0.31049427593829,-10.9273220482933,8.5329501083841e-28,1.68879272573648e-25
"ENSG00000284966.3",7.1731976256101,-1.00683637354575,0.197748857471656,-5.09149021854683,3.5526020295765e-07,2.85872692261875e-06
"ENSG00000284999.1",1.22866858750943,-1.37236261252225,0.309418145510569,-4.43530100750144,9.19437277702962e-06,5.21403358383006e-05
"ENSG00000285012.1",0.743553325466808,-1.63925824498358,0.367632080355422,-4.45896409094321,8.23567157280607e-06,4.73235147115949e-05
"ENSG00000285041.1",0.991479884475018,-1.93675174462527,0.361633665502363,-5.35556262975361,8.52905963562886e-08,7.90202355274201e-07
"ENSG00000285051.2",6.35201749095626,-1.79797261307726,0.286410318482946,-6.27761116499132,3.43814434597945e-10,5.36040009019997e-09
"ENSG00000285090.1",10.5418356179554,-1.17626874576107,0.214343353857583,-5.48777801873264,4.07021098699762e-08,4.05868783689048e-07
"ENSG00000285155.1",0.920378518739806,-2.14876039598832,0.517007044186616,-4.1561530353399,3.23651075178642e-05,0.000159854431111829
"ENSG00000285159.1",1.55408977961324,-1.11421351329296,0.267002619510549,-4.17304337813411,3.00557690471699e-05,0.000149624091181332
"ENSG00000285163.1",1.64564056309228,-1.20115421005234,0.431700680838604,-2.78237738175216,0.00539622520887011,0.0143758677091891
"ENSG00000285165.1",2.14724827093049,-1.35531054032816,0.297868727579483,-4.55002628621533,5.3639214411047e-06,3.23188319708892e-05
"ENSG00000285205.2",5.19390237041677,-1.76984017147152,0.258349760687818,-6.85055858677624,7.35621766982176e-12,1.57192348993898e-10
"ENSG00000285254.2",0.399842745367687,-1.26281745715244,0.422163109092532,-2.99130224776615,0.00277790393647923,0.0080822711521141
"ENSG00000285269.2",3.22821437415296,-1.23472645578742,0.233535255822658,-5.28710944066215,1.24264301310514e-07,1.10925105048702e-06
"ENSG00000285367.1",4.55523336900395,-1.73813852552331,0.37980009994786,-4.57645620883704,4.72918646706574e-06,2.89263352382908e-05
"ENSG00000285413.1",0.749817629939479,-1.02458677530199,0.341006834383425,-3.00459308141006,0.00265936372804689,0.00778089619749628
"ENSG00000285417.1",19.3329717543017,-1.76234303109669,0.271205387551115,-6.49818592104676,8.12943013241338e-11,1.42263315858259e-09
"ENSG00000285420.1",6.45204251866276,-1.74239092944994,0.261921811746495,-6.65233230417765,2.88484436325858e-11,5.48740967623584e-10
"ENSG00000285448.1",0.57964400833361,-1.15757978449709,0.352969498520645,-3.27954621957055,0.0010397417730095,0.00342721449518764
"ENSG00000285454.1",0.517511628974724,-1.47111536036611,0.384729026187192,-3.82377013490615,0.000131426450618918,0.000554440330960564
"ENSG00000285473.1",1.35359225412505,-1.41910723647458,0.458166662210796,-3.09736031344347,0.00195252392119795,0.00593989161270891
"ENSG00000285476.1",2.17535649217382,-1.59789503039407,0.371022551600022,-4.30673290209235,1.65683469646302e-05,8.81707601208654e-05
"ENSG00000285517.1",88.2650445272269,-2.04546997169962,0.225763666371421,-9.06022658373409,1.30179851412846e-19,9.64444738755919e-18
"ENSG00000285518.1",1.90153652599161,-1.42539511792811,0.214458284252099,-6.64649128803313,3.00162207916273e-11,5.68611745005294e-10
"ENSG00000285520.1",1.49686551480712,-1.33643179714548,0.225682306192361,-5.92173936757969,3.18554206153585e-09,4.04637833623328e-08
"ENSG00000285524.1",6.58462988742855,-1.37302152665238,0.54672512295188,-2.51135619896002,0.0120268274558827,0.0285944169510552
"ENSG00000285534.1",1.0672322517684,-2.39168433812253,0.363328128775941,-6.58271173823002,4.61944241618953e-11,8.45785311461099e-10
"ENSG00000285535.2",11.3939212493012,-1.41797269361098,0.245446293557574,-5.77712000885589,7.59900871116198e-09,8.94195923140753e-08
"ENSG00000285545.1",0.867233085791822,-1.00829497198794,0.249527897985592,-4.04081058722403,5.32667685170711e-05,0.000249872847980419
"ENSG00000285555.1",0.712189651354661,-1.66116247215209,0.357665351591765,-4.64446014901696,3.40966853137367e-06,2.16355180917485e-05
"ENSG00000285561.1",0.52096573410669,-1.02287167201881,0.423478663494735,-2.41540308920789,0.0157178045186757,0.0359409876433318
"ENSG00000285562.1",1.21080645012376,-1.13630052408494,0.496775261594613,-2.28735328010798,0.0221752109296741,0.0480925754883697
"ENSG00000285564.2",2.00492068566654,-1.83294205030277,0.292382659259564,-6.2689834443142,3.63412762607789e-10,5.62957929165297e-09
"ENSG00000285569.2",3.74394049553439,-1.94779096914526,0.214487801320541,-9.08112702518866,1.07456328768658e-19,8.14981740197618e-18
"ENSG00000285570.1",0.625608438189651,-1.41008017022609,0.358240894290831,-3.93612285112637,8.28085937499512e-05,0.000369557690694241
"ENSG00000285577.1",0.398737018624161,-1.03688893027023,0.369467691146687,-2.80644006259959,0.00500922305666898,0.0134752963547751
"ENSG00000285578.1",1.0111136015404,-1.1155502646554,0.354728494525539,-3.14480026801199,0.00166200256667797,0.00516586875942576
"ENSG00000285587.1",1.68564792673441,-2.9215938566038,0.48614080401054,-6.00976884166352,1.85788037475412e-09,2.47253359383704e-08
"ENSG00000285588.1",1.61880394218376,-1.39711483031375,0.393222441108936,-3.55298854860297,0.000380881044846135,0.00141949228711398
"ENSG00000285595.1",0.442150926381285,-1.34821493405592,0.314737665078398,-4.28361484387351,1.83881116370832e-05,9.65811570656453e-05
"ENSG00000285618.1",0.919771085370299,-1.40788702304794,0.369985387685125,-3.80525034206517,0.000141660838679391,0.000593160162924931
"ENSG00000285621.1",1.63894467360777,-1.11286289034252,0.257270947290716,-4.32564540249071,1.52085908600341e-05,8.16114832026027e-05
"ENSG00000285624.2",0.804241480468764,-1.49278829430923,0.401300450480036,-3.7198769463716,0.000199319865494757,0.000802414979629319
"ENSG00000285634.2",1.71824713124533,-2.38207484171346,0.399963255018594,-5.9557342126409,2.58906814497833e-09,3.34598414930316e-08
"ENSG00000285637.2",4.8112105945952,-2.12071980990661,0.284736925762513,-7.4479971441267,9.47678723091273e-14,2.75436525098738e-12
"ENSG00000285647.1",0.423574662075577,-1.15100641966447,0.313610392397595,-3.6701794569525,0.000242380243757217,0.000953236912475157
"ENSG00000285653.1",0.597123507328967,-1.43680304170235,0.283303318607404,-5.07160681620337,3.9447074811323e-07,3.1433587738592e-06
"ENSG00000285661.1",0.695282148327423,-1.05876052380019,0.391548120233871,-2.70403679416925,0.00685027033821698,0.0176795166292209
"ENSG00000285673.1",1.68622378245083,-2.7808056890501,0.890511499375003,-3.12270609756503,0.00179196593223274,0.00551155835680139
"ENSG00000285683.2",0.824459504637446,-2.27390953699935,0.502142632999479,-4.52841361709613,5.94281667463488e-06,3.54369220417755e-05
"ENSG00000285684.1",18.0984963704945,-1.23294980384044,0.237430448251186,-5.19288832970594,2.07056389850696e-07,1.75661924371803e-06
"ENSG00000285722.1",181.097090659821,1.11502453625411,0.29114307473749,3.82981644766745,0.000128238877376956,0.000542369412998987
"ENSG00000285734.1",0.608992096048649,-1.21000038049159,0.301498838016942,-4.01328372755983,5.98798659033802e-05,0.000276986865517672
"ENSG00000285740.1",1.02347540861601,-1.7093567607632,0.383252259167844,-4.46013485863002,8.190809658494e-06,4.70917735546172e-05
"ENSG00000285741.1",1.42587064396805,-3.47890646700297,0.695692974136886,-5.00063475747917,5.71418723179155e-07,4.38179058538229e-06
"ENSG00000285742.1",1.79354049336955,-1.77357508778454,0.641363082000143,-2.76532144983073,0.00568667270699964,0.0150422773872627
"ENSG00000285748.2",5.31265776051457,-1.59481388224372,0.216370180248748,-7.37076560369946,1.69650902176373e-13,4.76099311023257e-12
"ENSG00000285750.1",0.523483526873354,-1.47352689822967,0.320649388149551,-4.59544584423911,4.31824940541255e-06,2.67076014565113e-05
"ENSG00000285754.1",1.78572780995241,1.15623962071612,0.313060933938632,3.69333728795037,0.000221330148330363,0.000879522289406879
"ENSG00000285770.1",0.874300100468032,-1.55728999045424,0.293719145359901,-5.3019696368313,1.14559898395922e-07,1.0310390855633e-06
"ENSG00000285781.1",0.734581744342862,-1.59336628756042,0.305262523584473,-5.21965902938459,1.79252838112142e-07,1.54278452218199e-06
"ENSG00000285790.1",0.739024516047213,-1.15581502977807,0.372720620739838,-3.10102249637763,0.00192853638302945,0.00587681128759219
"ENSG00000285792.1",5.64701066326759,2.59343173532919,0.417989852019917,6.20453277225882,5.48596410265115e-10,8.2164915327707e-09
"ENSG00000285802.1",1.77077981826098,-1.37345573818717,0.27561645822344,-4.98321380022132,6.25367853441347e-07,4.74384718465583e-06
"ENSG00000285810.1",0.717351426022654,-1.28506661210478,0.288992480549185,-4.44671297212548,8.71942180129179e-06,4.97387604865892e-05
"ENSG00000285816.1",3.76031352304305,-1.51610087086668,0.189739253303205,-7.99044396176651,1.34453673038997e-15,5.25412752463468e-14
"ENSG00000285823.1",0.703369656864581,1.01055484180464,0.355151061499531,2.84542255776412,0.00443525427758254,0.012118732383465
"ENSG00000285831.1",0.583183966595949,-1.73254931070141,0.432948417886082,-4.00174533299088,6.28769541853003e-05,0.000289465215978007
"ENSG00000285835.1",8.5912358805036,1.96105057919688,0.198201545682781,9.89422444936687,4.41015352662187e-23,5.25200002502746e-21
"ENSG00000285838.2",10.0631543262928,1.15304644038203,0.28070258770963,4.10771574922132,3.9959145489002e-05,0.000193024407811937
"ENSG00000285848.1",0.352727482218321,-1.15046913906969,0.311945351211346,-3.68804707171363,0.000225981851298527,0.000895951321536716
"ENSG00000285852.1",2.47821357375469,-1.46460400923485,0.240845871245024,-6.08108414590526,1.19372621557696e-09,1.65323721998699e-08
"ENSG00000285859.1",1.0744811404514,-1.40543216041005,0.311803252755008,-4.5074326454007,6.56167503214532e-06,3.86174366590235e-05
"ENSG00000285866.1",0.556292529280521,-1.08986895616667,0.463180045622453,-2.35301362065809,0.0186219519527594,0.0415663569849938
"ENSG00000285867.1",64.0152824645801,-1.16393668603546,0.175793182772477,-6.62105701528767,3.56639369070926e-11,6.63799617435102e-10
"ENSG00000285868.1",4.7557976192746,-1.7133618632712,0.204040323860881,-8.39717282765838,4.57356650951647e-17,2.27104625171474e-15
"ENSG00000285875.1",7.50802582673017,-1.70715497952519,0.324073743581177,-5.2677978803845,1.38070003844888e-07,1.21913437429387e-06
"ENSG00000285876.1",8.89746887068219,-2.75425759760322,0.356857572958176,-7.71808644768768,1.18089102422957e-14,3.94852717208603e-13
"ENSG00000285894.2",6.29741396109109,-2.25502823118925,0.440477958053992,-5.11950300794129,3.06341883944305e-07,2.4974855591395e-06
"ENSG00000285922.1",6.14860792749562,-1.37292218042748,0.398019023334551,-3.44938834562558,0.00056185803321697,0.00199589261338152
"ENSG00000285923.1",4.74071594249138,-1.0287220719123,0.177946988457959,-5.78105918412516,7.42317679310952e-09,8.7474361745171e-08
"ENSG00000285925.1",42.2254945015153,1.48069790143046,0.242117035963202,6.11562873112121,9.61770063310017e-10,1.36148117749629e-08
"ENSG00000285930.1",1.34057740464429,-2.25904530453405,0.401692368378499,-5.62381932634936,1.86781003836117e-08,2.00283593432319e-07
"ENSG00000285938.1",7.6586186446833,-1.11065374219661,0.153266245637172,-7.24656454902576,4.27475501613066e-13,1.13525474747874e-11
"ENSG00000285955.1",2.98369077713562,-1.02895399792488,0.274710453560032,-3.74559462368628,0.000179966996497993,0.000731805920012678
"ENSG00000285969.1",0.372287029080887,-1.29617543970634,0.481878586735019,-2.68983821939176,0.00714866657480996,0.0183244652881616
"ENSG00000285972.1",7.81441934658568,-1.17559848073396,0.374562198743589,-3.13859349575938,0.00169760768890999,0.00526222932327542
"ENSG00000285973.2",2.67282948158015,-1.98475759023958,0.307850778524194,-6.44714169557833,1.13979218612498e-10,1.94265585277086e-09
"ENSG00000285981.1",8.26878653387474,2.56924046757953,0.48285831951968,5.32089924459678,1.03255580388417e-07,9.37915812442394e-07
"ENSG00000286002.1",0.7318414644115,-1.11907666060742,0.471929405535624,-2.37127978778374,0.0177266065001021,0.0398731605947286
"ENSG00000286021.2",1.90987419853281,-1.90940998422104,0.488222253678492,-3.9109441854292,9.19360177747451e-05,0.000404300578854508
"ENSG00000286031.1",0.597048468665824,-1.00130147163399,0.270632378492627,-3.69985837323328,0.000215719818997568,0.000859611420630577
"ENSG00000286039.1",27.5521557854425,-1.48496183847712,0.210282541198541,-7.06174573511109,1.64423652541528e-12,3.94332131963703e-11
"ENSG00000286044.1",17.6969408029394,-4.23724493430137,0.331788154019277,-12.7709349564517,2.38275005073761e-37,1.23789822010945e-34
"ENSG00000286048.1",1.28331120956601,-1.18725393061488,0.293418726150603,-4.04627866186531,5.20382818572808e-05,0.00024484134831252
"ENSG00000286055.1",0.308822616243356,-1.07462436676206,0.392834751987144,-2.73556339230707,0.00622735903692359,0.0162606958781566
"ENSG00000286058.1",19.3986975864139,-4.09499094131836,0.564479654764548,-7.25445267469638,4.0328924790139e-13,1.07445562315882e-11
"ENSG00000286059.1",0.625395863425494,-1.74192378353106,0.418612611288285,-4.16118324331002,3.16602911011369e-05,0.000156762570734507
"ENSG00000286060.1",0.805042652775321,-1.92250827689605,0.515056408634032,-3.73261694188931,0.000189500669778956,0.000766597901241287
"ENSG00000286069.2",7.75940441477709,-1.78768095593491,0.261077349548093,-6.84732305973408,7.52446690472793e-12,1.60622441445456e-10
"ENSG00000286076.1",0.627951700419393,-1.64312392562602,0.448580471704185,-3.6629412764753,0.00024933571436934,0.000978184912272843
"ENSG00000286081.1",1.2749185358147,-1.91688313098393,0.37606862044546,-5.09716319514602,3.4478108700312e-07,2.78302418683699e-06
"ENSG00000286089.1",4.43187183587485,-1.08552609488101,0.189049523989224,-5.74201972041407,9.35539238060106e-09,1.07888129334778e-07
"ENSG00000286101.1",2.69128606387879,-1.31017415737511,0.407167104867322,-3.21777997709819,0.00129186875561277,0.00414199253419562
"ENSG00000286117.2",0.539952518739863,-1.08509515341851,0.316253465648631,-3.43109332001467,0.0006011537581985,0.00212026073474593
"ENSG00000286119.1",0.456527901701143,-1.29868981834054,0.396219400924486,-3.27770375531928,0.00104655167919301,0.00344419834433605
"ENSG00000286122.1",5.1047533334899,-1.13636363081551,0.219080211771021,-5.18697522532623,2.13737151704443e-07,1.80813016469368e-06
"ENSG00000286123.1",1.64804110636509,-1.64912166913076,0.585101890985662,-2.8185204911108,0.00482455314791317,0.0130460688310714
"ENSG00000286126.1",6.35638853570973,1.0319179724931,0.305986654192134,3.37242804009728,0.000745085536867748,0.00255948798109739
"ENSG00000286133.2",2.82190369288861,-1.11527117483432,0.449952090500763,-2.47864427875667,0.0131882760741419,0.0309154613758311
"ENSG00000286134.2",1.52375028119358,-1.47633371695811,0.381591659122389,-3.86888361331975,0.000109334813147616,0.000471550446410964
"ENSG00000286147.1",4.61478324345898,-3.38165904133313,0.394087856209345,-8.58097753597549,9.40702536815983e-18,5.25503747784219e-16
"ENSG00000286150.1",1.88737211025991,-1.39955293696544,0.274678743908491,-5.09523568169403,3.48307670372852e-07,2.80876278541647e-06
"ENSG00000286153.1",3.40267820460442,-1.1313293834877,0.221009928230134,-5.11890751943803,3.07310598889517e-07,2.50341887711606e-06
"ENSG00000286167.1",2.19188356633047,-1.83404002214831,0.446033256575591,-4.11189075054426,3.92431999902743e-05,0.000189941292418281
"ENSG00000286179.1",0.79602423296836,-1.64769545103897,0.354749440412472,-4.64467385522348,3.40614111798249e-06,2.16164356612595e-05
"ENSG00000286186.1",15.4089998209068,-1.39588329473966,0.184078288118171,-7.58309580673392,3.37405500864356e-14,1.04885919423518e-12
"ENSG00000286190.2",152.126662803601,-1.17250260774529,0.168218388610772,-6.9701215035311,3.16667372579069e-12,7.25541859930058e-11
"ENSG00000286191.1",8.72779656972984,-1.24827274289191,0.366085118532201,-3.4097882697248,0.000650133305068493,0.00227123143861954
"ENSG00000286195.1",3.9942488322537,1.04671892555053,0.242118777750102,4.32316293381789,1.53808054892645e-05,8.23678698292502e-05
"ENSG00000286196.1",3.16076730681114,-1.19136908215103,0.205146384474838,-5.8074095977897,6.34467887781931e-09,7.58623542922688e-08
"ENSG00000286208.1",1.49629283808536,-3.81086469033796,0.875491665025877,-4.35282806515961,1.34392547364271e-05,7.29574589022181e-05
"ENSG00000286214.1",42.0994634253514,-2.09428935075383,0.267352481392747,-7.8334389860301,4.7470326291668e-15,1.7008290528744e-13
"ENSG00000286225.1",1.89959728525593,-2.71468732768612,0.372026695039344,-7.29702293917114,2.94204651360323e-13,7.96076414051937e-12
"ENSG00000286232.1",0.57439311081473,-1.37009866030342,0.509854371866864,-2.6872352889448,0.00720461826541414,0.0184465248219727
"ENSG00000286250.1",0.543771209004652,-2.28951502425217,0.60571157060648,-3.77987665310694,0.00015690606983677,0.000648565895032904
"ENSG00000286251.2",1.24387676253315,-2.93075560985042,0.563248242318864,-5.20331070681135,1.9576915068574e-07,1.67281197384884e-06
"ENSG00000286257.2",5.6386828575071,-1.03232802809924,0.372236494544964,-2.7733122443064,0.00554888502578359,0.0147296901987365
"ENSG00000286269.1",1.963571435436,-2.95528041364892,0.408938606345843,-7.22670926097305,4.9483789717904e-13,1.30167422041489e-11
"ENSG00000286271.2",2.36727094540494,-1.48050437332106,0.238134776203949,-6.21708595830242,5.06472345158373e-10,7.64342905209598e-09
"ENSG00000286274.1",0.303552923873725,-1.12615625534175,0.476931228025321,-2.36125501784497,0.0182132011804498,0.0407854023416947
"ENSG00000286285.1",3.10711876799495,-1.14266572575196,0.191611398068248,-5.96345383036646,2.46961256540305e-09,3.20541859490885e-08
"ENSG00000286290.1",1.35811837313047,-3.23882741348451,0.748219593435881,-4.32871237521537,1.4998365820049e-05,8.05793795518196e-05
"ENSG00000286309.1",1.1601967698171,-3.22818626455289,0.597144196584158,-5.40604142687658,6.44328997124005e-08,6.12720649003424e-07
"ENSG00000286310.1",0.586308136981439,-1.11096262320326,0.301869881377357,-3.68026985048728,0.000232987262891266,0.000919875893508917
"ENSG00000286329.1",26.6750223076153,-1.18975652614989,0.390409812611606,-3.04745548835245,0.00230787703675633,0.00687598461660691
"ENSG00000286330.1",8.3392520477356,-1.68224881555456,0.296477098749706,-5.6741273530026,1.39397403644565e-08,1.54744521641972e-07
"ENSG00000286333.1",0.615959441135445,-1.45009744972438,0.285378997957673,-5.08130402062543,3.7485261907281e-07,3.00069810360249e-06
"ENSG00000286341.1",0.724537064705428,-1.00043742991751,0.265368526372846,-3.76999278547406,0.000163252266533249,0.000671525208002267
"ENSG00000286361.1",0.729832230791532,1.14527559433166,0.370819757171802,3.08849669463822,0.00201171931468546,0.00609124121931347
"ENSG00000286363.1",0.454026627365489,-1.0133258221242,0.431301430479038,-2.34946084226691,0.0188006214993717,0.0419111473265869
"ENSG00000286400.1",0.462634929431799,-1.39949859546478,0.362077052278755,-3.86519550647286,0.000111000250282915,0.000477725215103915
"ENSG00000286403.1",5.85287896062326,-1.95573516322016,0.319898066591417,-6.11361982915039,9.7396174449639e-10,1.37604164914412e-08
"ENSG00000286410.1",1.71544567578236,-1.1724381140213,0.282125744844005,-4.15572890970859,3.24252111981895e-05,0.000160130302735165
"ENSG00000286412.1",1.11382257280451,-3.3447987658784,0.694497477597196,-4.81614242495257,1.46360075951153e-06,1.01164435002192e-05
"ENSG00000286414.1",0.590927131704933,-1.93403523770676,0.472670518736827,-4.09171962506845,4.2818615644532e-05,0.000205338460949019
"ENSG00000286417.1",0.825372101657977,-1.04387142095557,0.291721322365441,-3.57831718467223,0.000345813626351185,0.00130459344090115
"ENSG00000286438.1",2.62594757934248,-4.53755590744063,0.640458601126241,-7.08485435196183,1.3919061395106e-12,3.37123560433215e-11
"ENSG00000286446.1",0.590848198551391,-1.66929427319599,0.564540030016649,-2.9569103773682,0.00310738423064838,0.00891052182932302
"ENSG00000286447.1",2.33796233595398,-1.31173271569726,0.372900303032625,-3.51764990542926,0.000435386357879929,0.00159544417265082
"ENSG00000286448.1",0.543122810392635,-1.00886571219973,0.429103370646513,-2.35110181185412,0.0187179114959896,0.0417558820029157
"ENSG00000286449.1",37.4292758746119,1.01172670129002,0.300916330436755,3.36215286096829,0.000773372983133432,0.00264398518754559
"ENSG00000286458.1",4.02441329138446,-1.04132554679889,0.175464373154475,-5.93468365160446,2.94412613206003e-09,3.76735745999627e-08
"ENSG00000286471.1",1.265239776183,-1.44018686089383,0.380101023054352,-3.78895812834446,0.000151280406534871,0.000627621906209056
"ENSG00000286475.1",1.11334823599382,-1.92505440949071,0.360229786415092,-5.34396233206677,9.09364732344323e-08,8.36543094415555e-07
"ENSG00000286478.1",0.416740137190314,-1.2768471860088,0.436603997479176,-2.92449724093444,0.00345013138230235,0.00976867365019757
"ENSG00000286487.1",0.952261483199303,-1.48482947867726,0.56203323914468,-2.64188908281817,0.00824450506116334,0.0207081718348988
"ENSG00000286489.1",0.594819820957627,-1.36204472963328,0.403115046749325,-3.37879903173215,0.000728032074331894,0.00250941027312839
"ENSG00000286496.1",0.923734614241613,-1.62577736114371,0.36798767873408,-4.41802118684127,9.9608658738455e-06,5.59526297403388e-05
"ENSG00000286498.1",1.54298328511881,-2.78133450907284,0.634763604985864,-4.38168553966603,1.17764696343355e-05,6.49314978697599e-05
"ENSG00000286500.1",4.67926171372343,-1.63755082404631,0.360342876681311,-4.5444240195001,5.50856723144417e-06,3.30896186259983e-05
"ENSG00000286502.1",1.19783780286528,-1.94829199913534,0.309035092843294,-6.30443611180197,2.89245001006215e-10,4.55363664084103e-09
"ENSG00000286504.1",2.95262265567712,-1.6745356878594,0.2879364122296,-5.81564406839982,6.04008660020797e-09,7.24705771587309e-08
"ENSG00000286505.1",0.358811141952328,-1.11458374928427,0.35971603795546,-3.09851002368229,0.00194496390608004,0.00591905908065452
"ENSG00000286506.1",0.837612122189787,-2.0530678055606,0.376239218350206,-5.45681498745192,4.84750975929585e-08,4.74275425178565e-07
"ENSG00000286517.1",10.8145006018344,1.83429133520951,0.381321641421825,4.81035203868848,1.50664699223485e-06,1.03915138219822e-05
"ENSG00000286518.1",1.11340355838394,-2.32775314460247,0.325301480918612,-7.15567951928524,8.32594511717833e-13,2.09725398835551e-11
"ENSG00000286519.1",2.78859911000221,-2.52693717545316,0.364942585915766,-6.92420471870173,4.3843150568155e-12,9.81264956334765e-11
"ENSG00000286534.1",0.999874143684334,-1.60371748831211,0.374417648657775,-4.28323155722272,1.84198298171359e-05,9.67203402157107e-05
"ENSG00000286543.1",1.47945633416131,-1.44082884927007,0.405093933007933,-3.55677716171043,0.000375432356841453,0.00140207742070667
"ENSG00000286544.1",1.14949851780647,1.14086506649307,0.350141421234621,3.25829792565045,0.00112082669086064,0.00365736036158827
"ENSG00000286551.1",1.0687900513123,-2.43636968731766,0.442633468543428,-5.50425998136791,3.70722140507293e-08,3.72983626331738e-07
"ENSG00000286559.1",0.55088636929857,-1.16005808763248,0.484092624293426,-2.39635563406008,0.0165590151320115,0.0375956400588146
"ENSG00000286583.1",4.39479627070714,-1.05503564877995,0.336739923018891,-3.13308751549712,0.00172977858089122,0.00534759427097597
"ENSG00000286593.1",2.31970253928118,1.10085549189649,0.272990295935536,4.03258104147571,5.51675808836905e-05,0.000257597460587343
"ENSG00000286611.1",1.07068961767283,-1.14037682451453,0.383596528375283,-2.97285491436688,0.00295043880172073,0.00851156642445457
"ENSG00000286640.1",3.86440435297199,1.0168233558009,0.421097088241965,2.41470051490033,0.0157481522667116,0.0359965189742654
"ENSG00000286642.1",1.94306372836591,-1.88594096401952,0.381092675001014,-4.948772536797,7.46829627913777e-07,5.54974664676424e-06
"ENSG00000286653.1",0.409836897416818,-1.60487338831312,0.527093097564831,-3.04476267233934,0.00232863985191483,0.0069274160421791
"ENSG00000286655.1",2.04325812248969,-1.04935821329211,0.264212485255905,-3.97164506543187,7.13780140582103e-05,0.000324255439970197
"ENSG00000286656.1",16.8891493931867,-1.01251104803457,0.173486236618424,-5.83626152581517,5.33850794112174e-09,6.48200604875553e-08
"ENSG00000286662.2",2.33665425122047,-1.55000118245495,0.28922022048399,-5.3592421023023,8.35718001100956e-08,7.76528315711109e-07
"ENSG00000286670.1",16.1766633221087,1.14724491521226,0.290442139511934,3.94999471199365,7.8152919815461e-05,0.000351611999715327
"ENSG00000286678.1",0.387792769010387,-1.58995627286166,0.613525571282759,-2.59150775009651,0.00955563892556845,0.0234778591289002
"ENSG00000286682.1",1.01038878279239,-1.05039097872466,0.27083320359426,-3.87836854855608,0.000105159323254465,0.00045522672566421
"ENSG00000286684.1",0.973727926492053,-1.56960175693745,0.431074571826392,-3.6411374261472,0.000271436190630248,0.00105462844553978
"ENSG00000286694.1",30.1137984782472,-2.37404616435266,0.258419270047136,-9.18680005527307,4.04701072722031e-20,3.22225785143162e-18
"ENSG00000286695.1",9.93775432447906,1.19274714143724,0.283440619060944,4.20810237216135,2.57524200675804e-05,0.000130543003152674
"ENSG00000286700.1",1.74316600589999,-2.57388557574848,0.440584531986365,-5.84197898220388,5.15843159424764e-09,6.28539237526005e-08
"ENSG00000286710.1",5.16101150391454,-2.7485928444338,0.300557526967074,-9.14498090322291,5.96404001031234e-20,4.70355656373058e-18
"ENSG00000286712.1",1.89896255354398,-1.37613363399118,0.382905312007238,-3.59392672506243,0.000325731477865342,0.00123918093208598
"ENSG00000286720.1",0.825800911699183,-2.30080249548477,0.435962516925377,-5.27752365435259,1.30941306476465e-07,1.1618664773217e-06
"ENSG00000286721.1",3.04792407597177,-1.04435908895339,0.233695051322182,-4.46889689381395,7.86240158364924e-06,4.5440165851888e-05
"ENSG00000286728.1",0.496670175847983,-1.71172322537389,0.516773326820316,-3.31232890038279,0.000925227017648693,0.00309167754522552
"ENSG00000286732.1",28.980178874894,1.05096831669282,0.150442877031312,6.9858296878627,2.83177432098883e-12,6.54948271168267e-11
"ENSG00000286734.1",2.4280980738458,-3.02411666207906,0.430065417581052,-7.0317596776056,2.03944863991164e-12,4.83534309024573e-11
"ENSG00000286737.1",0.426360924295781,-1.24189672559935,0.405512406807435,-3.062536940304,0.00219469385279199,0.00657601224927839
"ENSG00000286746.1",5.9451071243004,-1.79886355392942,0.268702401002814,-6.69463148530103,2.16215802158845e-11,4.22093056332828e-10
"ENSG00000286758.1",1.49975815958983,-2.52274214568949,0.371891628610233,-6.78354109533746,1.17265416400044e-11,2.40799665830961e-10
"ENSG00000286764.1",2.15600392961448,-2.24113494763325,0.347275049478232,-6.45348679958572,1.09305527497742e-10,1.87184026941127e-09
"ENSG00000286766.1",0.340577913582598,-1.18892903932092,0.520352478989186,-2.28485322416544,0.0223214355735546,0.0483541908322776
"ENSG00000286769.1",3.47593144068168,-1.54507727511814,0.460581775939864,-3.35462095078611,0.000794738015916881,0.00270811686624067
"ENSG00000286777.1",0.721501028409461,-1.35363671643942,0.303119701337876,-4.46568372317894,7.98134456100969e-06,4.60403390207751e-05
"ENSG00000286780.1",0.761864992989199,-2.55516807494118,0.514185398037083,-4.9693516865621,6.71771310947721e-07,5.05708372135649e-06
"ENSG00000286788.1",3.39279617636669,-1.00675557166968,0.24222066735286,-4.15635702218205,3.23362378492525e-05,0.000159766847062605
"ENSG00000286795.1",0.563378788659177,-1.02940729526827,0.372503602907805,-2.76348278844177,0.00571881083536001,0.0151151170708574
"ENSG00000286797.1",17.2678642418477,-1.15816911654713,0.327655126813105,-3.5347199594034,0.000408207528148328,0.00150714411343171
"ENSG00000286802.1",2.24019843594474,-2.31611206652871,0.356312241811496,-6.50023152377132,8.01964914816061e-11,1.40460454233397e-09
"ENSG00000286805.1",0.921361123932412,-1.17445292628857,0.391291736935026,-3.00147643159557,0.00268673836550921,0.00784971340840885
"ENSG00000286810.1",5.71120743547376,-1.38515720244993,0.205871958454531,-6.72824610426901,1.71720308518292e-11,3.42304050965815e-10
"ENSG00000286815.1",2.47234484499888,-2.78200021174055,0.492546184236303,-5.64820173371977,1.62134852839082e-08,1.768674213569e-07
"ENSG00000286816.1",0.301555687004546,-1.3277337715403,0.572781595897317,-2.31804544882466,0.0204468511502118,0.0449577092373576
"ENSG00000286819.1",0.71932872591712,-1.03446458799053,0.340769501776224,-3.03567244896769,0.00239999934464642,0.00711627115375576
"ENSG00000286820.1",3.8078385694328,1.20389929897709,0.338583309403674,3.55569594111843,0.000376979864801838,0.00140671908250081
"ENSG00000286831.1",3.87864500445162,-1.33538822003689,0.298140983791096,-4.47904948543598,7.49761523732833e-06,4.35582729233772e-05
"ENSG00000286833.1",5.37940937276738,-1.48290374933016,0.213210655990145,-6.95511086180749,3.52284894585592e-12,7.99654002663374e-11
"ENSG00000286838.1",1.7196380145444,2.22412651839172,0.340422804232065,6.53342399728173,6.42828221846312e-11,1.14863398780638e-09
"ENSG00000286839.1",0.600946834186893,-1.16913700340341,0.498327334051744,-2.34612256545818,0.0189698682693763,0.0422182417677011
"ENSG00000286842.1",1.71481188588223,1.38715456157197,0.301990422367124,4.59337269936869,4.36139115703712e-06,2.69583788323582e-05
"ENSG00000286848.1",2.45139274408451,-1.19709367394131,0.328031902740618,-3.64932088598673,0.00026293449663152,0.00102418777403929
"ENSG00000286850.1",0.746750597370633,-1.0075390064964,0.289907682537341,-3.47537877464364,0.000510132498387896,0.00183219209281004
"ENSG00000286873.1",230.067788236418,1.42606662032588,0.141055279135474,10.1099840365156,4.98924051925876e-24,6.60391128858065e-22
"ENSG00000286886.1",2.01375845257148,-2.12575770631469,0.308131694976514,-6.89886091230152,5.24211639831093e-12,1.15582409414641e-10
"ENSG00000286887.1",9.74441185055576,1.32473066853287,0.217064465326739,6.10293659323188,1.04137162333579e-09,1.46221241246899e-08
"ENSG00000286888.1",0.825813135405086,-1.09266200561663,0.333103705653006,-3.28024572249838,0.00103716710644662,0.00341899899096879
"ENSG00000286889.1",0.822590533460188,-1.39246128004398,0.45662714895465,-3.04944916926582,0.00229261425752334,0.0068368826699566
"ENSG00000286893.1",3.40238529994826,-1.12607258427236,0.319055699909014,-3.52939184159221,0.000416515920268253,0.0015345813877832
"ENSG00000286907.1",0.471116919292707,-1.1405019676204,0.366652376058268,-3.11058114468391,0.00186719585950056,0.00571587201241527
"ENSG00000286911.1",5.04404083634592,1.02754595369279,0.255232441392068,4.02592220678701,5.67524506615565e-05,0.000264255585300875
"ENSG00000286913.1",2.75606481143954,-1.15011760303637,0.254496290821743,-4.51919200599254,6.20760798198662e-06,3.67889067371065e-05
"ENSG00000286919.1",1.79991002116125,-1.37013527236646,0.329618827470075,-4.15672637052522,3.22840272878434e-05,0.000159527849499149
"ENSG00000286923.1",35.9277457615974,1.01886480888005,0.252367330255491,4.0372294141582,5.40861719250259e-05,0.000253287828456104
"ENSG00000286942.1",4.38759512055353,-1.01704425706528,0.249243855549655,-4.08051887506879,4.49352800428342e-05,0.000214420219189469
"ENSG00000286954.1",2.47519465674391,-1.46351933418005,0.328305387524651,-4.45779871361435,8.2805601264136e-06,4.75288827474109e-05
"ENSG00000286961.1",0.604031422924757,-1.85943124149853,0.501158594478646,-3.71026509768409,0.000207042329093389,0.000829726475921264
"ENSG00000286962.1",1.40962027150161,-1.9400224320999,0.588560997670544,-3.2962130344659,0.000979976734055668,0.00324928544242694
"ENSG00000286966.1",0.54870044176385,-1.15675102960227,0.373622526281942,-3.09604198952758,0.00196122586744003,0.0059598208307774
"ENSG00000286970.1",33.6617949688652,-2.89543912323882,0.308665538233832,-9.38050661504477,6.56564883643128e-21,5.85582611458705e-19
"ENSG00000286971.1",0.362206525806117,-1.68880266417066,0.62491744591394,-2.70244121877697,0.00688323540607519,0.0177491642851034
"ENSG00000286983.1",1.14150718592892,-3.14935249986823,0.581216632916075,-5.41855191594797,6.00836928687089e-08,5.749938851046e-07
"ENSG00000286984.1",2.66391006534775,-1.15691465745026,0.283911665610655,-4.07491060630387,4.60320261673915e-05,0.000219012860034165
"ENSG00000286985.1",27.2778046786398,1.07022291956597,0.248902817367652,4.29976217579392,1.70981495222759e-05,9.06073301599937e-05
"ENSG00000286988.1",0.386696267993777,-1.7906985786323,0.571502386881761,-3.13331775988326,0.00172842213145714,0.00534379830600474
"ENSG00000287000.1",0.661808795125166,1.77157368609993,0.691383733378692,2.56235951262912,0.0103963638854068,0.0252464899681729
"ENSG00000287018.1",0.599716295344389,-1.40164028023019,0.381132497433705,-3.67756696074965,0.000235469273343778,0.000928958133717523
"ENSG00000287021.1",0.931928001159236,-1.22731117103874,0.453751916015008,-2.70480658642142,0.0068344169833754,0.0176418879984503
"ENSG00000287022.1",1.45256882026822,-1.20185018937302,0.25619674024876,-4.69112209704955,2.71710756139184e-06,1.76837495249871e-05
"ENSG00000287023.1",34.1034386066056,-1.16371751874187,0.274416152718431,-4.24070342512206,2.22820388981017e-05,0.00011458625348712
"ENSG00000287032.1",3.20804614784748,-1.35960719862226,0.200288865979953,-6.78823154732096,1.13516363536568e-11,2.33678410168739e-10
"ENSG00000287036.1",204.337518817974,1.34753474867428,0.238994772984862,5.63834401834234,1.7169324232697e-08,1.85879513873235e-07
"ENSG00000287041.1",3.98892361885346,-2.23430988793157,0.242072860487573,-9.22990658032183,2.70868037675678e-20,2.21175194142958e-18
"ENSG00000287046.1",1.70449294306838,-1.43876878566527,0.351876625053342,-4.088844450657,4.33527430439339e-05,0.000207535902602163
"ENSG00000287048.1",2.94322418963028,-1.51867782403969,0.467780091489923,-3.24656361326229,0.00116807340720086,0.00378981006636083
"ENSG00000287051.1",2.67017734768061,-1.8807359259362,0.357790848137508,-5.25652328930835,1.46804193526128e-07,1.28641701272042e-06
"ENSG00000287063.1",5.33420823495628,-2.0751955177083,0.312198546062036,-6.64703773891357,2.99050374910278e-11,5.66763870589192e-10
"ENSG00000287069.1",24.5299429315524,-1.34545450731898,0.378767189303407,-3.55219392100307,0.000382033195453633,0.00142327569643635
"ENSG00000287088.1",6.60899546411238,-1.24792986398654,0.377730736845109,-3.30375514158453,0.000953991161620222,0.0031750304820035
"ENSG00000287089.1",4.54608134603082,-1.44758907628363,0.281682593801684,-5.13907890702961,2.76088452936169e-07,2.27855208120195e-06
"ENSG00000287090.1",0.853115908339005,-1.10590134304329,0.373637441144314,-2.95982474255343,0.0030781409630189,0.00883947313652951
"ENSG00000287094.1",0.633102187080114,-1.14547922078937,0.345986095616236,-3.31076663283001,0.000930407659509506,0.00310633169873626
"ENSG00000287096.1",1.07035291053199,-2.84156119068503,0.528474802406839,-5.37690950967515,7.57752326707593e-08,7.10918785612212e-07
"ENSG00000287100.1",2.98322440068021,-1.48625343012068,0.216221061398723,-6.87376808025167,6.25278348145204e-12,1.35494362385876e-10
"ENSG00000287101.1",0.605694504805352,-1.88242184296597,0.460304563295942,-4.08951375473485,4.32278434912657e-05,0.000207033375338095
"ENSG00000287103.1",1.08246988276483,2.16609799705921,0.430819779220448,5.02785178753558,4.96004995752674e-07,3.85542540367919e-06
"ENSG00000287108.1",1.57296625439453,-1.66064045614285,0.275249131887796,-6.03322686161933,1.60717536287565e-09,2.17156769934453e-08
"ENSG00000287109.1",2.55142826844552,-1.32480107444523,0.205933918069161,-6.43313683761559,1.24997023802304e-10,2.11441851984997e-09
"ENSG00000287119.1",2.12690330717181,-1.3987695768609,0.25963053765087,-5.3875387291377,7.14290870483445e-08,6.73335385779836e-07
"ENSG00000287120.1",2.30980417007003,-1.70388151011061,0.49695733106171,-3.42862737625865,0.000606641793080437,0.00213725915097136
"ENSG00000287130.1",0.731105994766725,-1.86754264730091,0.577563031957647,-3.23348715891819,0.00122288833584087,0.00394578720706609
"ENSG00000287134.1",64.4790587302678,-1.69400736612937,0.218698318122432,-7.74586371158567,9.49342949915125e-15,3.23679997410766e-13
"ENSG00000287136.1",1.96131609563929,-2.59485595659543,0.452293446136402,-5.73710713423177,9.63073410397987e-09,1.10878828484657e-07
"ENSG00000287141.1",0.816423035323722,-1.05375116479168,0.265883184012463,-3.96321101955166,7.39483627665361e-05,0.000334506078940224
"ENSG00000287144.1",1.64459305344515,-2.18948623238183,0.541027167615087,-4.04690626171945,5.18990122477741e-05,0.000244311558165363
"ENSG00000287149.1",0.544356316731511,-1.72228063973684,0.543629561707292,-3.16811439452987,0.00153431135595315,0.0048185716154332
"ENSG00000287158.1",1.86999340787413,-1.1067873249006,0.385410067199131,-2.87171358274032,0.00408252798842326,0.0112803455471783
"ENSG00000287160.1",1.26788009341499,-1.30878050132515,0.326722760693878,-4.00578306373766,6.18123606215001e-05,0.000285037760140995
"ENSG00000287161.1",2.28411801858621,-1.08277545969421,0.383708303163526,-2.82187132977614,0.00477443288602796,0.0129273602351201
"ENSG00000287172.1",4.31490123853439,-3.03869115780363,0.703137594949966,-4.32161667876663,1.54890107580013e-05,8.29259648491628e-05
"ENSG00000287176.1",3.5197272856058,-2.30402066357765,0.519980488112501,-4.43097523128438,9.38078650585812e-06,5.30888138284961e-05
"ENSG00000287185.1",10.0558444940887,-1.4465092088242,0.202002687163754,-7.16084141817174,8.0183363689157e-13,2.02958645654613e-11
"ENSG00000287189.1",1.78776534688604,-1.48274838780635,0.419818591168811,-3.53187881384256,0.000412618402116226,0.00152153722196385
"ENSG00000287198.1",0.394064749977613,-1.35274085296792,0.412892530251935,-3.27625411906221,0.0010519386432388,0.0034586965807355
"ENSG00000287211.1",0.980020019265166,-3.04505423611103,0.677823281465148,-4.49240136681201,7.04245376534457e-06,4.11464978456151e-05
"ENSG00000287212.1",0.33066612537098,-1.19873997538295,0.406652190113482,-2.94782618789888,0.00320016938961383,0.00913498902274246
"ENSG00000287215.1",1.12111404956749,1.11284880332585,0.488478322410161,2.27819485997871,0.0227149703944347,0.0490736874692533
"ENSG00000287216.1",2.64915147506922,-1.36468772883803,0.205961946058128,-6.62592170523033,3.45088055286073e-11,6.44464684152727e-10
"ENSG00000287223.1",0.798886302259125,-1.61104166044622,0.392394093843765,-4.10567255145199,4.03140219235779e-05,0.000194557754202014
"ENSG00000287227.1",0.456036533479305,-2.01312038608555,0.630913057699579,-3.19080475751404,0.00141877121399131,0.00449820498862666
"ENSG00000287229.1",0.635209507467806,-1.48364099516023,0.314326247320461,-4.7200671525456,2.35766796528628e-06,1.55316842563367e-05
"ENSG00000287235.1",1.16220116300129,-2.14936299320527,0.373415505860811,-5.75595538875785,8.61531371392067e-09,9.99915299016953e-08
"ENSG00000287248.1",4.22184263070089,-3.58651908734684,0.464707149220143,-7.71780484411662,1.1835022053951e-14,3.95407706275169e-13
"ENSG00000287254.1",0.754775021569547,-1.07486754295502,0.287644217412444,-3.73679524178928,0.000186380576214055,0.000755520287584956
"ENSG00000287255.1",10.9453319574064,-1.55083546610602,0.185762690932001,-8.34847653382513,6.91490802221314e-17,3.33794898047877e-15
"ENSG00000287259.1",8.69514508185491,1.61571754464207,0.25480335192218,6.34103724481431,2.28223353898695e-10,3.66940775038204e-09
"ENSG00000287275.1",5.10812149825956,-1.30219548545697,0.253304025581536,-5.1408400733758,2.73512789885858e-07,2.25864068611883e-06
"ENSG00000287278.1",0.639563720239836,-1.96366127327238,0.347440683060419,-5.65178854697019,1.58786855139229e-08,1.73488414124517e-07
"ENSG00000287279.1",0.519401615248188,-1.62571049096304,0.513705871430244,-3.16467181197831,0.00155257966244565,0.00486916835765379
"ENSG00000287283.1",0.539235158177755,-1.25406292785548,0.455585996499175,-2.75263712557449,0.00591173828480772,0.0155469290428485
"ENSG00000287287.1",1.16235242331394,-1.06095178180299,0.238721380490919,-4.44430984615282,8.81744540012799e-06,5.02634296694719e-05
"ENSG00000287288.1",0.655235076164866,-2.15288004021794,0.388970907789472,-5.53480992306801,3.11566050511795e-08,3.17696471819706e-07
"ENSG00000287302.1",0.660407195142686,-1.06943392134211,0.300906557575518,-3.55403993172769,0.000379361608724628,0.00141420999029626
"ENSG00000287303.1",1.11515254433889,-1.83127792868373,0.315725293806519,-5.80022559043359,6.62257650269779e-09,7.89353382865286e-08
"ENSG00000287306.1",3.38500594546528,-1.19419348926614,0.172512742846337,-6.92234944249796,4.44213809661347e-12,9.93671386283364e-11
"ENSG00000287308.1",7.92741022074794,1.21151756292664,0.314215034706215,3.85569571506784,0.000115400960270035,0.000494310492707738
"ENSG00000287313.1",1.6967933672275,-1.29098632116847,0.355814857908288,-3.62825298740398,0.000285345579206453,0.00110300715801512
"ENSG00000287316.1",1.67747834900256,1.09164806939977,0.342996604407079,3.18267894018031,0.00145919319117569,0.00460948448823015
"ENSG00000287331.1",2.23575333073171,-3.30240363200474,0.50660104123492,-6.51874623856795,7.0897477146736e-11,1.25335642074549e-09
"ENSG00000287332.1",0.582956337658544,-1.12369307597221,0.354744373291198,-3.16761352843166,0.00153695687292551,0.00482579145973635
"ENSG00000287338.1",1.9263254902936,-1.34837864053613,0.218165896179885,-6.18051979776136,6.38908830648529e-10,9.44657731035723e-09
"ENSG00000287354.1",0.809363308772237,-1.29285052734734,0.378163322494375,-3.41876234537941,0.000629066434582955,0.00220636985307789
"ENSG00000287360.1",3.70013624470059,1.17150669387441,0.325374008983965,3.60049254558665,0.000317614935246615,0.00121240925227037
"ENSG00000287376.1",6.87989191776719,-1.4820642115313,0.289061154771348,-5.12716491672372,2.94137848643133e-07,2.41028337249722e-06
"ENSG00000287378.1",3.1725117968801,-1.68471284696603,0.208388145050511,-8.08449466526838,6.24224791744686e-16,2.57636849994962e-14
"ENSG00000287379.1",4.72950263984241,-1.05035782978688,0.200091592481053,-5.24938512789505,1.52607726951372e-07,1.33104847181131e-06
"ENSG00000287381.1",1.50485064116732,2.384562433847,0.547004995857495,4.35930649976773,1.30475264458532e-05,7.11188582482034e-05
"ENSG00000287392.1",1.53208143206714,-2.02193570622833,0.8007558914468,-2.5250338184526,0.0115687155946212,0.0276364500254998
"ENSG00000287397.1",6.14068203242554,1.89703303930692,0.456570291393003,4.15496381404723,3.2533902688282e-05,0.000160628898019764
"ENSG00000287406.1",1.6513820648788,-2.02332550549062,0.548200762040848,-3.69084767040118,0.000223507965017143,0.000886904529505682
"ENSG00000287414.1",81.8318609152443,-2.05855426337107,0.340588153827933,-6.04411586320489,1.50231526803395e-09,2.04250007098551e-08
"ENSG00000287419.1",16.7984214611585,-1.03849594146032,0.171713458579604,-6.0478424350115,1.4679841612787e-09,2.00106125651247e-08
"ENSG00000287420.1",0.552490954186585,-1.06651778429395,0.386611290725108,-2.75863072258868,0.0058044084814027,0.0153123675049408
"ENSG00000287427.1",1.14103550312587,-1.68961331413855,0.299925049966209,-5.63345180513903,1.76637897052258e-08,1.90603412306676e-07
"ENSG00000287430.1",4.21410124906536,-2.8715341165362,0.340840478320773,-8.42486235990353,3.61174565439121e-17,1.83734850535872e-15
"ENSG00000287439.1",51.8624056280279,1.10794870931893,0.222248686259812,4.98517551651001,6.19055903961566e-07,4.70283339068737e-06
"ENSG00000287442.1",1.65147062683198,-1.41610156054268,0.448353423517106,-3.15844930865941,0.00158610891066619,0.0049606334972615
"ENSG00000287448.1",304.217985932976,1.05051041540181,0.289613872151166,3.62727934127923,0.000286423369986585,0.00110676163103221
"ENSG00000287453.1",6.49736406122361,-2.32249501464713,0.634484088460051,-3.66044642708698,0.000251776193961554,0.000986950313052793
"ENSG00000287474.1",7.37644461523284,-3.39069284149706,0.794571145613511,-4.26732440539231,1.97831376589455e-05,0.000103087608748883
"ENSG00000287486.1",1.13628747791817,-1.11246619259328,0.28241287733876,-3.93914825370678,8.17713916975911e-05,0.000365596232974965
"ENSG00000287495.1",0.82968396367412,-1.40209776287975,0.32402693614625,-4.32710249201908,1.51083670305778e-05,8.11179370268536e-05
"ENSG00000287498.1",0.382939107630385,-1.59304144547972,0.423069284212101,-3.7654386761887,0.000166256926423674,0.000682466209977356
"ENSG00000287504.1",1.21897087885613,-1.77012948961242,0.418460106610035,-4.23010332801453,2.33583994684816e-05,0.000119691998361365
"ENSG00000287506.1",0.380155262240632,-1.26380398156821,0.425556018904187,-2.96977113570742,0.00298021687017052,0.00858812856254997
"ENSG00000287514.2",0.660306502810287,-2.12719120247602,0.469951380321233,-4.52640696793355,5.99949924405267e-06,3.57248419642004e-05
"ENSG00000287516.1",1.92561884076252,-1.26517499168353,0.247169254806672,-5.11865843781062,3.07716670832368e-07,2.5062356012414e-06
"ENSG00000287520.1",0.682982195663622,-1.59285779216709,0.693000762224572,-2.29849356450045,0.0215337137453774,0.0469462972453511
"ENSG00000287528.1",1.97692259729211,-3.10354545884358,0.370721652263031,-8.37163257095536,5.68253938456869e-17,2.78840261985176e-15
"ENSG00000287529.1",0.717226083144604,-1.26640248474195,0.443751057925758,-2.85385795058506,0.00431918392056794,0.0118342621205514
"ENSG00000287538.1",22.2503633455174,-2.13792128604599,0.406342197471773,-5.26138141533899,1.42977089951959e-07,1.2573876031704e-06
"ENSG00000287544.1",0.818836251831483,-1.18056172329228,0.357251445094988,-3.30456808363191,0.000951228687319472,0.00316862761099398
"ENSG00000287545.1",0.396179018060098,-1.00579351608289,0.437083500342812,-2.30114729861464,0.0213833065993233,0.0466869609624436
"ENSG00000287546.1",0.979512075581463,-1.17052062846434,0.245294115730501,-4.77190667610779,1.8249006264905e-06,1.23709867620613e-05
"ENSG00000287554.1",0.938349771115264,-1.92065331498117,0.352941862665871,-5.44184047897841,5.27328875655333e-08,5.11239625145486e-07
"ENSG00000287558.1",0.650182582301861,-2.27401149820145,0.591422453251923,-3.84498675303559,0.000120558951163307,0.000514073163870871
"ENSG00000287564.1",1.61864691853169,-1.35903030781499,0.233519471410042,-5.8197729705744,5.89276128638665e-09,7.08051299753692e-08
"ENSG00000287566.1",0.890561487914828,-1.44410484106015,0.364112761575986,-3.96609235778951,7.30605617453457e-05,0.000330958372453412
"ENSG00000287575.1",4.82645267323444,-1.05931252132233,0.18472659958746,-5.73448828532561,9.78071842899047e-09,1.12418755350028e-07
"ENSG00000287586.1",0.86016852834278,-1.75128959130242,0.490775457818925,-3.5684131376198,0.000359149880540723,0.00134902732354573
"ENSG00000287591.1",130.929758727806,1.84949141724999,0.313355297590995,5.90221844490413,3.58645850848495e-09,4.50333500089582e-08
"ENSG00000287592.1",17.5392744789652,-1.43566033985006,0.447332258764873,-3.20938253774512,0.00133020385472714,0.0042465575397626
"ENSG00000287593.1",5.06026021923332,-1.06246105484384,0.203563210955292,-5.21931762550743,1.79583552887995e-07,1.54435167083196e-06
"ENSG00000287597.1",0.737796502341509,-1.37200245309214,0.294468930127322,-4.65924351509315,3.17373572491405e-06,2.03277831086426e-05
"ENSG00000287627.1",187.436582855973,1.07905041859881,0.31703387961532,3.40358077789067,0.000665087444616237,0.00231782361002348
"ENSG00000287630.1",10.2920383467054,-1.64909105353414,0.487754936214043,-3.38098280733845,0.000722270619649752,0.00249271516286196
"ENSG00000287631.1",1.65832693061021,-1.04015268364246,0.195293335929688,-5.32610433782006,1.0034150662797e-07,9.14159074632113e-07
"ENSG00000287632.1",0.6632365848586,-1.02717675954665,0.33091248583925,-3.10407374608897,0.00190875747540687,0.00582465331812483
"ENSG00000287636.1",3.04829022509281,2.1359853105553,0.479048574924057,4.45880735767539,8.24169513266902e-06,4.73515804677896e-05
"ENSG00000287647.1",1.00435023459886,-1.49332944501053,0.403313513452822,-3.70265164741429,0.000213357749410339,0.000852077907273231
"ENSG00000287649.1",8.10035065907937,-1.66783240633778,0.30707437107033,-5.43136309462894,5.59252122333089e-08,5.39796486493447e-07
"ENSG00000287671.1",2.0285050092486,-1.07727040193534,0.294300892402781,-3.66043878813993,0.000251783700719377,0.000986950313052793
"ENSG00000287684.1",2.18471049851262,-1.19839593972774,0.250769709504636,-4.77887039106526,1.76282778684029e-06,1.20001550636978e-05
"ENSG00000287693.1",6.03801816855959,-1.10899998801522,0.299027278569053,-3.70869170639602,0.000208332898576613,0.00083451529078204
"ENSG00000287698.1",1.25278128558675,-1.8411587600869,0.290310664345032,-6.34202937133132,2.26758069867808e-10,3.64725963616324e-09
"ENSG00000287706.1",5.17544614010037,-1.51117105275315,0.336136921073094,-4.49570088263091,6.93411577359431e-06,4.06081048023287e-05
"ENSG00000287707.1",8.06944173409493,-1.07421639454374,0.172792153133646,-6.21681236712697,5.07355836143047e-10,7.65398303512789e-09
"ENSG00000287712.1",3.26151690949281,-1.04696742598799,0.24745507266933,-4.23093943758848,2.32717328741966e-05,0.000119306742533287
"ENSG00000287713.1",0.897849403262737,-1.59858973113771,0.2975755093823,-5.37204736524193,7.78476526924891e-08,7.28061237894967e-07
"ENSG00000287723.1",50.1186601585504,-1.04874530126061,0.347328933974186,-3.01945849791644,0.00253226984540182,0.00745264122040721
"ENSG00000287728.2",0.439399535871691,-1.66256915169298,0.621431717702327,-2.67538508951577,0.00746434567916809,0.019017540312486
"ENSG00000287731.1",1.51425043882489,-1.19294977004593,0.340282584244934,-3.50576204977698,0.000455302061786729,0.0016574638076535
"ENSG00000287736.1",4.31038132238298,-1.11416568907223,0.255627844114564,-4.3585458889717,1.30929471193946e-05,7.13103221302946e-05
"ENSG00000287749.1",0.435642293983429,-1.50190177983973,0.500550640441066,-3.00049916730964,0.00269537490691813,0.00787085164066671
"ENSG00000287750.1",3.7407510121405,-1.28583850195494,0.283551592019978,-4.53476029809891,5.76689412937145e-06,3.4481774702234e-05
"ENSG00000287767.1",0.443340130070999,-1.63166414491809,0.486960484112662,-3.35071160423068,0.000806041998468106,0.00274124192294668
"ENSG00000287773.1",0.420367538984443,-1.28626569731305,0.483644460912813,-2.65952740342647,0.00782503641209158,0.0197945321582076
"ENSG00000287785.1",3.49856098210117,-1.64429019259713,0.430903102174615,-3.81591634940427,0.00013567846696267,0.000570755915374744
"ENSG00000287786.1",0.638068013969386,-1.08203822550112,0.3168842263159,-3.41461687153353,0.000638717851432984,0.00223680412379994
"ENSG00000287789.1",1.93083294600378,-1.50866324051613,0.37870056927608,-3.98378920686621,6.78250398205903e-05,0.00030980814430414
"ENSG00000287792.1",3.12023854455884,-1.37378734876152,0.387022785497085,-3.54962911808165,0.000385774230937202,0.00143502627639953
"ENSG00000287796.1",0.904543668994968,-1.44304399086931,0.534118664133479,-2.70172919946622,0.00689799187524864,0.0177794938492455
"ENSG00000287805.1",0.921703550472135,-1.49579845242464,0.391641978703361,-3.81930062088056,0.000133830581867624,0.000563552851426768
"ENSG00000287806.1",2.09511368347831,-3.09733782467273,0.544304035151936,-5.69045537905694,1.26701019059923e-08,1.41885989574451e-07
"ENSG00000287820.1",10.0311435276891,1.21924689718633,0.243102624492823,5.01535884168262,5.2934576221203e-07,4.09390929829855e-06
"ENSG00000287824.1",26.4778395292527,1.06268581051779,0.206542694721339,5.14511448565893,2.67357711183261e-07,2.21353011796787e-06
"ENSG00000287827.1",0.342437488114892,-1.1626201520417,0.358370290088299,-3.24418676491078,0.00117786487622969,0.00381800187067995
"ENSG00000287828.1",7.50772875325417,-1.81718962118094,0.232749309102622,-7.80749738071069,5.83346882285774e-15,2.05466636623401e-13
"ENSG00000287832.1",2.21142873020784,-2.46309089791346,0.350904560406909,-7.01926157658727,2.23043870343939e-12,5.25518670024649e-11
"ENSG00000287840.1",0.321765287194712,-1.06918496629357,0.368334160210966,-2.90275809792171,0.00369892227459449,0.0103524988267135
"ENSG00000287844.1",0.469050284408494,-1.79102409253676,0.579413754083402,-3.09109695776908,0.00199418505322541,0.00604583260501527
"ENSG00000287845.1",0.384438602036281,-1.49284537703248,0.513304070488073,-2.90830613443805,0.00363392410455337,0.0102056323828264
"ENSG00000287846.1",0.825556944783297,2.06801279284502,0.499244646770832,4.14228335991413,3.43865127023656e-05,0.000168733440488279
"ENSG00000287848.1",0.399117173938896,-1.30855596453861,0.481058139492411,-2.72016177903014,0.00652499844303718,0.0169526777076647
"ENSG00000287858.1",1.35768323066094,-1.443200533669,0.240197805682653,-6.00838350528373,1.87382181536101e-09,2.49135579942529e-08
"ENSG00000287861.1",8.78518287317862,-3.12545369240406,0.536693159738312,-5.82353927135574,5.76142682315982e-09,6.94479181044572e-08
"ENSG00000287862.1",1.21173000108406,-1.61842081729579,0.432634943632976,-3.74084627493421,0.000183401675288535,0.000744752362319697
"ENSG00000287864.1",9.4217682750457,-1.48200684573892,0.424935686629523,-3.48760269464259,0.000487371716027777,0.00175895651802244
"ENSG00000287866.1",5.41736054383351,1.59871631999969,0.254016725046865,6.29374431823232,3.09898121653142e-10,4.85487588848395e-09
"ENSG00000287867.1",0.372555725950193,-1.71628284944613,0.630108143926048,-2.72379093333471,0.00645373457431519,0.0167885157650177
"ENSG00000287872.1",2.94615912245255,-1.0593941474511,0.226045679620839,-4.68663744968755,2.77730319949925e-06,1.80303460758494e-05
"ENSG00000287881.1",1.06610567319073,-1.0351070750862,0.411735426447103,-2.5140102322946,0.0119366970558675,0.0284126340436381
"ENSG00000287882.1",0.434420757136786,-1.85531221385002,0.514422553962716,-3.60659189523888,0.000310245018655582,0.00118674426182734
"ENSG00000287883.1",1.71762043774896,-1.65071091776738,0.270392602619197,-6.10486715160672,1.02886222341607e-09,1.44660256189509e-08
"ENSG00000287887.1",6.24063349668918,-1.14560222199296,0.323344807216172,-3.54297392884084,0.000395641813835161,0.00146713642635769
"ENSG00000287900.1",0.810299664913276,-2.38084131008562,0.505533055302251,-4.70956604145727,2.48244769796291e-06,1.62609127222591e-05
"ENSG00000287901.1",2.14390713172307,-1.13465556885643,0.229448855863537,-4.94513500442668,7.60911127830678e-07,5.64631106854109e-06
"ENSG00000287905.1",16.918125769004,-1.12100465623246,0.421423782821486,-2.6600412741948,0.00781310762979682,0.0197703731695352
"ENSG00000287908.1",0.813658891496768,-1.54587294782635,0.308055063583282,-5.01817087453402,5.21657690465932e-07,4.04046532447728e-06
"ENSG00000287923.1",2.185276134906,-3.1767247294482,0.473601843417855,-6.70758522923526,1.97871394499788e-11,3.89896412011185e-10
"ENSG00000287926.1",0.749885143234339,-1.23459212942296,0.303265634224774,-4.07099252303646,4.68132522015954e-05,0.000222309459323893
"ENSG00000287928.1",0.350797467041708,-1.00271220489715,0.417224178420556,-2.40329361709818,0.0162481356067663,0.0369625075034713
"ENSG00000287937.1",1.12408560655487,-1.46576008985658,0.286975471048149,-5.10761454455686,3.26251325836256e-07,2.64269296519323e-06
"ENSG00000287944.1",2.55105371904909,-2.1197366229491,0.521749521729684,-4.06274761100275,4.84984587824635e-05,0.000229630091583134
"ENSG00000287949.1",0.324170673473895,-1.11544283328352,0.48499439301479,-2.29990871925298,0.0214533920125738,0.0468031010879529
"ENSG00000287951.1",1.43568307722113,-1.218202553956,0.466035511966924,-2.61396937073426,0.00894970593591037,0.0221990736517252
"ENSG00000287958.1",1.40702820132152,-1.51466596288848,0.342274651597863,-4.42529400239682,9.63110240103973e-06,5.43352623852333e-05
"ENSG00000287962.1",0.901365355104947,1.39993605776404,0.537673508381506,2.6036917124262,0.00922256721353266,0.022786133547072
"ENSG00000287969.1",0.522977213305052,-1.54307377306432,0.369537213783858,-4.17569250269572,2.97080901346827e-05,0.000148066631751731
"ENSG00000287971.1",0.762896768993281,-1.73697685342972,0.396139420398947,-4.38476143495246,1.16112958225741e-05,6.4165493548441e-05
"ENSG00000287975.1",4.74140823208082,-1.48166555284378,0.205560876655602,-7.20791610227549,5.68146150667392e-13,1.47767774180464e-11
"ENSG00000287979.1",2.26854031487962,-1.05822458070164,0.263352410634187,-4.01828325077145,5.86237005447551e-05,0.000271659966779029
"ENSG00000287986.1",0.541579700766345,-1.21267136671203,0.314502015445389,-3.85584609050812,0.00011533003587761,0.00049412861504665
"ENSG00000287988.1",0.811666694484964,-2.75216689019872,0.524937506717268,-5.24284672933657,1.58117880807478e-07,1.37483166571556e-06
"ENSG00000287989.1",0.879135918692051,-2.3056133762688,0.466873707779483,-4.93840911974809,7.87624686770013e-07,5.81321618392855e-06
"ENSG00000287996.1",2.95146079327184,-2.12476637936579,0.456921591419594,-4.65017722792312,3.31649909290111e-06,2.11146024160318e-05
"ENSG00000287998.1",18.5904601957622,-1.81375061746511,0.277805945188198,-6.52884018099898,6.62809280614783e-11,1.18078351139784e-09
"ENSG00000288001.1",0.555501258739649,-1.80225035105983,0.466130906919634,-3.86640388849082,0.000110451963381461,0.000475759612608589
"ENSG00000288004.1",1.28657702176908,-2.52424836683471,0.994776780565165,-2.53750229815437,0.0111646635081026,0.0268409153588478
"ENSG00000288011.1",1.19773556940636,-1.2092166622293,0.386542655161208,-3.12828777389392,0.00175827937339488,0.00542275650297241
"ENSG00000288013.1",0.578851297616429,-1.4196802742206,0.370823261875814,-3.82845527823451,0.000128950056080247,0.000545044465657197
"ENSG00000288016.1",5.63851569283823,-1.6502976135239,0.467587728695372,-3.52938606436152,0.000416525014089367,0.0015345813877832
"ENSG00000288022.1",1.06382748679292,-1.12362328627887,0.242545143074838,-4.63263569014109,3.61039547488366e-06,2.2777057791001e-05
"ENSG00000288029.1",1.82567839043254,-1.84259304467251,0.372434508855368,-4.94742834206072,7.52003736749373e-07,5.58719687285975e-06
"ENSG00000288039.1",1.32283150614934,-1.73845010440372,0.295526779270812,-5.88254678203173,4.04001092806665e-09,5.01526087790639e-08
"ENSG00000288043.1",0.794915466874671,-1.17163237310189,0.261610555380094,-4.47853631670032,7.51565856431935e-06,4.36569952830526e-05
"ENSG00000288046.1",20.4240582791364,-1.60287928769874,0.229195567091979,-6.99350038936611,2.68111118142722e-12,6.22527055432838e-11
"ENSG00000288048.1",4.17951853066302,-2.25410222964697,0.330557071948113,-6.81910151358308,9.16116517981079e-12,1.91913481453274e-10
"ENSG00000288051.1",0.582182805531478,1.13198830356606,0.404302089724762,2.79985766172193,0.00511251445343675,0.0137158743683022
"ENSG00000288054.1",0.436428471682738,-1.00733350343774,0.390964489965486,-2.57653451730787,0.00997962409434583,0.0243625924586902
"ENSG00000288055.1",0.697802277790662,-1.30578671746281,0.404033354912527,-3.23187851098459,0.00122979329466032,0.00396552178730728
"ENSG00000288059.1",1.10412606352106,-1.0213712382573,0.275496115749427,-3.7073888881478,0.000209407245760342,0.000838072599739176
"ENSG00000288060.1",1.09627438460499,-1.51941065400868,0.362232663770414,-4.19457107537848,2.73388419684002e-05,0.000137561374078771
"ENSG00000288062.1",4.07368757057238,-1.00340972069825,0.238010259540779,-4.21582549691027,2.48866150247815e-05,0.000126663910563308
"ENSG00000288073.1",0.618705252865163,-1.2391506085863,0.321360612740945,-3.85595047886344,0.000115280825414198,0.000493999553135879
"ENSG00000288074.1",23.1848178331165,1.25438591900174,0.263204928685799,4.7658147028818,1.88092062413347e-06,1.27092867794237e-05
"ENSG00000288082.1",0.527767293700488,-1.01813065082247,0.313212499561123,-3.25060670391216,0.0011515904478817,0.00374480887214295
"ENSG00000288086.1",0.945129310556263,-2.19728127665876,0.41210997088912,-5.33178382439564,9.72526705217252e-08,8.8815985326828e-07
"ENSG00000288096.1",10.5382575057676,-1.13224893193633,0.16304620061177,-6.94434416556771,3.80222525148977e-12,8.57450276193259e-11
"ENSG00000288098.1",3.48565723223914,-2.63742949684999,0.543130852794711,-4.85597436286108,1.19796201415488e-06,8.46475641487675e-06
"ENSG00000288101.1",1.13565679315633,-2.32165993270941,1.00187732825922,-2.31730958194586,0.0204868737161905,0.0450277866415817
"ENSG00000288106.1",7.91785999151035,-1.15506052776958,0.215785898942727,-5.35280819288449,8.65996314035381e-08,8.00723888852914e-07
"ENSG00000288107.1",3.59416149159582,-1.05078604660954,0.313817907783559,-3.34839415006956,0.000812813231578012,0.00276088129542704
"ENSG00000288153.1",0.355283329498856,-1.26443557845357,0.373120485393974,-3.38881307232023,0.00070195845476766,0.00243305790151392
"ENSG00000288271.1",0.482974855117486,-1.68085344833851,0.473206159202767,-3.55205319214425,0.000382237580992636,0.00142378189112887
"ENSG00000288302.1",1.90019432970412,-1.56265146859057,0.24943047523059,-6.26487788689795,3.73117681938165e-10,5.76334117884698e-09
"ENSG00000288321.1",11.6952174240318,-2.47594576746129,0.510852848120104,-4.84669073799347,1.25537890087603e-06,8.80757222792194e-06
"ENSG00000288523.1",0.711344824766479,-1.82125577864896,0.508875939743332,-3.57897797165959,0.000344940538286619,0.0013016541358515
"ENSG00000288528.1",1.25325228497856,-1.30289862170468,0.27847826663664,-4.67863663990954,2.88788692529217e-06,1.86695219146046e-05
"ENSG00000288530.1",0.598902690139171,-1.79287045945511,0.428100902538386,-4.18796234444833,2.81470202497925e-05,0.000141132399037504
"ENSG00000288531.1",4.88651865914675,1.18526943120467,0.259415014797183,4.5690085908533,4.90036698604841e-06,2.98503667996693e-05
"ENSG00000288536.1",0.352447765227192,-1.37461522430551,0.60050019537396,-2.28911703092698,0.0220725535430228,0.0479049331778127
"ENSG00000288543.1",4.5690495679868,-1.50605900128976,0.273844896227876,-5.49967891326527,3.80483465762323e-08,3.82249306357594e-07
"ENSG00000288545.1",1.19541898335586,-1.37894645256826,0.314526603393627,-4.38419655981382,1.16414625882027e-05,6.43065481247846e-05
"ENSG00000288551.1",0.991854919316158,-1.1314671822551,0.240882339555429,-4.69717781861188,2.63780797039076e-06,1.71972666455499e-05
"ENSG00000288555.1",1.27077454062347,-1.16238753351464,0.400587102976264,-2.90170982759651,0.00371132138558146,0.0103844041623493
"ENSG00000288560.1",0.742869191513835,-1.44420235388218,0.431088894352954,-3.35012655811945,0.000807746453533969,0.0027465890617507
"ENSG00000288562.1",0.289676105450217,-1.0969864560079,0.370802370513658,-2.9584127374598,0.00309227779315712,0.00887577690878427
"ENSG00000288569.1",0.428457029505954,-1.09769107852717,0.398176530316572,-2.75679502670449,0.00583709289586363,0.0153827439564951
"ENSG00000288575.1",4.58430764926867,1.10637880682116,0.35652904922215,3.10319400126015,0.00191444098661958,0.00583942435680927
"ENSG00000288579.1",1.46229039865965,-1.41768722523067,0.303223647748507,-4.67538477212206,2.93402983742019e-06,1.89528322315624e-05
"ENSG00000288580.1",0.440115775803662,-1.20482153315958,0.363969262136799,-3.31022879813061,0.000932197385388762,0.00311121719517608
"ENSG00000288584.1",1.91853153770506,-1.52077541060487,0.333562082752538,-4.55919749048067,5.13494656673266e-06,3.11378245121889e-05
"ENSG00000288600.1",3.92761867978856,-1.38211541936786,0.285652737048111,-4.83844626748693,1.30858061782152e-06,9.13763905206619e-06
"ENSG00000288610.1",1.26090246014492,-1.48275846915807,0.304441303347704,-4.87042478419757,1.11358586262516e-06,7.93057841371264e-06
"ENSG00000288611.1",10.2617924521898,-2.04257942458268,0.28967212459664,-7.0513496161459,1.77190661370691e-12,4.23728323814077e-11
"ENSG00000288657.1",0.606467533704564,-2.00035012665282,0.672618206385114,-2.97397558921785,0.00293968460300819,0.00848348642342913
